date,ev_cumulative,ev_daily_new
2013-01-31,20,0
2013-02-01,20,0
2013-02-02,21,1
2013-02-03,21,0
2013-02-04,21,0
2013-02-05,22,1
2013-02-06,22,0
2013-02-07,22,0
2013-02-08,23,1
2013-02-09,23,0
2013-02-10,24,1
2013-02-11,24,0
2013-02-12,24,0
2013-02-13,25,1
2013-02-14,25,0
2013-02-15,25,0
2013-02-16,26,1
2013-02-17,26,0
2013-02-18,26,0
2013-02-19,27,1
2013-02-20,27,0
2013-02-21,28,1
2013-02-22,28,0
2013-02-23,28,0
2013-02-24,29,1
2013-02-25,29,0
2013-02-26,29,0
2013-02-27,30,1
2013-02-28,30,0
2013-03-01,30,0
2013-03-02,31,1
2013-03-03,31,0
2013-03-04,31,0
2013-03-05,32,1
2013-03-06,32,0
2013-03-07,32,0
2013-03-08,33,1
2013-03-09,33,0
2013-03-10,33,0
2013-03-11,34,1
2013-03-12,34,0
2013-03-13,34,0
2013-03-14,35,1
2013-03-15,35,0
2013-03-16,35,0
2013-03-17,35,0
2013-03-18,36,1
2013-03-19,36,0
2013-03-20,36,0
2013-03-21,37,1
2013-03-22,37,0
2013-03-23,37,0
2013-03-24,38,1
2013-03-25,38,0
2013-03-26,38,0
2013-03-27,39,1
2013-03-28,39,0
2013-03-29,39,0
2013-03-30,40,1
2013-03-31,40,0
2013-04-01,40,0
2013-04-02,41,1
2013-04-03,41,0
2013-04-04,41,0
2013-04-05,42,1
2013-04-06,42,0
2013-04-07,42,0
2013-04-08,43,1
2013-04-09,43,0
2013-04-10,43,0
2013-04-11,44,1
2013-04-12,44,0
2013-04-13,44,0
2013-04-14,45,1
2013-04-15,45,0
2013-04-16,45,0
2013-04-17,46,1
2013-04-18,46,0
2013-04-19,46,0
2013-04-20,47,1
2013-04-21,47,0
2013-04-22,47,0
2013-04-23,48,1
2013-04-24,48,0
2013-04-25,48,0
2013-04-26,49,1
2013-04-27,49,0
2013-04-28,49,0
2013-04-29,50,1
2013-04-30,50,0
2013-05-01,50,0
2013-05-02,51,1
2013-05-03,51,0
2013-05-04,52,1
2013-05-05,52,0
2013-05-06,53,1
2013-05-07,53,0
2013-05-08,54,1
2013-05-09,54,0
2013-05-10,55,1
2013-05-11,55,0
2013-05-12,56,1
2013-05-13,56,0
2013-05-14,57,1
2013-05-15,57,0
2013-05-16,58,1
2013-05-17,58,0
2013-05-18,59,1
2013-05-19,59,0
2013-05-20,60,1
2013-05-21,60,0
2013-05-22,61,1
2013-05-23,61,0
2013-05-24,62,1
2013-05-25,62,0
2013-05-26,63,1
2013-05-27,63,0
2013-05-28,64,1
2013-05-29,64,0
2013-05-30,65,1
2013-05-31,65,0
2013-06-01,66,1
2013-06-02,66,0
2013-06-03,66,0
2013-06-04,67,1
2013-06-05,68,1
2013-06-06,68,0
2013-06-07,68,0
2013-06-08,69,1
2013-06-09,70,1
2013-06-10,70,0
2013-06-11,70,0
2013-06-12,71,1
2013-06-13,72,1
2013-06-14,72,0
2013-06-15,72,0
2013-06-16,73,1
2013-06-17,74,1
2013-06-18,74,0
2013-06-19,74,0
2013-06-20,75,1
2013-06-21,76,1
2013-06-22,76,0
2013-06-23,76,0
2013-06-24,77,1
2013-06-25,78,1
2013-06-26,78,0
2013-06-27,78,0
2013-06-28,79,1
2013-06-29,80,1
2013-06-30,80,0
2013-07-01,80,0
2013-07-02,81,1
2013-07-03,81,0
2013-07-04,82,1
2013-07-05,82,0
2013-07-06,83,1
2013-07-07,83,0
2013-07-08,84,1
2013-07-09,84,0
2013-07-10,85,1
2013-07-11,85,0
2013-07-12,86,1
2013-07-13,86,0
2013-07-14,87,1
2013-07-15,87,0
2013-07-16,88,1
2013-07-17,88,0
2013-07-18,89,1
2013-07-19,89,0
2013-07-20,90,1
2013-07-21,90,0
2013-07-22,91,1
2013-07-23,91,0
2013-07-24,92,1
2013-07-25,92,0
2013-07-26,93,1
2013-07-27,93,0
2013-07-28,94,1
2013-07-29,94,0
2013-07-30,95,1
2013-07-31,95,0
2013-08-01,95,0
2013-08-02,96,1
2013-08-03,96,0
2013-08-04,97,1
2013-08-05,97,0
2013-08-06,98,1
2013-08-07,98,0
2013-08-08,99,1
2013-08-09,99,0
2013-08-10,100,1
2013-08-11,100,0
2013-08-12,101,1
2013-08-13,101,0
2013-08-14,102,1
2013-08-15,102,0
2013-08-16,103,1
2013-08-17,103,0
2013-08-18,104,1
2013-08-19,104,0
2013-08-20,105,1
2013-08-21,105,0
2013-08-22,106,1
2013-08-23,106,0
2013-08-24,107,1
2013-08-25,107,0
2013-08-26,108,1
2013-08-27,108,0
2013-08-28,109,1
2013-08-29,109,0
2013-08-30,110,1
2013-08-31,110,0
2013-09-01,110,0
2013-09-02,111,1
2013-09-03,112,1
2013-09-04,112,0
2013-09-05,112,0
2013-09-06,113,1
2013-09-07,114,1
2013-09-08,114,0
2013-09-09,114,0
2013-09-10,115,1
2013-09-11,116,1
2013-09-12,116,0
2013-09-13,116,0
2013-09-14,117,1
2013-09-15,118,1
2013-09-16,118,0
2013-09-17,118,0
2013-09-18,119,1
2013-09-19,120,1
2013-09-20,120,0
2013-09-21,120,0
2013-09-22,121,1
2013-09-23,122,1
2013-09-24,122,0
2013-09-25,122,0
2013-09-26,123,1
2013-09-27,124,1
2013-09-28,124,0
2013-09-29,124,0
2013-09-30,125,1
2013-10-01,125,0
2013-10-02,126,1
2013-10-03,126,0
2013-10-04,126,0
2013-10-05,127,1
2013-10-06,127,0
2013-10-07,127,0
2013-10-08,128,1
2013-10-09,128,0
2013-10-10,128,0
2013-10-11,129,1
2013-10-12,129,0
2013-10-13,129,0
2013-10-14,130,1
2013-10-15,130,0
2013-10-16,130,0
2013-10-17,130,0
2013-10-18,131,1
2013-10-19,131,0
2013-10-20,131,0
2013-10-21,132,1
2013-10-22,132,0
2013-10-23,132,0
2013-10-24,133,1
2013-10-25,133,0
2013-10-26,133,0
2013-10-27,134,1
2013-10-28,134,0
2013-10-29,134,0
2013-10-30,135,1
2013-10-31,135,0
2013-11-01,135,0
2013-11-02,136,1
2013-11-03,136,0
2013-11-04,136,0
2013-11-05,137,1
2013-11-06,137,0
2013-11-07,137,0
2013-11-08,138,1
2013-11-09,138,0
2013-11-10,138,0
2013-11-11,139,1
2013-11-12,139,0
2013-11-13,139,0
2013-11-14,140,1
2013-11-15,140,0
2013-11-16,140,0
2013-11-17,141,1
2013-11-18,141,0
2013-11-19,141,0
2013-11-20,142,1
2013-11-21,142,0
2013-11-22,142,0
2013-11-23,143,1
2013-11-24,143,0
2013-11-25,143,0
2013-11-26,144,1
2013-11-27,144,0
2013-11-28,144,0
2013-11-29,145,1
2013-11-30,145,0
2013-12-01,145,0
2013-12-02,146,1
2013-12-03,146,0
2013-12-04,147,1
2013-12-05,147,0
2013-12-06,148,1
2013-12-07,148,0
2013-12-08,149,1
2013-12-09,149,0
2013-12-10,150,1
2013-12-11,150,0
2013-12-12,151,1
2013-12-13,151,0
2013-12-14,152,1
2013-12-15,152,0
2013-12-16,153,1
2013-12-17,153,0
2013-12-18,154,1
2013-12-19,154,0
2013-12-20,155,1
2013-12-21,155,0
2013-12-22,156,1
2013-12-23,156,0
2013-12-24,157,1
2013-12-25,157,0
2013-12-26,158,1
2013-12-27,158,0
2013-12-28,159,1
2013-12-29,159,0
2013-12-30,160,1
2013-12-31,160,0
2014-01-01,161,1
2014-01-02,161,0
2014-01-03,162,1
2014-01-04,163,1
2014-01-05,163,0
2014-01-06,164,1
2014-01-07,165,1
2014-01-08,165,0
2014-01-09,166,1
2014-01-10,166,0
2014-01-11,167,1
2014-01-12,168,1
2014-01-13,168,0
2014-01-14,169,1
2014-01-15,170,1
2014-01-16,170,0
2014-01-17,171,1
2014-01-18,172,1
2014-01-19,172,0
2014-01-20,173,1
2014-01-21,174,1
2014-01-22,174,0
2014-01-23,175,1
2014-01-24,175,0
2014-01-25,176,1
2014-01-26,177,1
2014-01-27,177,0
2014-01-28,178,1
2014-01-29,179,1
2014-01-30,179,0
2014-01-31,180,1
2014-02-01,181,1
2014-02-02,182,1
2014-02-03,183,1
2014-02-04,184,1
2014-02-05,185,1
2014-02-06,186,1
2014-02-07,188,2
2014-02-08,189,1
2014-02-09,190,1
2014-02-10,191,1
2014-02-11,192,1
2014-02-12,193,1
2014-02-13,194,1
2014-02-14,195,1
2014-02-15,196,1
2014-02-16,197,1
2014-02-17,198,1
2014-02-18,199,1
2014-02-19,200,1
2014-02-20,201,1
2014-02-21,202,1
2014-02-22,204,2
2014-02-23,205,1
2014-02-24,206,1
2014-02-25,207,1
2014-02-26,208,1
2014-02-27,209,1
2014-02-28,210,1
2014-03-01,211,1
2014-03-02,212,1
2014-03-03,213,1
2014-03-04,214,1
2014-03-05,215,1
2014-03-06,216,1
2014-03-07,217,1
2014-03-08,218,1
2014-03-09,219,1
2014-03-10,220,1
2014-03-11,221,1
2014-03-12,222,1
2014-03-13,223,1
2014-03-14,224,1
2014-03-15,225,1
2014-03-16,225,0
2014-03-17,226,1
2014-03-18,227,1
2014-03-19,228,1
2014-03-20,229,1
2014-03-21,230,1
2014-03-22,231,1
2014-03-23,232,1
2014-03-24,233,1
2014-03-25,234,1
2014-03-26,235,1
2014-03-27,236,1
2014-03-28,237,1
2014-03-29,238,1
2014-03-30,239,1
2014-03-31,240,1
2014-04-01,241,1
2014-04-02,242,1
2014-04-03,243,1
2014-04-04,244,1
2014-04-05,245,1
2014-04-06,246,1
2014-04-07,247,1
2014-04-08,248,1
2014-04-09,249,1
2014-04-10,250,1
2014-04-11,251,1
2014-04-12,252,1
2014-04-13,253,1
2014-04-14,254,1
2014-04-15,255,1
2014-04-16,256,1
2014-04-17,257,1
2014-04-18,258,1
2014-04-19,259,1
2014-04-20,260,1
2014-04-21,261,1
2014-04-22,262,1
2014-04-23,263,1
2014-04-24,264,1
2014-04-25,265,1
2014-04-26,266,1
2014-04-27,267,1
2014-04-28,268,1
2014-04-29,269,1
2014-04-30,270,1
2014-05-01,271,1
2014-05-02,272,1
2014-05-03,273,1
2014-05-04,274,1
2014-05-05,275,1
2014-05-06,276,1
2014-05-07,277,1
2014-05-08,278,1
2014-05-09,279,1
2014-05-10,280,1
2014-05-11,281,1
2014-05-12,282,1
2014-05-13,283,1
2014-05-14,284,1
2014-05-15,285,1
2014-05-16,285,0
2014-05-17,286,1
2014-05-18,287,1
2014-05-19,288,1
2014-05-20,289,1
2014-05-21,290,1
2014-05-22,291,1
2014-05-23,292,1
2014-05-24,293,1
2014-05-25,294,1
2014-05-26,295,1
2014-05-27,296,1
2014-05-28,297,1
2014-05-29,298,1
2014-05-30,299,1
2014-05-31,300,1
2014-06-01,301,1
2014-06-02,302,1
2014-06-03,303,1
2014-06-04,304,1
2014-06-05,305,1
2014-06-06,306,1
2014-06-07,307,1
2014-06-08,308,1
2014-06-09,309,1
2014-06-10,310,1
2014-06-11,311,1
2014-06-12,312,1
2014-06-13,313,1
2014-06-14,314,1
2014-06-15,315,1
2014-06-16,316,1
2014-06-17,317,1
2014-06-18,318,1
2014-06-19,319,1
2014-06-20,320,1
2014-06-21,321,1
2014-06-22,322,1
2014-06-23,323,1
2014-06-24,324,1
2014-06-25,325,1
2014-06-26,326,1
2014-06-27,327,1
2014-06-28,328,1
2014-06-29,329,1
2014-06-30,330,1
2014-07-01,331,1
2014-07-02,332,1
2014-07-03,333,1
2014-07-04,334,1
2014-07-05,335,1
2014-07-06,336,1
2014-07-07,337,1
2014-07-08,338,1
2014-07-09,339,1
2014-07-10,340,1
2014-07-11,341,1
2014-07-12,342,1
2014-07-13,343,1
2014-07-14,344,1
2014-07-15,345,1
2014-07-16,345,0
2014-07-17,346,1
2014-07-18,347,1
2014-07-19,348,1
2014-07-20,349,1
2014-07-21,350,1
2014-07-22,351,1
2014-07-23,352,1
2014-07-24,353,1
2014-07-25,354,1
2014-07-26,355,1
2014-07-27,356,1
2014-07-28,357,1
2014-07-29,358,1
2014-07-30,359,1
2014-07-31,360,1
2014-08-01,361,1
2014-08-02,362,1
2014-08-03,362,0
2014-08-04,363,1
2014-08-05,364,1
2014-08-06,365,1
2014-08-07,366,1
2014-08-08,366,0
2014-08-09,367,1
2014-08-10,368,1
2014-08-11,369,1
2014-08-12,370,1
2014-08-13,370,0
2014-08-14,371,1
2014-08-15,372,1
2014-08-16,373,1
2014-08-17,374,1
2014-08-18,375,1
2014-08-19,375,0
2014-08-20,376,1
2014-08-21,377,1
2014-08-22,378,1
2014-08-23,379,1
2014-08-24,379,0
2014-08-25,380,1
2014-08-26,381,1
2014-08-27,382,1
2014-08-28,383,1
2014-08-29,383,0
2014-08-30,384,1
2014-08-31,385,1
2014-09-01,386,1
2014-09-02,386,0
2014-09-03,387,1
2014-09-04,388,1
2014-09-05,388,0
2014-09-06,389,1
2014-09-07,390,1
2014-09-08,390,0
2014-09-09,391,1
2014-09-10,392,1
2014-09-11,392,0
2014-09-12,393,1
2014-09-13,394,1
2014-09-14,394,0
2014-09-15,395,1
2014-09-16,396,1
2014-09-17,396,0
2014-09-18,397,1
2014-09-19,398,1
2014-09-20,398,0
2014-09-21,399,1
2014-09-22,400,1
2014-09-23,400,0
2014-09-24,401,1
2014-09-25,402,1
2014-09-26,402,0
2014-09-27,403,1
2014-09-28,404,1
2014-09-29,404,0
2014-09-30,405,1
2014-10-01,405,0
2014-10-02,406,1
2014-10-03,406,0
2014-10-04,407,1
2014-10-05,407,0
2014-10-06,408,1
2014-10-07,408,0
2014-10-08,409,1
2014-10-09,409,0
2014-10-10,410,1
2014-10-11,410,0
2014-10-12,411,1
2014-10-13,411,0
2014-10-14,412,1
2014-10-15,412,0
2014-10-16,413,1
2014-10-17,413,0
2014-10-18,414,1
2014-10-19,414,0
2014-10-20,415,1
2014-10-21,415,0
2014-10-22,416,1
2014-10-23,416,0
2014-10-24,417,1
2014-10-25,417,0
2014-10-26,418,1
2014-10-27,418,0
2014-10-28,419,1
2014-10-29,419,0
2014-10-30,420,1
2014-10-31,420,0
2014-11-01,420,0
2014-11-02,421,1
2014-11-03,422,1
2014-11-04,422,0
2014-11-05,422,0
2014-11-06,423,1
2014-11-07,424,1
2014-11-08,424,0
2014-11-09,424,0
2014-11-10,425,1
2014-11-11,426,1
2014-11-12,426,0
2014-11-13,426,0
2014-11-14,427,1
2014-11-15,428,1
2014-11-16,428,0
2014-11-17,428,0
2014-11-18,429,1
2014-11-19,430,1
2014-11-20,430,0
2014-11-21,430,0
2014-11-22,431,1
2014-11-23,432,1
2014-11-24,432,0
2014-11-25,432,0
2014-11-26,433,1
2014-11-27,434,1
2014-11-28,434,0
2014-11-29,434,0
2014-11-30,435,1
2014-12-01,436,1
2014-12-02,436,0
2014-12-03,437,1
2014-12-04,437,0
2014-12-05,438,1
2014-12-06,438,0
2014-12-07,439,1
2014-12-08,439,0
2014-12-09,440,1
2014-12-10,440,0
2014-12-11,441,1
2014-12-12,441,0
2014-12-13,442,1
2014-12-14,442,0
2014-12-15,443,1
2014-12-16,443,0
2014-12-17,444,1
2014-12-18,444,0
2014-12-19,445,1
2014-12-20,445,0
2014-12-21,446,1
2014-12-22,446,0
2014-12-23,447,1
2014-12-24,447,0
2014-12-25,448,1
2014-12-26,448,0
2014-12-27,449,1
2014-12-28,449,0
2014-12-29,450,1
2014-12-30,450,0
2014-12-31,451,1
2015-01-01,453,2
2015-01-02,455,2
2015-01-03,458,3
2015-01-04,460,2
2015-01-05,462,2
2015-01-06,464,2
2015-01-07,467,3
2015-01-08,469,2
2015-01-09,471,2
2015-01-10,473,2
2015-01-11,475,2
2015-01-12,478,3
2015-01-13,480,2
2015-01-14,482,2
2015-01-15,484,2
2015-01-16,487,3
2015-01-17,489,2
2015-01-18,491,2
2015-01-19,493,2
2015-01-20,496,3
2015-01-21,498,2
2015-01-22,500,2
2015-01-23,502,2
2015-01-24,504,2
2015-01-25,507,3
2015-01-26,509,2
2015-01-27,511,2
2015-01-28,513,2
2015-01-29,516,3
2015-01-30,518,2
2015-01-31,520,2
2015-02-01,523,3
2015-02-02,526,3
2015-02-03,529,3
2015-02-04,531,2
2015-02-05,534,3
2015-02-06,537,3
2015-02-07,540,3
2015-02-08,543,3
2015-02-09,546,3
2015-02-10,549,3
2015-02-11,551,2
2015-02-12,554,3
2015-02-13,557,3
2015-02-14,560,3
2015-02-15,563,3
2015-02-16,566,3
2015-02-17,569,3
2015-02-18,571,2
2015-02-19,574,3
2015-02-20,577,3
2015-02-21,580,3
2015-02-22,583,3
2015-02-23,586,3
2015-02-24,589,3
2015-02-25,591,2
2015-02-26,594,3
2015-02-27,597,3
2015-02-28,600,3
2015-03-01,603,3
2015-03-02,606,3
2015-03-03,610,4
2015-03-04,613,3
2015-03-05,616,3
2015-03-06,619,3
2015-03-07,623,4
2015-03-08,626,3
2015-03-09,629,3
2015-03-10,632,3
2015-03-11,635,3
2015-03-12,639,4
2015-03-13,642,3
2015-03-14,645,3
2015-03-15,648,3
2015-03-16,652,4
2015-03-17,655,3
2015-03-18,658,3
2015-03-19,661,3
2015-03-20,665,4
2015-03-21,668,3
2015-03-22,671,3
2015-03-23,674,3
2015-03-24,677,3
2015-03-25,681,4
2015-03-26,684,3
2015-03-27,687,3
2015-03-28,690,3
2015-03-29,694,4
2015-03-30,697,3
2015-03-31,700,3
2015-04-01,704,4
2015-04-02,708,4
2015-04-03,712,4
2015-04-04,716,4
2015-04-05,720,4
2015-04-06,724,4
2015-04-07,728,4
2015-04-08,732,4
2015-04-09,736,4
2015-04-10,740,4
2015-04-11,744,4
2015-04-12,748,4
2015-04-13,752,4
2015-04-14,756,4
2015-04-15,760,4
2015-04-16,764,4
2015-04-17,768,4
2015-04-18,772,4
2015-04-19,776,4
2015-04-20,780,4
2015-04-21,784,4
2015-04-22,788,4
2015-04-23,792,4
2015-04-24,796,4
2015-04-25,800,4
2015-04-26,804,4
2015-04-27,808,4
2015-04-28,812,4
2015-04-29,816,4
2015-04-30,820,4
2015-05-01,824,4
2015-05-02,828,4
2015-05-03,833,5
2015-05-04,837,4
2015-05-05,841,4
2015-05-06,845,4
2015-05-07,849,4
2015-05-08,854,5
2015-05-09,858,4
2015-05-10,862,4
2015-05-11,866,4
2015-05-12,870,4
2015-05-13,875,5
2015-05-14,879,4
2015-05-15,883,4
2015-05-16,887,4
2015-05-17,891,4
2015-05-18,895,4
2015-05-19,900,5
2015-05-20,904,4
2015-05-21,908,4
2015-05-22,912,4
2015-05-23,916,4
2015-05-24,921,5
2015-05-25,925,4
2015-05-26,929,4
2015-05-27,933,4
2015-05-28,937,4
2015-05-29,942,5
2015-05-30,946,4
2015-05-31,950,4
2015-06-01,953,3
2015-06-02,957,4
2015-06-03,960,3
2015-06-04,963,3
2015-06-05,967,4
2015-06-06,970,3
2015-06-07,973,3
2015-06-08,977,4
2015-06-09,980,3
2015-06-10,983,3
2015-06-11,987,4
2015-06-12,990,3
2015-06-13,993,3
2015-06-14,997,4
2015-06-15,1000,3
2015-06-16,1003,3
2015-06-17,1007,4
2015-06-18,1010,3
2015-06-19,1013,3
2015-06-20,1017,4
2015-06-21,1020,3
2015-06-22,1023,3
2015-06-23,1027,4
2015-06-24,1030,3
2015-06-25,1033,3
2015-06-26,1037,4
2015-06-27,1040,3
2015-06-28,1043,3
2015-06-29,1047,4
2015-06-30,1050,3
2015-07-01,1053,3
2015-07-02,1056,3
2015-07-03,1060,4
2015-07-04,1063,3
2015-07-05,1066,3
2015-07-06,1069,3
2015-07-07,1073,4
2015-07-08,1076,3
2015-07-09,1079,3
2015-07-10,1082,3
2015-07-11,1085,3
2015-07-12,1089,4
2015-07-13,1092,3
2015-07-14,1095,3
2015-07-15,1098,3
2015-07-16,1102,4
2015-07-17,1105,3
2015-07-18,1108,3
2015-07-19,1111,3
2015-07-20,1115,4
2015-07-21,1118,3
2015-07-22,1121,3
2015-07-23,1124,3
2015-07-24,1127,3
2015-07-25,1131,4
2015-07-26,1134,3
2015-07-27,1137,3
2015-07-28,1140,3
2015-07-29,1144,4
2015-07-30,1147,3
2015-07-31,1150,3
2015-08-01,1152,2
2015-08-02,1155,3
2015-08-03,1157,2
2015-08-04,1159,2
2015-08-05,1161,2
2015-08-06,1164,3
2015-08-07,1166,2
2015-08-08,1168,2
2015-08-09,1170,2
2015-08-10,1173,3
2015-08-11,1175,2
2015-08-12,1177,2
2015-08-13,1179,2
2015-08-14,1182,3
2015-08-15,1184,2
2015-08-16,1186,2
2015-08-17,1188,2
2015-08-18,1191,3
2015-08-19,1193,2
2015-08-20,1195,2
2015-08-21,1197,2
2015-08-22,1200,3
2015-08-23,1202,2
2015-08-24,1204,2
2015-08-25,1206,2
2015-08-26,1209,3
2015-08-27,1211,2
2015-08-28,1213,2
2015-08-29,1215,2
2015-08-30,1218,3
2015-08-31,1220,2
2015-09-01,1222,2
2015-09-02,1225,3
2015-09-03,1227,2
2015-09-04,1229,2
2015-09-05,1232,3
2015-09-06,1234,2
2015-09-07,1236,2
2015-09-08,1239,3
2015-09-09,1241,2
2015-09-10,1243,2
2015-09-11,1246,3
2015-09-12,1248,2
2015-09-13,1250,2
2015-09-14,1253,3
2015-09-15,1255,2
2015-09-16,1257,2
2015-09-17,1260,3
2015-09-18,1262,2
2015-09-19,1264,2
2015-09-20,1267,3
2015-09-21,1269,2
2015-09-22,1271,2
2015-09-23,1274,3
2015-09-24,1276,2
2015-09-25,1278,2
2015-09-26,1281,3
2015-09-27,1283,2
2015-09-28,1285,2
2015-09-29,1288,3
2015-09-30,1290,2
2015-10-01,1292,2
2015-10-02,1294,2
2015-10-03,1296,2
2015-10-04,1298,2
2015-10-05,1300,2
2015-10-06,1302,2
2015-10-07,1304,2
2015-10-08,1305,1
2015-10-09,1307,2
2015-10-10,1309,2
2015-10-11,1311,2
2015-10-12,1313,2
2015-10-13,1315,2
2015-10-14,1317,2
2015-10-15,1319,2
2015-10-16,1321,2
2015-10-17,1323,2
2015-10-18,1325,2
2015-10-19,1327,2
2015-10-20,1329,2
2015-10-21,1331,2
2015-10-22,1333,2
2015-10-23,1335,2
2015-10-24,1336,1
2015-10-25,1338,2
2015-10-26,1340,2
2015-10-27,1342,2
2015-10-28,1344,2
2015-10-29,1346,2
2015-10-30,1348,2
2015-10-31,1350,2
2015-11-01,1352,2
2015-11-02,1355,3
2015-11-03,1357,2
2015-11-04,1359,2
2015-11-05,1362,3
2015-11-06,1364,2
2015-11-07,1366,2
2015-11-08,1369,3
2015-11-09,1371,2
2015-11-10,1373,2
2015-11-11,1376,3
2015-11-12,1378,2
2015-11-13,1380,2
2015-11-14,1383,3
2015-11-15,1385,2
2015-11-16,1387,2
2015-11-17,1390,3
2015-11-18,1392,2
2015-11-19,1394,2
2015-11-20,1397,3
2015-11-21,1399,2
2015-11-22,1401,2
2015-11-23,1404,3
2015-11-24,1406,2
2015-11-25,1408,2
2015-11-26,1411,3
2015-11-27,1413,2
2015-11-28,1415,2
2015-11-29,1418,3
2015-11-30,1420,2
2015-12-01,1422,2
2015-12-02,1424,2
2015-12-03,1427,3
2015-12-04,1429,2
2015-12-05,1431,2
2015-12-06,1433,2
2015-12-07,1435,2
2015-12-08,1438,3
2015-12-09,1440,2
2015-12-10,1442,2
2015-12-11,1444,2
2015-12-12,1446,2
2015-12-13,1449,3
2015-12-14,1451,2
2015-12-15,1453,2
2015-12-16,1455,2
2015-12-17,1457,2
2015-12-18,1459,2
2015-12-19,1462,3
2015-12-20,1464,2
2015-12-21,1466,2
2015-12-22,1468,2
2015-12-23,1470,2
2015-12-24,1473,3
2015-12-25,1475,2
2015-12-26,1477,2
2015-12-27,1479,2
2015-12-28,1481,2
2015-12-29,1484,3
2015-12-30,1486,2
2015-12-31,1488,2
2016-01-01,1492,4
2016-01-02,1497,5
2016-01-03,1501,4
2016-01-04,1505,4
2016-01-05,1509,4
2016-01-06,1514,5
2016-01-07,1518,4
2016-01-08,1522,4
2016-01-09,1526,4
2016-01-10,1531,5
2016-01-11,1535,4
2016-01-12,1539,4
2016-01-13,1543,4
2016-01-14,1548,5
2016-01-15,1552,4
2016-01-16,1556,4
2016-01-17,1560,4
2016-01-18,1565,5
2016-01-19,1569,4
2016-01-20,1573,4
2016-01-21,1577,4
2016-01-22,1582,5
2016-01-23,1586,4
2016-01-24,1590,4
2016-01-25,1594,4
2016-01-26,1599,5
2016-01-27,1603,4
2016-01-28,1607,4
2016-01-29,1611,4
2016-01-30,1616,5
2016-01-31,1620,4
2016-02-01,1626,6
2016-02-02,1631,5
2016-02-03,1637,6
2016-02-04,1642,5
2016-02-05,1648,6
2016-02-06,1653,5
2016-02-07,1659,6
2016-02-08,1664,5
2016-02-09,1670,6
2016-02-10,1675,5
2016-02-11,1681,6
2016-02-12,1686,5
2016-02-13,1692,6
2016-02-14,1697,5
2016-02-15,1703,6
2016-02-16,1708,5
2016-02-17,1714,6
2016-02-18,1719,5
2016-02-19,1725,6
2016-02-20,1730,5
2016-02-21,1736,6
2016-02-22,1741,5
2016-02-23,1747,6
2016-02-24,1752,5
2016-02-25,1758,6
2016-02-26,1763,5
2016-02-27,1769,6
2016-02-28,1774,5
2016-02-29,1780,6
2016-03-01,1785,5
2016-03-02,1791,6
2016-03-03,1796,5
2016-03-04,1802,6
2016-03-05,1807,5
2016-03-06,1813,6
2016-03-07,1818,5
2016-03-08,1824,6
2016-03-09,1829,5
2016-03-10,1835,6
2016-03-11,1840,5
2016-03-12,1846,6
2016-03-13,1851,5
2016-03-14,1857,6
2016-03-15,1862,5
2016-03-16,1868,6
2016-03-17,1873,5
2016-03-18,1879,6
2016-03-19,1884,5
2016-03-20,1890,6
2016-03-21,1895,5
2016-03-22,1901,6
2016-03-23,1906,5
2016-03-24,1912,6
2016-03-25,1917,5
2016-03-26,1923,6
2016-03-27,1928,5
2016-03-28,1934,6
2016-03-29,1939,5
2016-03-30,1945,6
2016-03-31,1950,5
2016-04-01,1957,7
2016-04-02,1963,6
2016-04-03,1970,7
2016-04-04,1977,7
2016-04-05,1983,6
2016-04-06,1990,7
2016-04-07,1997,7
2016-04-08,2003,6
2016-04-09,2010,7
2016-04-10,2017,7
2016-04-11,2023,6
2016-04-12,2030,7
2016-04-13,2037,7
2016-04-14,2043,6
2016-04-15,2050,7
2016-04-16,2057,7
2016-04-17,2063,6
2016-04-18,2070,7
2016-04-19,2077,7
2016-04-20,2083,6
2016-04-21,2090,7
2016-04-22,2097,7
2016-04-23,2103,6
2016-04-24,2110,7
2016-04-25,2117,7
2016-04-26,2123,6
2016-04-27,2130,7
2016-04-28,2137,7
2016-04-29,2143,6
2016-04-30,2150,7
2016-05-01,2156,6
2016-05-02,2163,7
2016-05-03,2169,6
2016-05-04,2176,7
2016-05-05,2182,6
2016-05-06,2189,7
2016-05-07,2195,6
2016-05-08,2202,7
2016-05-09,2208,6
2016-05-10,2215,7
2016-05-11,2221,6
2016-05-12,2227,6
2016-05-13,2234,7
2016-05-14,2240,6
2016-05-15,2247,7
2016-05-16,2253,6
2016-05-17,2260,7
2016-05-18,2266,6
2016-05-19,2273,7
2016-05-20,2279,6
2016-05-21,2285,6
2016-05-22,2292,7
2016-05-23,2298,6
2016-05-24,2305,7
2016-05-25,2311,6
2016-05-26,2318,7
2016-05-27,2324,6
2016-05-28,2331,7
2016-05-29,2337,6
2016-05-30,2344,7
2016-05-31,2350,6
2016-06-01,2357,7
2016-06-02,2363,6
2016-06-03,2370,7
2016-06-04,2377,7
2016-06-05,2383,6
2016-06-06,2390,7
2016-06-07,2397,7
2016-06-08,2403,6
2016-06-09,2410,7
2016-06-10,2417,7
2016-06-11,2423,6
2016-06-12,2430,7
2016-06-13,2437,7
2016-06-14,2443,6
2016-06-15,2450,7
2016-06-16,2457,7
2016-06-17,2463,6
2016-06-18,2470,7
2016-06-19,2477,7
2016-06-20,2483,6
2016-06-21,2490,7
2016-06-22,2497,7
2016-06-23,2503,6
2016-06-24,2510,7
2016-06-25,2517,7
2016-06-26,2523,6
2016-06-27,2530,7
2016-06-28,2537,7
2016-06-29,2543,6
2016-06-30,2550,7
2016-07-01,2556,6
2016-07-02,2563,7
2016-07-03,2569,6
2016-07-04,2576,7
2016-07-05,2582,6
2016-07-06,2589,7
2016-07-07,2595,6
2016-07-08,2602,7
2016-07-09,2608,6
2016-07-10,2615,7
2016-07-11,2621,6
2016-07-12,2627,6
2016-07-13,2634,7
2016-07-14,2640,6
2016-07-15,2647,7
2016-07-16,2653,6
2016-07-17,2660,7
2016-07-18,2666,6
2016-07-19,2673,7
2016-07-20,2679,6
2016-07-21,2685,6
2016-07-22,2692,7
2016-07-23,2698,6
2016-07-24,2705,7
2016-07-25,2711,6
2016-07-26,2718,7
2016-07-27,2724,6
2016-07-28,2731,7
2016-07-29,2737,6
2016-07-30,2744,7
2016-07-31,2750,6
2016-08-01,2755,5
2016-08-02,2761,6
2016-08-03,2766,5
2016-08-04,2772,6
2016-08-05,2777,5
2016-08-06,2783,6
2016-08-07,2788,5
2016-08-08,2794,6
2016-08-09,2799,5
2016-08-10,2805,6
2016-08-11,2810,5
2016-08-12,2816,6
2016-08-13,2821,5
2016-08-14,2827,6
2016-08-15,2832,5
2016-08-16,2838,6
2016-08-17,2843,5
2016-08-18,2849,6
2016-08-19,2854,5
2016-08-20,2860,6
2016-08-21,2865,5
2016-08-22,2871,6
2016-08-23,2876,5
2016-08-24,2882,6
2016-08-25,2887,5
2016-08-26,2893,6
2016-08-27,2898,5
2016-08-28,2904,6
2016-08-29,2909,5
2016-08-30,2915,6
2016-08-31,2920,5
2016-09-01,2925,5
2016-09-02,2931,6
2016-09-03,2936,5
2016-09-04,2941,5
2016-09-05,2947,6
2016-09-06,2952,5
2016-09-07,2957,5
2016-09-08,2963,6
2016-09-09,2968,5
2016-09-10,2973,5
2016-09-11,2979,6
2016-09-12,2984,5
2016-09-13,2989,5
2016-09-14,2995,6
2016-09-15,3000,5
2016-09-16,3005,5
2016-09-17,3011,6
2016-09-18,3016,5
2016-09-19,3021,5
2016-09-20,3027,6
2016-09-21,3032,5
2016-09-22,3037,5
2016-09-23,3043,6
2016-09-24,3048,5
2016-09-25,3053,5
2016-09-26,3059,6
2016-09-27,3064,5
2016-09-28,3069,5
2016-09-29,3075,6
2016-09-30,3080,5
2016-10-01,3085,5
2016-10-02,3091,6
2016-10-03,3096,5
2016-10-04,3102,6
2016-10-05,3107,5
2016-10-06,3113,6
2016-10-07,3118,5
2016-10-08,3124,6
2016-10-09,3129,5
2016-10-10,3135,6
2016-10-11,3140,5
2016-10-12,3146,6
2016-10-13,3151,5
2016-10-14,3157,6
2016-10-15,3162,5
2016-10-16,3168,6
2016-10-17,3173,5
2016-10-18,3179,6
2016-10-19,3184,5
2016-10-20,3190,6
2016-10-21,3195,5
2016-10-22,3201,6
2016-10-23,3206,5
2016-10-24,3212,6
2016-10-25,3217,5
2016-10-26,3223,6
2016-10-27,3228,5
2016-10-28,3234,6
2016-10-29,3239,5
2016-10-30,3245,6
2016-10-31,3250,5
2016-11-01,3256,6
2016-11-02,3262,6
2016-11-03,3268,6
2016-11-04,3274,6
2016-11-05,3280,6
2016-11-06,3286,6
2016-11-07,3292,6
2016-11-08,3298,6
2016-11-09,3304,6
2016-11-10,3310,6
2016-11-11,3316,6
2016-11-12,3322,6
2016-11-13,3328,6
2016-11-14,3334,6
2016-11-15,3340,6
2016-11-16,3346,6
2016-11-17,3352,6
2016-11-18,3358,6
2016-11-19,3364,6
2016-11-20,3370,6
2016-11-21,3376,6
2016-11-22,3382,6
2016-11-23,3388,6
2016-11-24,3394,6
2016-11-25,3400,6
2016-11-26,3406,6
2016-11-27,3412,6
2016-11-28,3418,6
2016-11-29,3424,6
2016-11-30,3430,6
2016-12-01,3436,6
2016-12-02,3441,5
2016-12-03,3447,6
2016-12-04,3453,6
2016-12-05,3459,6
2016-12-06,3464,5
2016-12-07,3470,6
2016-12-08,3476,6
2016-12-09,3482,6
2016-12-10,3487,5
2016-12-11,3493,6
2016-12-12,3499,6
2016-12-13,3505,6
2016-12-14,3510,5
2016-12-15,3516,6
2016-12-16,3522,6
2016-12-17,3528,6
2016-12-18,3533,5
2016-12-19,3539,6
2016-12-20,3545,6
2016-12-21,3551,6
2016-12-22,3556,5
2016-12-23,3562,6
2016-12-24,3568,6
2016-12-25,3574,6
2016-12-26,3579,5
2016-12-27,3585,6
2016-12-28,3591,6
2016-12-29,3597,6
2016-12-30,3602,5
2016-12-31,3608,6
2017-01-01,3617,9
2017-01-02,3627,10
2017-01-03,3636,9
2017-01-04,3646,10
2017-01-05,3655,9
2017-01-06,3665,10
2017-01-07,3674,9
2017-01-08,3683,9
2017-01-09,3693,10
2017-01-10,3702,9
2017-01-11,3712,10
2017-01-12,3721,9
2017-01-13,3730,9
2017-01-14,3740,10
2017-01-15,3749,9
2017-01-16,3759,10
2017-01-17,3768,9
2017-01-18,3778,10
2017-01-19,3787,9
2017-01-20,3796,9
2017-01-21,3806,10
2017-01-22,3815,9
2017-01-23,3825,10
2017-01-24,3834,9
2017-01-25,3843,9
2017-01-26,3853,10
2017-01-27,3862,9
2017-01-28,3872,10
2017-01-29,3881,9
2017-01-30,3891,10
2017-01-31,3900,9
2017-02-01,3911,11
2017-02-02,3921,10
2017-02-03,3932,11
2017-02-04,3943,11
2017-02-05,3954,11
2017-02-06,3964,10
2017-02-07,3975,11
2017-02-08,3986,11
2017-02-09,3996,10
2017-02-10,4007,11
2017-02-11,4018,11
2017-02-12,4029,11
2017-02-13,4039,10
2017-02-14,4050,11
2017-02-15,4061,11
2017-02-16,4071,10
2017-02-17,4082,11
2017-02-18,4093,11
2017-02-19,4104,11
2017-02-20,4114,10
2017-02-21,4125,11
2017-02-22,4136,11
2017-02-23,4146,10
2017-02-24,4157,11
2017-02-25,4168,11
2017-02-26,4179,11
2017-02-27,4189,10
2017-02-28,4200,11
2017-03-01,4210,10
2017-03-02,4219,9
2017-03-03,4229,10
2017-03-04,4239,10
2017-03-05,4248,9
2017-03-06,4258,10
2017-03-07,4268,10
2017-03-08,4277,9
2017-03-09,4287,10
2017-03-10,4297,10
2017-03-11,4306,9
2017-03-12,4316,10
2017-03-13,4326,10
2017-03-14,4335,9
2017-03-15,4345,10
2017-03-16,4355,10
2017-03-17,4365,10
2017-03-18,4374,9
2017-03-19,4384,10
2017-03-20,4394,10
2017-03-21,4403,9
2017-03-22,4413,10
2017-03-23,4423,10
2017-03-24,4432,9
2017-03-25,4442,10
2017-03-26,4452,10
2017-03-27,4461,9
2017-03-28,4471,10
2017-03-29,4481,10
2017-03-30,4490,9
2017-03-31,4500,10
2017-04-01,4510,10
2017-04-02,4520,10
2017-04-03,4530,10
2017-04-04,4540,10
2017-04-05,4550,10
2017-04-06,4560,10
2017-04-07,4570,10
2017-04-08,4580,10
2017-04-09,4590,10
2017-04-10,4600,10
2017-04-11,4610,10
2017-04-12,4620,10
2017-04-13,4630,10
2017-04-14,4640,10
2017-04-15,4650,10
2017-04-16,4660,10
2017-04-17,4670,10
2017-04-18,4680,10
2017-04-19,4690,10
2017-04-20,4700,10
2017-04-21,4710,10
2017-04-22,4720,10
2017-04-23,4730,10
2017-04-24,4740,10
2017-04-25,4750,10
2017-04-26,4760,10
2017-04-27,4770,10
2017-04-28,4780,10
2017-04-29,4790,10
2017-04-30,4800,10
2017-05-01,4810,10
2017-05-02,4819,9
2017-05-03,4829,10
2017-05-04,4839,10
2017-05-05,4848,9
2017-05-06,4858,10
2017-05-07,4868,10
2017-05-08,4877,9
2017-05-09,4887,10
2017-05-10,4897,10
2017-05-11,4906,9
2017-05-12,4916,10
2017-05-13,4926,10
2017-05-14,4935,9
2017-05-15,4945,10
2017-05-16,4955,10
2017-05-17,4965,10
2017-05-18,4974,9
2017-05-19,4984,10
2017-05-20,4994,10
2017-05-21,5003,9
2017-05-22,5013,10
2017-05-23,5023,10
2017-05-24,5032,9
2017-05-25,5042,10
2017-05-26,5052,10
2017-05-27,5061,9
2017-05-28,5071,10
2017-05-29,5081,10
2017-05-30,5090,9
2017-05-31,5100,10
2017-06-01,5110,10
2017-06-02,5120,10
2017-06-03,5130,10
2017-06-04,5140,10
2017-06-05,5150,10
2017-06-06,5160,10
2017-06-07,5170,10
2017-06-08,5180,10
2017-06-09,5190,10
2017-06-10,5200,10
2017-06-11,5210,10
2017-06-12,5220,10
2017-06-13,5230,10
2017-06-14,5240,10
2017-06-15,5250,10
2017-06-16,5260,10
2017-06-17,5270,10
2017-06-18,5280,10
2017-06-19,5290,10
2017-06-20,5300,10
2017-06-21,5310,10
2017-06-22,5320,10
2017-06-23,5330,10
2017-06-24,5340,10
2017-06-25,5350,10
2017-06-26,5360,10
2017-06-27,5370,10
2017-06-28,5380,10
2017-06-29,5390,10
2017-06-30,5400,10
2017-07-01,5410,10
2017-07-02,5419,9
2017-07-03,5429,10
2017-07-04,5439,10
2017-07-05,5448,9
2017-07-06,5458,10
2017-07-07,5468,10
2017-07-08,5477,9
2017-07-09,5487,10
2017-07-10,5497,10
2017-07-11,5506,9
2017-07-12,5516,10
2017-07-13,5526,10
2017-07-14,5535,9
2017-07-15,5545,10
2017-07-16,5555,10
2017-07-17,5565,10
2017-07-18,5574,9
2017-07-19,5584,10
2017-07-20,5594,10
2017-07-21,5603,9
2017-07-22,5613,10
2017-07-23,5623,10
2017-07-24,5632,9
2017-07-25,5642,10
2017-07-26,5652,10
2017-07-27,5661,9
2017-07-28,5671,10
2017-07-29,5681,10
2017-07-30,5690,9
2017-07-31,5700,10
2017-08-01,5709,9
2017-08-02,5718,9
2017-08-03,5727,9
2017-08-04,5736,9
2017-08-05,5745,9
2017-08-06,5754,9
2017-08-07,5763,9
2017-08-08,5772,9
2017-08-09,5781,9
2017-08-10,5790,9
2017-08-11,5799,9
2017-08-12,5808,9
2017-08-13,5817,9
2017-08-14,5826,9
2017-08-15,5835,9
2017-08-16,5845,10
2017-08-17,5854,9
2017-08-18,5863,9
2017-08-19,5872,9
2017-08-20,5881,9
2017-08-21,5890,9
2017-08-22,5899,9
2017-08-23,5908,9
2017-08-24,5917,9
2017-08-25,5926,9
2017-08-26,5935,9
2017-08-27,5944,9
2017-08-28,5953,9
2017-08-29,5962,9
2017-08-30,5971,9
2017-08-31,5980,9
2017-09-01,5989,9
2017-09-02,5998,9
2017-09-03,6007,9
2017-09-04,6016,9
2017-09-05,6025,9
2017-09-06,6034,9
2017-09-07,6043,9
2017-09-08,6052,9
2017-09-09,6061,9
2017-09-10,6070,9
2017-09-11,6079,9
2017-09-12,6088,9
2017-09-13,6097,9
2017-09-14,6106,9
2017-09-15,6115,9
2017-09-16,6124,9
2017-09-17,6133,9
2017-09-18,6142,9
2017-09-19,6151,9
2017-09-20,6160,9
2017-09-21,6169,9
2017-09-22,6178,9
2017-09-23,6187,9
2017-09-24,6196,9
2017-09-25,6205,9
2017-09-26,6214,9
2017-09-27,6223,9
2017-09-28,6232,9
2017-09-29,6241,9
2017-09-30,6250,9
2017-10-01,6258,8
2017-10-02,6266,8
2017-10-03,6274,8
2017-10-04,6282,8
2017-10-05,6290,8
2017-10-06,6298,8
2017-10-07,6306,8
2017-10-08,6315,9
2017-10-09,6323,8
2017-10-10,6331,8
2017-10-11,6339,8
2017-10-12,6347,8
2017-10-13,6355,8
2017-10-14,6363,8
2017-10-15,6371,8
2017-10-16,6379,8
2017-10-17,6387,8
2017-10-18,6395,8
2017-10-19,6403,8
2017-10-20,6411,8
2017-10-21,6419,8
2017-10-22,6427,8
2017-10-23,6435,8
2017-10-24,6444,9
2017-10-25,6452,8
2017-10-26,6460,8
2017-10-27,6468,8
2017-10-28,6476,8
2017-10-29,6484,8
2017-10-30,6492,8
2017-10-31,6500,8
2017-11-01,6508,8
2017-11-02,6516,8
2017-11-03,6524,8
2017-11-04,6532,8
2017-11-05,6540,8
2017-11-06,6548,8
2017-11-07,6556,8
2017-11-08,6564,8
2017-11-09,6572,8
2017-11-10,6580,8
2017-11-11,6588,8
2017-11-12,6596,8
2017-11-13,6604,8
2017-11-14,6612,8
2017-11-15,6620,8
2017-11-16,6628,8
2017-11-17,6636,8
2017-11-18,6644,8
2017-11-19,6652,8
2017-11-20,6660,8
2017-11-21,6668,8
2017-11-22,6676,8
2017-11-23,6684,8
2017-11-24,6692,8
2017-11-25,6700,8
2017-11-26,6708,8
2017-11-27,6716,8
2017-11-28,6724,8
2017-11-29,6732,8
2017-11-30,6740,8
2017-12-01,6748,8
2017-12-02,6755,7
2017-12-03,6763,8
2017-12-04,6770,7
2017-12-05,6778,8
2017-12-06,6786,8
2017-12-07,6793,7
2017-12-08,6801,8
2017-12-09,6809,8
2017-12-10,6816,7
2017-12-11,6824,8
2017-12-12,6831,7
2017-12-13,6839,8
2017-12-14,6847,8
2017-12-15,6854,7
2017-12-16,6862,8
2017-12-17,6869,7
2017-12-18,6877,8
2017-12-19,6885,8
2017-12-20,6892,7
2017-12-21,6900,8
2017-12-22,6907,7
2017-12-23,6915,8
2017-12-24,6923,8
2017-12-25,6930,7
2017-12-26,6938,8
2017-12-27,6946,8
2017-12-28,6953,7
2017-12-29,6961,8
2017-12-30,6968,7
2017-12-31,6976,8
2018-01-01,6993,17
2018-01-02,7010,17
2018-01-03,7027,17
2018-01-04,7044,17
2018-01-05,7061,17
2018-01-06,7077,16
2018-01-07,7094,17
2018-01-08,7111,17
2018-01-09,7128,17
2018-01-10,7145,17
2018-01-11,7162,17
2018-01-12,7179,17
2018-01-13,7196,17
2018-01-14,7213,17
2018-01-15,7230,17
2018-01-16,7246,16
2018-01-17,7263,17
2018-01-18,7280,17
2018-01-19,7297,17
2018-01-20,7314,17
2018-01-21,7331,17
2018-01-22,7348,17
2018-01-23,7365,17
2018-01-24,7382,17
2018-01-25,7399,17
2018-01-26,7415,16
2018-01-27,7432,17
2018-01-28,7449,17
2018-01-29,7466,17
2018-01-30,7483,17
2018-01-31,7500,17
2018-02-01,7521,21
2018-02-02,7543,22
2018-02-03,7564,21
2018-02-04,7586,22
2018-02-05,7607,21
2018-02-06,7629,22
2018-02-07,7650,21
2018-02-08,7671,21
2018-02-09,7693,22
2018-02-10,7714,21
2018-02-11,7736,22
2018-02-12,7757,21
2018-02-13,7779,22
2018-02-14,7800,21
2018-02-15,7821,21
2018-02-16,7843,22
2018-02-17,7864,21
2018-02-18,7886,22
2018-02-19,7907,21
2018-02-20,7929,22
2018-02-21,7950,21
2018-02-22,7971,21
2018-02-23,7993,22
2018-02-24,8014,21
2018-02-25,8036,22
2018-02-26,8057,21
2018-02-27,8079,22
2018-02-28,8100,21
2018-03-01,8121,21
2018-03-02,8142,21
2018-03-03,8163,21
2018-03-04,8184,21
2018-03-05,8205,21
2018-03-06,8226,21
2018-03-07,8247,21
2018-03-08,8268,21
2018-03-09,8289,21
2018-03-10,8310,21
2018-03-11,8331,21
2018-03-12,8352,21
2018-03-13,8373,21
2018-03-14,8394,21
2018-03-15,8415,21
2018-03-16,8435,20
2018-03-17,8456,21
2018-03-18,8477,21
2018-03-19,8498,21
2018-03-20,8519,21
2018-03-21,8540,21
2018-03-22,8561,21
2018-03-23,8582,21
2018-03-24,8603,21
2018-03-25,8624,21
2018-03-26,8645,21
2018-03-27,8666,21
2018-03-28,8687,21
2018-03-29,8708,21
2018-03-30,8729,21
2018-03-31,8750,21
2018-04-01,8772,22
2018-04-02,8793,21
2018-04-03,8815,22
2018-04-04,8837,22
2018-04-05,8858,21
2018-04-06,8880,22
2018-04-07,8902,22
2018-04-08,8923,21
2018-04-09,8945,22
2018-04-10,8967,22
2018-04-11,8988,21
2018-04-12,9010,22
2018-04-13,9032,22
2018-04-14,9053,21
2018-04-15,9075,22
2018-04-16,9097,22
2018-04-17,9118,21
2018-04-18,9140,22
2018-04-19,9162,22
2018-04-20,9183,21
2018-04-21,9205,22
2018-04-22,9227,22
2018-04-23,9248,21
2018-04-24,9270,22
2018-04-25,9292,22
2018-04-26,9313,21
2018-04-27,9335,22
2018-04-28,9357,22
2018-04-29,9378,21
2018-04-30,9400,22
2018-05-01,9421,21
2018-05-02,9442,21
2018-05-03,9463,21
2018-05-04,9484,21
2018-05-05,9505,21
2018-05-06,9526,21
2018-05-07,9547,21
2018-05-08,9568,21
2018-05-09,9589,21
2018-05-10,9610,21
2018-05-11,9631,21
2018-05-12,9652,21
2018-05-13,9673,21
2018-05-14,9694,21
2018-05-15,9715,21
2018-05-16,9735,20
2018-05-17,9756,21
2018-05-18,9777,21
2018-05-19,9798,21
2018-05-20,9819,21
2018-05-21,9840,21
2018-05-22,9861,21
2018-05-23,9882,21
2018-05-24,9903,21
2018-05-25,9924,21
2018-05-26,9945,21
2018-05-27,9966,21
2018-05-28,9987,21
2018-05-29,10008,21
2018-05-30,10029,21
2018-05-31,10050,21
2018-06-01,10072,22
2018-06-02,10093,21
2018-06-03,10115,22
2018-06-04,10137,22
2018-06-05,10158,21
2018-06-06,10180,22
2018-06-07,10202,22
2018-06-08,10223,21
2018-06-09,10245,22
2018-06-10,10267,22
2018-06-11,10288,21
2018-06-12,10310,22
2018-06-13,10332,22
2018-06-14,10353,21
2018-06-15,10375,22
2018-06-16,10397,22
2018-06-17,10418,21
2018-06-18,10440,22
2018-06-19,10462,22
2018-06-20,10483,21
2018-06-21,10505,22
2018-06-22,10527,22
2018-06-23,10548,21
2018-06-24,10570,22
2018-06-25,10592,22
2018-06-26,10613,21
2018-06-27,10635,22
2018-06-28,10657,22
2018-06-29,10678,21
2018-06-30,10700,22
2018-07-01,10716,16
2018-07-02,10732,16
2018-07-03,10748,16
2018-07-04,10765,17
2018-07-05,10781,16
2018-07-06,10797,16
2018-07-07,10813,16
2018-07-08,10829,16
2018-07-09,10845,16
2018-07-10,10861,16
2018-07-11,10877,16
2018-07-12,10894,17
2018-07-13,10910,16
2018-07-14,10926,16
2018-07-15,10942,16
2018-07-16,10958,16
2018-07-17,10974,16
2018-07-18,10990,16
2018-07-19,11006,16
2018-07-20,11023,17
2018-07-21,11039,16
2018-07-22,11055,16
2018-07-23,11071,16
2018-07-24,11087,16
2018-07-25,11103,16
2018-07-26,11119,16
2018-07-27,11135,16
2018-07-28,11152,17
2018-07-29,11168,16
2018-07-30,11184,16
2018-07-31,11200,16
2018-08-01,11213,13
2018-08-02,11226,13
2018-08-03,11239,13
2018-08-04,11252,13
2018-08-05,11265,13
2018-08-06,11277,12
2018-08-07,11290,13
2018-08-08,11303,13
2018-08-09,11316,13
2018-08-10,11329,13
2018-08-11,11342,13
2018-08-12,11355,13
2018-08-13,11368,13
2018-08-14,11381,13
2018-08-15,11394,13
2018-08-16,11406,12
2018-08-17,11419,13
2018-08-18,11432,13
2018-08-19,11445,13
2018-08-20,11458,13
2018-08-21,11471,13
2018-08-22,11484,13
2018-08-23,11497,13
2018-08-24,11510,13
2018-08-25,11523,13
2018-08-26,11535,12
2018-08-27,11548,13
2018-08-28,11561,13
2018-08-29,11574,13
2018-08-30,11587,13
2018-08-31,11600,13
2018-09-01,11612,12
2018-09-02,11623,11
2018-09-03,11635,12
2018-09-04,11647,12
2018-09-05,11658,11
2018-09-06,11670,12
2018-09-07,11682,12
2018-09-08,11693,11
2018-09-09,11705,12
2018-09-10,11717,12
2018-09-11,11728,11
2018-09-12,11740,12
2018-09-13,11752,12
2018-09-14,11763,11
2018-09-15,11775,12
2018-09-16,11787,12
2018-09-17,11798,11
2018-09-18,11810,12
2018-09-19,11822,12
2018-09-20,11833,11
2018-09-21,11845,12
2018-09-22,11857,12
2018-09-23,11868,11
2018-09-24,11880,12
2018-09-25,11892,12
2018-09-26,11903,11
2018-09-27,11915,12
2018-09-28,11927,12
2018-09-29,11938,11
2018-09-30,11950,12
2018-10-01,11958,8
2018-10-02,11966,8
2018-10-03,11974,8
2018-10-04,11982,8
2018-10-05,11990,8
2018-10-06,11998,8
2018-10-07,12006,8
2018-10-08,12015,9
2018-10-09,12023,8
2018-10-10,12031,8
2018-10-11,12039,8
2018-10-12,12047,8
2018-10-13,12055,8
2018-10-14,12063,8
2018-10-15,12071,8
2018-10-16,12079,8
2018-10-17,12087,8
2018-10-18,12095,8
2018-10-19,12103,8
2018-10-20,12111,8
2018-10-21,12119,8
2018-10-22,12127,8
2018-10-23,12135,8
2018-10-24,12144,9
2018-10-25,12152,8
2018-10-26,12160,8
2018-10-27,12168,8
2018-10-28,12176,8
2018-10-29,12184,8
2018-10-30,12192,8
2018-10-31,12200,8
2018-11-01,12204,4
2018-11-02,12207,3
2018-11-03,12211,4
2018-11-04,12215,4
2018-11-05,12218,3
2018-11-06,12222,4
2018-11-07,12226,4
2018-11-08,12229,3
2018-11-09,12233,4
2018-11-10,12237,4
2018-11-11,12240,3
2018-11-12,12244,4
2018-11-13,12248,4
2018-11-14,12251,3
2018-11-15,12255,4
2018-11-16,12259,4
2018-11-17,12262,3
2018-11-18,12266,4
2018-11-19,12270,4
2018-11-20,12273,3
2018-11-21,12277,4
2018-11-22,12281,4
2018-11-23,12284,3
2018-11-24,12288,4
2018-11-25,12292,4
2018-11-26,12295,3
2018-11-27,12299,4
2018-11-28,12303,4
2018-11-29,12306,3
2018-11-30,12310,4
2018-12-01,12313,3
2018-12-02,12317,4
2018-12-03,12320,3
2018-12-04,12324,4
2018-12-05,12327,3
2018-12-06,12331,4
2018-12-07,12334,3
2018-12-08,12338,4
2018-12-09,12341,3
2018-12-10,12345,4
2018-12-11,12348,3
2018-12-12,12352,4
2018-12-13,12355,3
2018-12-14,12359,4
2018-12-15,12362,3
2018-12-16,12366,4
2018-12-17,12369,3
2018-12-18,12373,4
2018-12-19,12376,3
2018-12-20,12380,4
2018-12-21,12383,3
2018-12-22,12387,4
2018-12-23,12390,3
2018-12-24,12394,4
2018-12-25,12397,3
2018-12-26,12401,4
2018-12-27,12404,3
2018-12-28,12408,4
2018-12-29,12411,3
2018-12-30,12415,4
2018-12-31,12418,3
2019-01-01,12437,19
2019-01-02,12456,19
2019-01-03,12474,18
2019-01-04,12493,19
2019-01-05,12512,19
2019-01-06,12531,19
2019-01-07,12549,18
2019-01-08,12568,19
2019-01-09,12587,19
2019-01-10,12606,19
2019-01-11,12625,19
2019-01-12,12643,18
2019-01-13,12662,19
2019-01-14,12681,19
2019-01-15,12700,19
2019-01-16,12718,18
2019-01-17,12737,19
2019-01-18,12756,19
2019-01-19,12775,19
2019-01-20,12793,18
2019-01-21,12812,19
2019-01-22,12831,19
2019-01-23,12850,19
2019-01-24,12869,19
2019-01-25,12887,18
2019-01-26,12906,19
2019-01-27,12925,19
2019-01-28,12944,19
2019-01-29,12962,18
2019-01-30,12981,19
2019-01-31,13000,19
2019-02-01,13021,21
2019-02-02,13043,22
2019-02-03,13064,21
2019-02-04,13086,22
2019-02-05,13107,21
2019-02-06,13129,22
2019-02-07,13150,21
2019-02-08,13171,21
2019-02-09,13193,22
2019-02-10,13214,21
2019-02-11,13236,22
2019-02-12,13257,21
2019-02-13,13279,22
2019-02-14,13300,21
2019-02-15,13321,21
2019-02-16,13343,22
2019-02-17,13364,21
2019-02-18,13386,22
2019-02-19,13407,21
2019-02-20,13429,22
2019-02-21,13450,21
2019-02-22,13471,21
2019-02-23,13493,22
2019-02-24,13514,21
2019-02-25,13536,22
2019-02-26,13557,21
2019-02-27,13579,22
2019-02-28,13600,21
2019-03-01,13621,21
2019-03-02,13642,21
2019-03-03,13663,21
2019-03-04,13684,21
2019-03-05,13705,21
2019-03-06,13726,21
2019-03-07,13747,21
2019-03-08,13768,21
2019-03-09,13789,21
2019-03-10,13810,21
2019-03-11,13831,21
2019-03-12,13852,21
2019-03-13,13873,21
2019-03-14,13894,21
2019-03-15,13915,21
2019-03-16,13935,20
2019-03-17,13956,21
2019-03-18,13977,21
2019-03-19,13998,21
2019-03-20,14019,21
2019-03-21,14040,21
2019-03-22,14061,21
2019-03-23,14082,21
2019-03-24,14103,21
2019-03-25,14124,21
2019-03-26,14145,21
2019-03-27,14166,21
2019-03-28,14187,21
2019-03-29,14208,21
2019-03-30,14229,21
2019-03-31,14250,21
2019-04-01,14272,22
2019-04-02,14293,21
2019-04-03,14315,22
2019-04-04,14337,22
2019-04-05,14358,21
2019-04-06,14380,22
2019-04-07,14402,22
2019-04-08,14423,21
2019-04-09,14445,22
2019-04-10,14467,22
2019-04-11,14488,21
2019-04-12,14510,22
2019-04-13,14532,22
2019-04-14,14553,21
2019-04-15,14575,22
2019-04-16,14597,22
2019-04-17,14618,21
2019-04-18,14640,22
2019-04-19,14662,22
2019-04-20,14683,21
2019-04-21,14705,22
2019-04-22,14727,22
2019-04-23,14748,21
2019-04-24,14770,22
2019-04-25,14792,22
2019-04-26,14813,21
2019-04-27,14835,22
2019-04-28,14857,22
2019-04-29,14878,21
2019-04-30,14900,22
2019-05-01,14921,21
2019-05-02,14942,21
2019-05-03,14963,21
2019-05-04,14984,21
2019-05-05,15005,21
2019-05-06,15026,21
2019-05-07,15047,21
2019-05-08,15068,21
2019-05-09,15089,21
2019-05-10,15110,21
2019-05-11,15131,21
2019-05-12,15152,21
2019-05-13,15173,21
2019-05-14,15194,21
2019-05-15,15215,21
2019-05-16,15235,20
2019-05-17,15256,21
2019-05-18,15277,21
2019-05-19,15298,21
2019-05-20,15319,21
2019-05-21,15340,21
2019-05-22,15361,21
2019-05-23,15382,21
2019-05-24,15403,21
2019-05-25,15424,21
2019-05-26,15445,21
2019-05-27,15466,21
2019-05-28,15487,21
2019-05-29,15508,21
2019-05-30,15529,21
2019-05-31,15550,21
2019-06-01,15570,20
2019-06-02,15590,20
2019-06-03,15610,20
2019-06-04,15630,20
2019-06-05,15650,20
2019-06-06,15670,20
2019-06-07,15690,20
2019-06-08,15710,20
2019-06-09,15730,20
2019-06-10,15750,20
2019-06-11,15770,20
2019-06-12,15790,20
2019-06-13,15810,20
2019-06-14,15830,20
2019-06-15,15850,20
2019-06-16,15870,20
2019-06-17,15890,20
2019-06-18,15910,20
2019-06-19,15930,20
2019-06-20,15950,20
2019-06-21,15970,20
2019-06-22,15990,20
2019-06-23,16010,20
2019-06-24,16030,20
2019-06-25,16050,20
2019-06-26,16070,20
2019-06-27,16090,20
2019-06-28,16110,20
2019-06-29,16130,20
2019-06-30,16150,20
2019-07-01,16168,18
2019-07-02,16185,17
2019-07-03,16203,18
2019-07-04,16221,18
2019-07-05,16239,18
2019-07-06,16256,17
2019-07-07,16274,18
2019-07-08,16292,18
2019-07-09,16310,18
2019-07-10,16327,17
2019-07-11,16345,18
2019-07-12,16363,18
2019-07-13,16381,18
2019-07-14,16398,17
2019-07-15,16416,18
2019-07-16,16434,18
2019-07-17,16452,18
2019-07-18,16469,17
2019-07-19,16487,18
2019-07-20,16505,18
2019-07-21,16523,18
2019-07-22,16540,17
2019-07-23,16558,18
2019-07-24,16576,18
2019-07-25,16594,18
2019-07-26,16611,17
2019-07-27,16629,18
2019-07-28,16647,18
2019-07-29,16665,18
2019-07-30,16682,17
2019-07-31,16700,18
2019-08-01,16715,15
2019-08-02,16729,14
2019-08-03,16744,15
2019-08-04,16758,14
2019-08-05,16773,15
2019-08-06,16787,14
2019-08-07,16802,15
2019-08-08,16816,14
2019-08-09,16831,15
2019-08-10,16845,14
2019-08-11,16860,15
2019-08-12,16874,14
2019-08-13,16889,15
2019-08-14,16903,14
2019-08-15,16918,15
2019-08-16,16932,14
2019-08-17,16947,15
2019-08-18,16961,14
2019-08-19,16976,15
2019-08-20,16990,14
2019-08-21,17005,15
2019-08-22,17019,14
2019-08-23,17034,15
2019-08-24,17048,14
2019-08-25,17063,15
2019-08-26,17077,14
2019-08-27,17092,15
2019-08-28,17106,14
2019-08-29,17121,15
2019-08-30,17135,14
2019-08-31,17150,15
2019-09-01,17163,13
2019-09-02,17177,14
2019-09-03,17190,13
2019-09-04,17203,13
2019-09-05,17217,14
2019-09-06,17230,13
2019-09-07,17243,13
2019-09-08,17257,14
2019-09-09,17270,13
2019-09-10,17283,13
2019-09-11,17297,14
2019-09-12,17310,13
2019-09-13,17323,13
2019-09-14,17337,14
2019-09-15,17350,13
2019-09-16,17363,13
2019-09-17,17377,14
2019-09-18,17390,13
2019-09-19,17403,13
2019-09-20,17417,14
2019-09-21,17430,13
2019-09-22,17443,13
2019-09-23,17457,14
2019-09-24,17470,13
2019-09-25,17483,13
2019-09-26,17497,14
2019-09-27,17510,13
2019-09-28,17523,13
2019-09-29,17537,14
2019-09-30,17550,13
2019-10-01,17560,10
2019-10-02,17569,9
2019-10-03,17579,10
2019-10-04,17589,10
2019-10-05,17598,9
2019-10-06,17608,10
2019-10-07,17618,10
2019-10-08,17627,9
2019-10-09,17637,10
2019-10-10,17647,10
2019-10-11,17656,9
2019-10-12,17666,10
2019-10-13,17676,10
2019-10-14,17685,9
2019-10-15,17695,10
2019-10-16,17705,10
2019-10-17,17715,10
2019-10-18,17724,9
2019-10-19,17734,10
2019-10-20,17744,10
2019-10-21,17753,9
2019-10-22,17763,10
2019-10-23,17773,10
2019-10-24,17782,9
2019-10-25,17792,10
2019-10-26,17802,10
2019-10-27,17811,9
2019-10-28,17821,10
2019-10-29,17831,10
2019-10-30,17840,9
2019-10-31,17850,10
2019-11-01,17856,6
2019-11-02,17861,5
2019-11-03,17867,6
2019-11-04,17873,6
2019-11-05,17878,5
2019-11-06,17884,6
2019-11-07,17890,6
2019-11-08,17895,5
2019-11-09,17901,6
2019-11-10,17907,6
2019-11-11,17912,5
2019-11-12,17918,6
2019-11-13,17924,6
2019-11-14,17929,5
2019-11-15,17935,6
2019-11-16,17941,6
2019-11-17,17946,5
2019-11-18,17952,6
2019-11-19,17958,6
2019-11-20,17963,5
2019-11-21,17969,6
2019-11-22,17975,6
2019-11-23,17980,5
2019-11-24,17986,6
2019-11-25,17992,6
2019-11-26,17997,5
2019-11-27,18003,6
2019-11-28,18009,6
2019-11-29,18014,5
2019-11-30,18020,6
2019-12-01,18025,5
2019-12-02,18030,5
2019-12-03,18035,5
2019-12-04,18040,5
2019-12-05,18045,5
2019-12-06,18051,6
2019-12-07,18056,5
2019-12-08,18061,5
2019-12-09,18066,5
2019-12-10,18071,5
2019-12-11,18076,5
2019-12-12,18081,5
2019-12-13,18086,5
2019-12-14,18091,5
2019-12-15,18096,5
2019-12-16,18102,6
2019-12-17,18107,5
2019-12-18,18112,5
2019-12-19,18117,5
2019-12-20,18122,5
2019-12-21,18127,5
2019-12-22,18132,5
2019-12-23,18137,5
2019-12-24,18142,5
2019-12-25,18147,5
2019-12-26,18153,6
2019-12-27,18158,5
2019-12-28,18163,5
2019-12-29,18168,5
2019-12-30,18173,5
2019-12-31,18178,5
2020-01-01,18190,12
2020-01-02,18202,12
2020-01-03,18214,12
2020-01-04,18226,12
2020-01-05,18238,12
2020-01-06,18250,12
2020-01-07,18262,12
2020-01-08,18274,12
2020-01-09,18286,12
2020-01-10,18298,12
2020-01-11,18310,12
2020-01-12,18322,12
2020-01-13,18334,12
2020-01-14,18346,12
2020-01-15,18358,12
2020-01-16,18370,12
2020-01-17,18382,12
2020-01-18,18394,12
2020-01-19,18406,12
2020-01-20,18418,12
2020-01-21,18430,12
2020-01-22,18442,12
2020-01-23,18454,12
2020-01-24,18466,12
2020-01-25,18478,12
2020-01-26,18490,12
2020-01-27,18502,12
2020-01-28,18514,12
2020-01-29,18526,12
2020-01-30,18538,12
2020-01-31,18550,12
2020-02-01,18564,14
2020-02-02,18578,14
2020-02-03,18591,13
2020-02-04,18605,14
2020-02-05,18619,14
2020-02-06,18633,14
2020-02-07,18647,14
2020-02-08,18660,13
2020-02-09,18674,14
2020-02-10,18688,14
2020-02-11,18702,14
2020-02-12,18716,14
2020-02-13,18729,13
2020-02-14,18743,14
2020-02-15,18757,14
2020-02-16,18771,14
2020-02-17,18784,13
2020-02-18,18798,14
2020-02-19,18812,14
2020-02-20,18826,14
2020-02-21,18840,14
2020-02-22,18853,13
2020-02-23,18867,14
2020-02-24,18881,14
2020-02-25,18895,14
2020-02-26,18909,14
2020-02-27,18922,13
2020-02-28,18936,14
2020-02-29,18950,14
2020-03-01,18965,15
2020-03-02,18979,14
2020-03-03,18994,15
2020-03-04,19008,14
2020-03-05,19023,15
2020-03-06,19037,14
2020-03-07,19052,15
2020-03-08,19066,14
2020-03-09,19081,15
2020-03-10,19095,14
2020-03-11,19110,15
2020-03-12,19124,14
2020-03-13,19139,15
2020-03-14,19153,14
2020-03-15,19168,15
2020-03-16,19182,14
2020-03-17,19197,15
2020-03-18,19211,14
2020-03-19,19226,15
2020-03-20,19240,14
2020-03-21,19255,15
2020-03-22,19269,14
2020-03-23,19284,15
2020-03-24,19298,14
2020-03-25,19313,15
2020-03-26,19327,14
2020-03-27,19342,15
2020-03-28,19356,14
2020-03-29,19371,15
2020-03-30,19385,14
2020-03-31,19400,15
2020-04-01,19415,15
2020-04-02,19430,15
2020-04-03,19445,15
2020-04-04,19460,15
2020-04-05,19475,15
2020-04-06,19490,15
2020-04-07,19505,15
2020-04-08,19520,15
2020-04-09,19535,15
2020-04-10,19550,15
2020-04-11,19565,15
2020-04-12,19580,15
2020-04-13,19595,15
2020-04-14,19610,15
2020-04-15,19625,15
2020-04-16,19640,15
2020-04-17,19655,15
2020-04-18,19670,15
2020-04-19,19685,15
2020-04-20,19700,15
2020-04-21,19715,15
2020-04-22,19730,15
2020-04-23,19745,15
2020-04-24,19760,15
2020-04-25,19775,15
2020-04-26,19790,15
2020-04-27,19805,15
2020-04-28,19820,15
2020-04-29,19835,15
2020-04-30,19850,15
2020-05-01,19865,15
2020-05-02,19879,14
2020-05-03,19894,15
2020-05-04,19908,14
2020-05-05,19923,15
2020-05-06,19937,14
2020-05-07,19952,15
2020-05-08,19966,14
2020-05-09,19981,15
2020-05-10,19995,14
2020-05-11,20010,15
2020-05-12,20024,14
2020-05-13,20039,15
2020-05-14,20053,14
2020-05-15,20068,15
2020-05-16,20082,14
2020-05-17,20097,15
2020-05-18,20111,14
2020-05-19,20126,15
2020-05-20,20140,14
2020-05-21,20155,15
2020-05-22,20169,14
2020-05-23,20184,15
2020-05-24,20198,14
2020-05-25,20213,15
2020-05-26,20227,14
2020-05-27,20242,15
2020-05-28,20256,14
2020-05-29,20271,15
2020-05-30,20285,14
2020-05-31,20300,15
2020-06-01,20315,15
2020-06-02,20330,15
2020-06-03,20345,15
2020-06-04,20360,15
2020-06-05,20375,15
2020-06-06,20390,15
2020-06-07,20405,15
2020-06-08,20420,15
2020-06-09,20435,15
2020-06-10,20450,15
2020-06-11,20465,15
2020-06-12,20480,15
2020-06-13,20495,15
2020-06-14,20510,15
2020-06-15,20525,15
2020-06-16,20540,15
2020-06-17,20555,15
2020-06-18,20570,15
2020-06-19,20585,15
2020-06-20,20600,15
2020-06-21,20615,15
2020-06-22,20630,15
2020-06-23,20645,15
2020-06-24,20660,15
2020-06-25,20675,15
2020-06-26,20690,15
2020-06-27,20705,15
2020-06-28,20720,15
2020-06-29,20735,15
2020-06-30,20750,15
2020-07-01,20765,15
2020-07-02,20779,14
2020-07-03,20794,15
2020-07-04,20808,14
2020-07-05,20823,15
2020-07-06,20837,14
2020-07-07,20852,15
2020-07-08,20866,14
2020-07-09,20881,15
2020-07-10,20895,14
2020-07-11,20910,15
2020-07-12,20924,14
2020-07-13,20939,15
2020-07-14,20953,14
2020-07-15,20968,15
2020-07-16,20982,14
2020-07-17,20997,15
2020-07-18,21011,14
2020-07-19,21026,15
2020-07-20,21040,14
2020-07-21,21055,15
2020-07-22,21069,14
2020-07-23,21084,15
2020-07-24,21098,14
2020-07-25,21113,15
2020-07-26,21127,14
2020-07-27,21142,15
2020-07-28,21156,14
2020-07-29,21171,15
2020-07-30,21185,14
2020-07-31,21200,15
2020-08-01,21215,15
2020-08-02,21229,14
2020-08-03,21244,15
2020-08-04,21258,14
2020-08-05,21273,15
2020-08-06,21287,14
2020-08-07,21302,15
2020-08-08,21316,14
2020-08-09,21331,15
2020-08-10,21345,14
2020-08-11,21360,15
2020-08-12,21374,14
2020-08-13,21389,15
2020-08-14,21403,14
2020-08-15,21418,15
2020-08-16,21432,14
2020-08-17,21447,15
2020-08-18,21461,14
2020-08-19,21476,15
2020-08-20,21490,14
2020-08-21,21505,15
2020-08-22,21519,14
2020-08-23,21534,15
2020-08-24,21548,14
2020-08-25,21563,15
2020-08-26,21577,14
2020-08-27,21592,15
2020-08-28,21606,14
2020-08-29,21621,15
2020-08-30,21635,14
2020-08-31,21650,15
2020-09-01,21663,13
2020-09-02,21677,14
2020-09-03,21690,13
2020-09-04,21703,13
2020-09-05,21717,14
2020-09-06,21730,13
2020-09-07,21743,13
2020-09-08,21757,14
2020-09-09,21770,13
2020-09-10,21783,13
2020-09-11,21797,14
2020-09-12,21810,13
2020-09-13,21823,13
2020-09-14,21837,14
2020-09-15,21850,13
2020-09-16,21863,13
2020-09-17,21877,14
2020-09-18,21890,13
2020-09-19,21903,13
2020-09-20,21917,14
2020-09-21,21930,13
2020-09-22,21943,13
2020-09-23,21957,14
2020-09-24,21970,13
2020-09-25,21983,13
2020-09-26,21997,14
2020-09-27,22010,13
2020-09-28,22023,13
2020-09-29,22037,14
2020-09-30,22050,13
2020-10-01,22061,11
2020-10-02,22073,12
2020-10-03,22084,11
2020-10-04,22095,11
2020-10-05,22106,11
2020-10-06,22118,12
2020-10-07,22129,11
2020-10-08,22140,11
2020-10-09,22152,12
2020-10-10,22163,11
2020-10-11,22174,11
2020-10-12,22185,11
2020-10-13,22197,12
2020-10-14,22208,11
2020-10-15,22219,11
2020-10-16,22231,12
2020-10-17,22242,11
2020-10-18,22253,11
2020-10-19,22265,12
2020-10-20,22276,11
2020-10-21,22287,11
2020-10-22,22298,11
2020-10-23,22310,12
2020-10-24,22321,11
2020-10-25,22332,11
2020-10-26,22344,12
2020-10-27,22355,11
2020-10-28,22366,11
2020-10-29,22377,11
2020-10-30,22389,12
2020-10-31,22400,11
2020-11-01,22407,7
2020-11-02,22413,6
2020-11-03,22420,7
2020-11-04,22427,7
2020-11-05,22433,6
2020-11-06,22440,7
2020-11-07,22447,7
2020-11-08,22453,6
2020-11-09,22460,7
2020-11-10,22467,7
2020-11-11,22473,6
2020-11-12,22480,7
2020-11-13,22487,7
2020-11-14,22493,6
2020-11-15,22500,7
2020-11-16,22507,7
2020-11-17,22513,6
2020-11-18,22520,7
2020-11-19,22527,7
2020-11-20,22533,6
2020-11-21,22540,7
2020-11-22,22547,7
2020-11-23,22553,6
2020-11-24,22560,7
2020-11-25,22567,7
2020-11-26,22573,6
2020-11-27,22580,7
2020-11-28,22587,7
2020-11-29,22593,6
2020-11-30,22600,7
2020-12-01,22606,6
2020-12-02,22612,6
2020-12-03,22618,6
2020-12-04,22624,6
2020-12-05,22630,6
2020-12-06,22636,6
2020-12-07,22642,6
2020-12-08,22649,7
2020-12-09,22655,6
2020-12-10,22661,6
2020-12-11,22667,6
2020-12-12,22673,6
2020-12-13,22679,6
2020-12-14,22685,6
2020-12-15,22691,6
2020-12-16,22697,6
2020-12-17,22703,6
2020-12-18,22709,6
2020-12-19,22715,6
2020-12-20,22721,6
2020-12-21,22727,6
2020-12-22,22733,6
2020-12-23,22739,6
2020-12-24,22746,7
2020-12-25,22752,6
2020-12-26,22758,6
2020-12-27,22764,6
2020-12-28,22770,6
2020-12-29,22776,6
2020-12-30,22782,6
2020-12-31,22788,6
2021-01-01,22801,13
2021-01-02,22815,14
2021-01-03,22828,13
2021-01-04,22841,13
2021-01-05,22854,13
2021-01-06,22868,14
2021-01-07,22881,13
2021-01-08,22894,13
2021-01-09,22908,14
2021-01-10,22921,13
2021-01-11,22934,13
2021-01-12,22947,13
2021-01-13,22961,14
2021-01-14,22974,13
2021-01-15,22987,13
2021-01-16,23001,14
2021-01-17,23014,13
2021-01-18,23027,13
2021-01-19,23041,14
2021-01-20,23054,13
2021-01-21,23067,13
2021-01-22,23080,13
2021-01-23,23094,14
2021-01-24,23107,13
2021-01-25,23120,13
2021-01-26,23134,14
2021-01-27,23147,13
2021-01-28,23160,13
2021-01-29,23173,13
2021-01-30,23187,14
2021-01-31,23200,13
2021-02-01,23216,16
2021-02-02,23232,16
2021-02-03,23248,16
2021-02-04,23264,16
2021-02-05,23280,16
2021-02-06,23296,16
2021-02-07,23312,16
2021-02-08,23329,17
2021-02-09,23345,16
2021-02-10,23361,16
2021-02-11,23377,16
2021-02-12,23393,16
2021-02-13,23409,16
2021-02-14,23425,16
2021-02-15,23441,16
2021-02-16,23457,16
2021-02-17,23473,16
2021-02-18,23489,16
2021-02-19,23505,16
2021-02-20,23521,16
2021-02-21,23538,17
2021-02-22,23554,16
2021-02-23,23570,16
2021-02-24,23586,16
2021-02-25,23602,16
2021-02-26,23618,16
2021-02-27,23634,16
2021-02-28,23650,16
2021-03-01,23666,16
2021-03-02,23682,16
2021-03-03,23698,16
2021-03-04,23715,17
2021-03-05,23731,16
2021-03-06,23747,16
2021-03-07,23763,16
2021-03-08,23779,16
2021-03-09,23795,16
2021-03-10,23811,16
2021-03-11,23827,16
2021-03-12,23844,17
2021-03-13,23860,16
2021-03-14,23876,16
2021-03-15,23892,16
2021-03-16,23908,16
2021-03-17,23924,16
2021-03-18,23940,16
2021-03-19,23956,16
2021-03-20,23973,17
2021-03-21,23989,16
2021-03-22,24005,16
2021-03-23,24021,16
2021-03-24,24037,16
2021-03-25,24053,16
2021-03-26,24069,16
2021-03-27,24085,16
2021-03-28,24102,17
2021-03-29,24118,16
2021-03-30,24134,16
2021-03-31,24150,16
2021-04-01,24167,17
2021-04-02,24183,16
2021-04-03,24200,17
2021-04-04,24217,17
2021-04-05,24233,16
2021-04-06,24250,17
2021-04-07,24267,17
2021-04-08,24283,16
2021-04-09,24300,17
2021-04-10,24317,17
2021-04-11,24333,16
2021-04-12,24350,17
2021-04-13,24367,17
2021-04-14,24383,16
2021-04-15,24400,17
2021-04-16,24417,17
2021-04-17,24433,16
2021-04-18,24450,17
2021-04-19,24467,17
2021-04-20,24483,16
2021-04-21,24500,17
2021-04-22,24517,17
2021-04-23,24533,16
2021-04-24,24550,17
2021-04-25,24567,17
2021-04-26,24583,16
2021-04-27,24600,17
2021-04-28,24617,17
2021-04-29,24633,16
2021-04-30,24650,17
2021-05-01,24666,16
2021-05-02,24682,16
2021-05-03,24698,16
2021-05-04,24715,17
2021-05-05,24731,16
2021-05-06,24747,16
2021-05-07,24763,16
2021-05-08,24779,16
2021-05-09,24795,16
2021-05-10,24811,16
2021-05-11,24827,16
2021-05-12,24844,17
2021-05-13,24860,16
2021-05-14,24876,16
2021-05-15,24892,16
2021-05-16,24908,16
2021-05-17,24924,16
2021-05-18,24940,16
2021-05-19,24956,16
2021-05-20,24973,17
2021-05-21,24989,16
2021-05-22,25005,16
2021-05-23,25021,16
2021-05-24,25037,16
2021-05-25,25053,16
2021-05-26,25069,16
2021-05-27,25085,16
2021-05-28,25102,17
2021-05-29,25118,16
2021-05-30,25134,16
2021-05-31,25150,16
2021-06-01,25167,17
2021-06-02,25183,16
2021-06-03,25200,17
2021-06-04,25217,17
2021-06-05,25233,16
2021-06-06,25250,17
2021-06-07,25267,17
2021-06-08,25283,16
2021-06-09,25300,17
2021-06-10,25317,17
2021-06-11,25333,16
2021-06-12,25350,17
2021-06-13,25367,17
2021-06-14,25383,16
2021-06-15,25400,17
2021-06-16,25417,17
2021-06-17,25433,16
2021-06-18,25450,17
2021-06-19,25467,17
2021-06-20,25483,16
2021-06-21,25500,17
2021-06-22,25517,17
2021-06-23,25533,16
2021-06-24,25550,17
2021-06-25,25567,17
2021-06-26,25583,16
2021-06-27,25600,17
2021-06-28,25617,17
2021-06-29,25633,16
2021-06-30,25650,17
2021-07-01,25665,15
2021-07-02,25679,14
2021-07-03,25694,15
2021-07-04,25708,14
2021-07-05,25723,15
2021-07-06,25737,14
2021-07-07,25752,15
2021-07-08,25766,14
2021-07-09,25781,15
2021-07-10,25795,14
2021-07-11,25810,15
2021-07-12,25824,14
2021-07-13,25839,15
2021-07-14,25853,14
2021-07-15,25868,15
2021-07-16,25882,14
2021-07-17,25897,15
2021-07-18,25911,14
2021-07-19,25926,15
2021-07-20,25940,14
2021-07-21,25955,15
2021-07-22,25969,14
2021-07-23,25984,15
2021-07-24,25998,14
2021-07-25,26013,15
2021-07-26,26027,14
2021-07-27,26042,15
2021-07-28,26056,14
2021-07-29,26071,15
2021-07-30,26085,14
2021-07-31,26100,15
2021-08-01,26113,13
2021-08-02,26126,13
2021-08-03,26139,13
2021-08-04,26152,13
2021-08-05,26165,13
2021-08-06,26177,12
2021-08-07,26190,13
2021-08-08,26203,13
2021-08-09,26216,13
2021-08-10,26229,13
2021-08-11,26242,13
2021-08-12,26255,13
2021-08-13,26268,13
2021-08-14,26281,13
2021-08-15,26294,13
2021-08-16,26306,12
2021-08-17,26319,13
2021-08-18,26332,13
2021-08-19,26345,13
2021-08-20,26358,13
2021-08-21,26371,13
2021-08-22,26384,13
2021-08-23,26397,13
2021-08-24,26410,13
2021-08-25,26423,13
2021-08-26,26435,12
2021-08-27,26448,13
2021-08-28,26461,13
2021-08-29,26474,13
2021-08-30,26487,13
2021-08-31,26500,13
2021-09-01,26513,13
2021-09-02,26527,14
2021-09-03,26540,13
2021-09-04,26553,13
2021-09-05,26567,14
2021-09-06,26580,13
2021-09-07,26593,13
2021-09-08,26607,14
2021-09-09,26620,13
2021-09-10,26633,13
2021-09-11,26647,14
2021-09-12,26660,13
2021-09-13,26673,13
2021-09-14,26687,14
2021-09-15,26700,13
2021-09-16,26713,13
2021-09-17,26727,14
2021-09-18,26740,13
2021-09-19,26753,13
2021-09-20,26767,14
2021-09-21,26780,13
2021-09-22,26793,13
2021-09-23,26807,14
2021-09-24,26820,13
2021-09-25,26833,13
2021-09-26,26847,14
2021-09-27,26860,13
2021-09-28,26873,13
2021-09-29,26887,14
2021-09-30,26900,13
2021-10-01,26911,11
2021-10-02,26923,12
2021-10-03,26934,11
2021-10-04,26945,11
2021-10-05,26956,11
2021-10-06,26968,12
2021-10-07,26979,11
2021-10-08,26990,11
2021-10-09,27002,12
2021-10-10,27013,11
2021-10-11,27024,11
2021-10-12,27035,11
2021-10-13,27047,12
2021-10-14,27058,11
2021-10-15,27069,11
2021-10-16,27081,12
2021-10-17,27092,11
2021-10-18,27103,11
2021-10-19,27115,12
2021-10-20,27126,11
2021-10-21,27137,11
2021-10-22,27148,11
2021-10-23,27160,12
2021-10-24,27171,11
2021-10-25,27182,11
2021-10-26,27194,12
2021-10-27,27205,11
2021-10-28,27216,11
2021-10-29,27227,11
2021-10-30,27239,12
2021-10-31,27250,11
2021-11-01,27257,7
2021-11-02,27263,6
2021-11-03,27270,7
2021-11-04,27277,7
2021-11-05,27283,6
2021-11-06,27290,7
2021-11-07,27297,7
2021-11-08,27303,6
2021-11-09,27310,7
2021-11-10,27317,7
2021-11-11,27323,6
2021-11-12,27330,7
2021-11-13,27337,7
2021-11-14,27343,6
2021-11-15,27350,7
2021-11-16,27357,7
2021-11-17,27363,6
2021-11-18,27370,7
2021-11-19,27377,7
2021-11-20,27383,6
2021-11-21,27390,7
2021-11-22,27397,7
2021-11-23,27403,6
2021-11-24,27410,7
2021-11-25,27417,7
2021-11-26,27423,6
2021-11-27,27430,7
2021-11-28,27437,7
2021-11-29,27443,6
2021-11-30,27450,7
2021-12-01,27455,5
2021-12-02,27460,5
2021-12-03,27465,5
2021-12-04,27469,4
2021-12-05,27474,5
2021-12-06,27479,5
2021-12-07,27484,5
2021-12-08,27489,5
2021-12-09,27494,5
2021-12-10,27498,4
2021-12-11,27503,5
2021-12-12,27508,5
2021-12-13,27513,5
2021-12-14,27518,5
2021-12-15,27523,5
2021-12-16,27527,4
2021-12-17,27532,5
2021-12-18,27537,5
2021-12-19,27542,5
2021-12-20,27547,5
2021-12-21,27552,5
2021-12-22,27556,4
2021-12-23,27561,5
2021-12-24,27566,5
2021-12-25,27571,5
2021-12-26,27576,5
2021-12-27,27581,5
2021-12-28,27585,4
2021-12-29,27590,5
2021-12-30,27595,5
2021-12-31,27600,5
2022-01-01,27623,23
2022-01-02,27645,22
2022-01-03,27668,23
2022-01-04,27690,22
2022-01-05,27713,23
2022-01-06,27735,22
2022-01-07,27758,23
2022-01-08,27781,23
2022-01-09,27803,22
2022-01-10,27826,23
2022-01-11,27848,22
2022-01-12,27871,23
2022-01-13,27894,23
2022-01-14,27916,22
2022-01-15,27939,23
2022-01-16,27961,22
2022-01-17,27984,23
2022-01-18,28006,22
2022-01-19,28029,23
2022-01-20,28052,23
2022-01-21,28074,22
2022-01-22,28097,23
2022-01-23,28119,22
2022-01-24,28142,23
2022-01-25,28165,23
2022-01-26,28187,22
2022-01-27,28210,23
2022-01-28,28232,22
2022-01-29,28255,23
2022-01-30,28277,22
2022-01-31,28300,23
2022-02-01,28327,27
2022-02-02,28354,27
2022-02-03,28380,26
2022-02-04,28407,27
2022-02-05,28434,27
2022-02-06,28461,27
2022-02-07,28488,27
2022-02-08,28514,26
2022-02-09,28541,27
2022-02-10,28568,27
2022-02-11,28595,27
2022-02-12,28621,26
2022-02-13,28648,27
2022-02-14,28675,27
2022-02-15,28702,27
2022-02-16,28729,27
2022-02-17,28755,26
2022-02-18,28782,27
2022-02-19,28809,27
2022-02-20,28836,27
2022-02-21,28862,26
2022-02-22,28889,27
2022-02-23,28916,27
2022-02-24,28943,27
2022-02-25,28970,27
2022-02-26,28996,26
2022-02-27,29023,27
2022-02-28,29050,27
2022-03-01,29076,26
2022-03-02,29102,26
2022-03-03,29127,25
2022-03-04,29153,26
2022-03-05,29179,26
2022-03-06,29205,26
2022-03-07,29231,26
2022-03-08,29256,25
2022-03-09,29282,26
2022-03-10,29308,26
2022-03-11,29334,26
2022-03-12,29360,26
2022-03-13,29385,25
2022-03-14,29411,26
2022-03-15,29437,26
2022-03-16,29463,26
2022-03-17,29489,26
2022-03-18,29515,26
2022-03-19,29540,25
2022-03-20,29566,26
2022-03-21,29592,26
2022-03-22,29618,26
2022-03-23,29644,26
2022-03-24,29669,25
2022-03-25,29695,26
2022-03-26,29721,26
2022-03-27,29747,26
2022-03-28,29773,26
2022-03-29,29798,25
2022-03-30,29824,26
2022-03-31,29850,26
2022-04-01,29878,28
2022-04-02,29907,29
2022-04-03,29935,28
2022-04-04,29963,28
2022-04-05,29992,29
2022-04-06,30020,28
2022-04-07,30048,28
2022-04-08,30077,29
2022-04-09,30105,28
2022-04-10,30133,28
2022-04-11,30162,29
2022-04-12,30190,28
2022-04-13,30218,28
2022-04-14,30247,29
2022-04-15,30275,28
2022-04-16,30303,28
2022-04-17,30332,29
2022-04-18,30360,28
2022-04-19,30388,28
2022-04-20,30417,29
2022-04-21,30445,28
2022-04-22,30473,28
2022-04-23,30502,29
2022-04-24,30530,28
2022-04-25,30558,28
2022-04-26,30587,29
2022-04-27,30615,28
2022-04-28,30643,28
2022-04-29,30672,29
2022-04-30,30700,28
2022-05-01,30727,27
2022-05-02,30755,28
2022-05-03,30782,27
2022-05-04,30810,28
2022-05-05,30837,27
2022-05-06,30865,28
2022-05-07,30892,27
2022-05-08,30919,27
2022-05-09,30947,28
2022-05-10,30974,27
2022-05-11,31002,28
2022-05-12,31029,27
2022-05-13,31056,27
2022-05-14,31084,28
2022-05-15,31111,27
2022-05-16,31139,28
2022-05-17,31166,27
2022-05-18,31194,28
2022-05-19,31221,27
2022-05-20,31248,27
2022-05-21,31276,28
2022-05-22,31303,27
2022-05-23,31331,28
2022-05-24,31358,27
2022-05-25,31385,27
2022-05-26,31413,28
2022-05-27,31440,27
2022-05-28,31468,28
2022-05-29,31495,27
2022-05-30,31523,28
2022-05-31,31550,27
2022-06-01,31578,28
2022-06-02,31607,29
2022-06-03,31635,28
2022-06-04,31663,28
2022-06-05,31692,29
2022-06-06,31720,28
2022-06-07,31748,28
2022-06-08,31777,29
2022-06-09,31805,28
2022-06-10,31833,28
2022-06-11,31862,29
2022-06-12,31890,28
2022-06-13,31918,28
2022-06-14,31947,29
2022-06-15,31975,28
2022-06-16,32003,28
2022-06-17,32032,29
2022-06-18,32060,28
2022-06-19,32088,28
2022-06-20,32117,29
2022-06-21,32145,28
2022-06-22,32173,28
2022-06-23,32202,29
2022-06-24,32230,28
2022-06-25,32258,28
2022-06-26,32287,29
2022-06-27,32315,28
2022-06-28,32343,28
2022-06-29,32372,29
2022-06-30,32400,28
2022-07-01,32424,24
2022-07-02,32448,24
2022-07-03,32473,25
2022-07-04,32497,24
2022-07-05,32521,24
2022-07-06,32545,24
2022-07-07,32569,24
2022-07-08,32594,25
2022-07-09,32618,24
2022-07-10,32642,24
2022-07-11,32666,24
2022-07-12,32690,24
2022-07-13,32715,25
2022-07-14,32739,24
2022-07-15,32763,24
2022-07-16,32787,24
2022-07-17,32811,24
2022-07-18,32835,24
2022-07-19,32860,25
2022-07-20,32884,24
2022-07-21,32908,24
2022-07-22,32932,24
2022-07-23,32956,24
2022-07-24,32981,25
2022-07-25,33005,24
2022-07-26,33029,24
2022-07-27,33053,24
2022-07-28,33077,24
2022-07-29,33102,25
2022-07-30,33126,24
2022-07-31,33150,24
2022-08-01,33171,21
2022-08-02,33192,21
2022-08-03,33213,21
2022-08-04,33234,21
2022-08-05,33255,21
2022-08-06,33276,21
2022-08-07,33297,21
2022-08-08,33318,21
2022-08-09,33339,21
2022-08-10,33360,21
2022-08-11,33381,21
2022-08-12,33402,21
2022-08-13,33423,21
2022-08-14,33444,21
2022-08-15,33465,21
2022-08-16,33485,20
2022-08-17,33506,21
2022-08-18,33527,21
2022-08-19,33548,21
2022-08-20,33569,21
2022-08-21,33590,21
2022-08-22,33611,21
2022-08-23,33632,21
2022-08-24,33653,21
2022-08-25,33674,21
2022-08-26,33695,21
2022-08-27,33716,21
2022-08-28,33737,21
2022-08-29,33758,21
2022-08-30,33779,21
2022-08-31,33800,21
2022-09-01,33818,18
2022-09-02,33837,19
2022-09-03,33855,18
2022-09-04,33873,18
2022-09-05,33892,19
2022-09-06,33910,18
2022-09-07,33928,18
2022-09-08,33947,19
2022-09-09,33965,18
2022-09-10,33983,18
2022-09-11,34002,19
2022-09-12,34020,18
2022-09-13,34038,18
2022-09-14,34057,19
2022-09-15,34075,18
2022-09-16,34093,18
2022-09-17,34112,19
2022-09-18,34130,18
2022-09-19,34148,18
2022-09-20,34167,19
2022-09-21,34185,18
2022-09-22,34203,18
2022-09-23,34222,19
2022-09-24,34240,18
2022-09-25,34258,18
2022-09-26,34277,19
2022-09-27,34295,18
2022-09-28,34313,18
2022-09-29,34332,19
2022-09-30,34350,18
2022-10-01,34361,11
2022-10-02,34373,12
2022-10-03,34384,11
2022-10-04,34395,11
2022-10-05,34406,11
2022-10-06,34418,12
2022-10-07,34429,11
2022-10-08,34440,11
2022-10-09,34452,12
2022-10-10,34463,11
2022-10-11,34474,11
2022-10-12,34485,11
2022-10-13,34497,12
2022-10-14,34508,11
2022-10-15,34519,11
2022-10-16,34531,12
2022-10-17,34542,11
2022-10-18,34553,11
2022-10-19,34565,12
2022-10-20,34576,11
2022-10-21,34587,11
2022-10-22,34598,11
2022-10-23,34610,12
2022-10-24,34621,11
2022-10-25,34632,11
2022-10-26,34644,12
2022-10-27,34655,11
2022-10-28,34666,11
2022-10-29,34677,11
2022-10-30,34689,12
2022-10-31,34700,11
2022-11-01,34705,5
2022-11-02,34711,6
2022-11-03,34716,5
2022-11-04,34721,5
2022-11-05,34727,6
2022-11-06,34732,5
2022-11-07,34737,5
2022-11-08,34743,6
2022-11-09,34748,5
2022-11-10,34753,5
2022-11-11,34759,6
2022-11-12,34764,5
2022-11-13,34769,5
2022-11-14,34775,6
2022-11-15,34780,5
2022-11-16,34785,5
2022-11-17,34791,6
2022-11-18,34796,5
2022-11-19,34801,5
2022-11-20,34807,6
2022-11-21,34812,5
2022-11-22,34817,5
2022-11-23,34823,6
2022-11-24,34828,5
2022-11-25,34833,5
2022-11-26,34839,6
2022-11-27,34844,5
2022-11-28,34849,5
2022-11-29,34855,6
2022-11-30,34860,5
2022-12-01,34865,5
2022-12-02,34870,5
2022-12-03,34874,4
2022-12-04,34879,5
2022-12-05,34884,5
2022-12-06,34889,5
2022-12-07,34894,5
2022-12-08,34898,4
2022-12-09,34903,5
2022-12-10,34908,5
2022-12-11,34913,5
2022-12-12,34918,5
2022-12-13,34922,4
2022-12-14,34927,5
2022-12-15,34932,5
2022-12-16,34937,5
2022-12-17,34942,5
2022-12-18,34947,5
2022-12-19,34951,4
2022-12-20,34956,5
2022-12-21,34961,5
2022-12-22,34966,5
2022-12-23,34971,5
2022-12-24,34975,4
2022-12-25,34980,5
2022-12-26,34985,5
2022-12-27,34990,5
2022-12-28,34995,5
2022-12-29,34999,4
2022-12-30,35004,5
2022-12-31,35009,5
2023-01-01,35026,17
2023-01-02,35044,18
2023-01-03,35061,17
2023-01-04,35079,18
2023-01-05,35096,17
2023-01-06,35114,18
2023-01-07,35131,17
2023-01-08,35149,18
2023-01-09,35166,17
2023-01-10,35184,18
2023-01-11,35201,17
2023-01-12,35218,17
2023-01-13,35236,18
2023-01-14,35253,17
2023-01-15,35271,18
2023-01-16,35288,17
2023-01-17,35306,18
2023-01-18,35323,17
2023-01-19,35341,18
2023-01-20,35358,17
2023-01-21,35375,17
2023-01-22,35393,18
2023-01-23,35410,17
2023-01-24,35428,18
2023-01-25,35445,17
2023-01-26,35463,18
2023-01-27,35480,17
2023-01-28,35498,18
2023-01-29,35515,17
2023-01-30,35533,18
2023-01-31,35550,17
2023-02-01,35571,21
2023-02-02,35593,22
2023-02-03,35614,21
2023-02-04,35636,22
2023-02-05,35657,21
2023-02-06,35679,22
2023-02-07,35700,21
2023-02-08,35721,21
2023-02-09,35743,22
2023-02-10,35764,21
2023-02-11,35786,22
2023-02-12,35807,21
2023-02-13,35829,22
2023-02-14,35850,21
2023-02-15,35871,21
2023-02-16,35893,22
2023-02-17,35914,21
2023-02-18,35936,22
2023-02-19,35957,21
2023-02-20,35979,22
2023-02-21,36000,21
2023-02-22,36021,21
2023-02-23,36043,22
2023-02-24,36064,21
2023-02-25,36086,22
2023-02-26,36107,21
2023-02-27,36129,22
2023-02-28,36150,21
2023-03-01,36171,21
2023-03-02,36192,21
2023-03-03,36213,21
2023-03-04,36234,21
2023-03-05,36255,21
2023-03-06,36276,21
2023-03-07,36297,21
2023-03-08,36318,21
2023-03-09,36339,21
2023-03-10,36360,21
2023-03-11,36381,21
2023-03-12,36402,21
2023-03-13,36423,21
2023-03-14,36444,21
2023-03-15,36465,21
2023-03-16,36485,20
2023-03-17,36506,21
2023-03-18,36527,21
2023-03-19,36548,21
2023-03-20,36569,21
2023-03-21,36590,21
2023-03-22,36611,21
2023-03-23,36632,21
2023-03-24,36653,21
2023-03-25,36674,21
2023-03-26,36695,21
2023-03-27,36716,21
2023-03-28,36737,21
2023-03-29,36758,21
2023-03-30,36779,21
2023-03-31,36800,21
2023-04-01,36823,23
2023-04-02,36847,24
2023-04-03,36870,23
2023-04-04,36893,23
2023-04-05,36917,24
2023-04-06,36940,23
2023-04-07,36963,23
2023-04-08,36987,24
2023-04-09,37010,23
2023-04-10,37033,23
2023-04-11,37057,24
2023-04-12,37080,23
2023-04-13,37103,23
2023-04-14,37127,24
2023-04-15,37150,23
2023-04-16,37173,23
2023-04-17,37197,24
2023-04-18,37220,23
2023-04-19,37243,23
2023-04-20,37267,24
2023-04-21,37290,23
2023-04-22,37313,23
2023-04-23,37337,24
2023-04-24,37360,23
2023-04-25,37383,23
2023-04-26,37407,24
2023-04-27,37430,23
2023-04-28,37453,23
2023-04-29,37477,24
2023-04-30,37500,23
2023-05-01,37523,23
2023-05-02,37545,22
2023-05-03,37568,23
2023-05-04,37590,22
2023-05-05,37613,23
2023-05-06,37635,22
2023-05-07,37658,23
2023-05-08,37681,23
2023-05-09,37703,22
2023-05-10,37726,23
2023-05-11,37748,22
2023-05-12,37771,23
2023-05-13,37794,23
2023-05-14,37816,22
2023-05-15,37839,23
2023-05-16,37861,22
2023-05-17,37884,23
2023-05-18,37906,22
2023-05-19,37929,23
2023-05-20,37952,23
2023-05-21,37974,22
2023-05-22,37997,23
2023-05-23,38019,22
2023-05-24,38042,23
2023-05-25,38065,23
2023-05-26,38087,22
2023-05-27,38110,23
2023-05-28,38132,22
2023-05-29,38155,23
2023-05-30,38177,22
2023-05-31,38200,23
2023-06-01,38223,23
2023-06-02,38247,24
2023-06-03,38270,23
2023-06-04,38293,23
2023-06-05,38317,24
2023-06-06,38340,23
2023-06-07,38363,23
2023-06-08,38387,24
2023-06-09,38410,23
2023-06-10,38433,23
2023-06-11,38457,24
2023-06-12,38480,23
2023-06-13,38503,23
2023-06-14,38527,24
2023-06-15,38550,23
2023-06-16,38573,23
2023-06-17,38597,24
2023-06-18,38620,23
2023-06-19,38643,23
2023-06-20,38667,24
2023-06-21,38690,23
2023-06-22,38713,23
2023-06-23,38737,24
2023-06-24,38760,23
2023-06-25,38783,23
2023-06-26,38807,24
2023-06-27,38830,23
2023-06-28,38853,23
2023-06-29,38877,24
2023-06-30,38900,23
2023-07-01,38919,19
2023-07-02,38939,20
2023-07-03,38958,19
2023-07-04,38977,19
2023-07-05,38997,20
2023-07-06,39016,19
2023-07-07,39035,19
2023-07-08,39055,20
2023-07-09,39074,19
2023-07-10,39094,20
2023-07-11,39113,19
2023-07-12,39132,19
2023-07-13,39152,20
2023-07-14,39171,19
2023-07-15,39190,19
2023-07-16,39210,20
2023-07-17,39229,19
2023-07-18,39248,19
2023-07-19,39268,20
2023-07-20,39287,19
2023-07-21,39306,19
2023-07-22,39326,20
2023-07-23,39345,19
2023-07-24,39365,20
2023-07-25,39384,19
2023-07-26,39403,19
2023-07-27,39423,20
2023-07-28,39442,19
2023-07-29,39461,19
2023-07-30,39481,20
2023-07-31,39500,19
2023-08-01,39516,16
2023-08-02,39532,16
2023-08-03,39548,16
2023-08-04,39565,17
2023-08-05,39581,16
2023-08-06,39597,16
2023-08-07,39613,16
2023-08-08,39629,16
2023-08-09,39645,16
2023-08-10,39661,16
2023-08-11,39677,16
2023-08-12,39694,17
2023-08-13,39710,16
2023-08-14,39726,16
2023-08-15,39742,16
2023-08-16,39758,16
2023-08-17,39774,16
2023-08-18,39790,16
2023-08-19,39806,16
2023-08-20,39823,17
2023-08-21,39839,16
2023-08-22,39855,16
2023-08-23,39871,16
2023-08-24,39887,16
2023-08-25,39903,16
2023-08-26,39919,16
2023-08-27,39935,16
2023-08-28,39952,17
2023-08-29,39968,16
2023-08-30,39984,16
2023-08-31,40000,16
2023-09-01,40013,13
2023-09-02,40027,14
2023-09-03,40040,13
2023-09-04,40053,13
2023-09-05,40067,14
2023-09-06,40080,13
2023-09-07,40093,13
2023-09-08,40107,14
2023-09-09,40120,13
2023-09-10,40133,13
2023-09-11,40147,14
2023-09-12,40160,13
2023-09-13,40173,13
2023-09-14,40187,14
2023-09-15,40200,13
2023-09-16,40213,13
2023-09-17,40227,14
2023-09-18,40240,13
2023-09-19,40253,13
2023-09-20,40267,14
2023-09-21,40280,13
2023-09-22,40293,13
2023-09-23,40307,14
2023-09-24,40320,13
2023-09-25,40333,13
2023-09-26,40347,14
2023-09-27,40360,13
2023-09-28,40373,13
2023-09-29,40387,14
2023-09-30,40400,13
2023-10-01,40408,8
2023-10-02,40416,8
2023-10-03,40424,8
2023-10-04,40432,8
2023-10-05,40440,8
2023-10-06,40448,8
2023-10-07,40456,8
2023-10-08,40465,9
2023-10-09,40473,8
2023-10-10,40481,8
2023-10-11,40489,8
2023-10-12,40497,8
2023-10-13,40505,8
2023-10-14,40513,8
2023-10-15,40521,8
2023-10-16,40529,8
2023-10-17,40537,8
2023-10-18,40545,8
2023-10-19,40553,8
2023-10-20,40561,8
2023-10-21,40569,8
2023-10-22,40577,8
2023-10-23,40585,8
2023-10-24,40594,9
2023-10-25,40602,8
2023-10-26,40610,8
2023-10-27,40618,8
2023-10-28,40626,8
2023-10-29,40634,8
2023-10-30,40642,8
2023-10-31,40650,8
2023-11-01,40654,4
2023-11-02,40659,5
2023-11-03,40663,4
2023-11-04,40667,4
2023-11-05,40672,5
2023-11-06,40676,4
2023-11-07,40680,4
2023-11-08,40685,5
2023-11-09,40689,4
2023-11-10,40693,4
2023-11-11,40698,5
2023-11-12,40702,4
2023-11-13,40706,4
2023-11-14,40711,5
2023-11-15,40715,4
2023-11-16,40719,4
2023-11-17,40724,5
2023-11-18,40728,4
2023-11-19,40732,4
2023-11-20,40737,5
2023-11-21,40741,4
2023-11-22,40745,4
2023-11-23,40750,5
2023-11-24,40754,4
2023-11-25,40758,4
2023-11-26,40763,5
2023-11-27,40767,4
2023-11-28,40771,4
2023-11-29,40776,5
2023-11-30,40780,4
2023-12-01,40784,4
2023-12-02,40788,4
2023-12-03,40791,3
2023-12-04,40795,4
2023-12-05,40799,4
2023-12-06,40803,4
2023-12-07,40807,4
2023-12-08,40810,3
2023-12-09,40814,4
2023-12-10,40818,4
2023-12-11,40822,4
2023-12-12,40826,4
2023-12-13,40829,3
2023-12-14,40833,4
2023-12-15,40837,4
2023-12-16,40841,4
2023-12-17,40845,4
2023-12-18,40849,4
2023-12-19,40852,3
2023-12-20,40856,4
2023-12-21,40860,4
2023-12-22,40864,4
2023-12-23,40868,4
2023-12-24,40871,3
2023-12-25,40875,4
2023-12-26,40879,4
2023-12-27,40883,4
2023-12-28,40887,4
2023-12-29,40890,3
2023-12-30,40894,4
2023-12-31,40898,4
2024-01-01,40921,23
2024-01-02,40943,22
2024-01-03,40966,23
2024-01-04,40989,23
2024-01-05,41011,22
2024-01-06,41034,23
2024-01-07,41057,23
2024-01-08,41079,22
2024-01-09,41102,23
2024-01-10,41124,22
2024-01-11,41147,23
2024-01-12,41170,23
2024-01-13,41192,22
2024-01-14,41215,23
2024-01-15,41238,23
2024-01-16,41260,22
2024-01-17,41283,23
2024-01-18,41306,23
2024-01-19,41328,22
2024-01-20,41351,23
2024-01-21,41374,23
2024-01-22,41396,22
2024-01-23,41419,23
2024-01-24,41441,22
2024-01-25,41464,23
2024-01-26,41487,23
2024-01-27,41509,22
2024-01-28,41532,23
2024-01-29,41555,23
2024-01-30,41577,22
2024-01-31,41600,23
2024-02-01,41626,26
2024-02-02,41652,26
2024-02-03,41678,26
2024-02-04,41703,25
2024-02-05,41729,26
2024-02-06,41755,26
2024-02-07,41781,26
2024-02-08,41807,26
2024-02-09,41833,26
2024-02-10,41859,26
2024-02-11,41884,25
2024-02-12,41910,26
2024-02-13,41936,26
2024-02-14,41962,26
2024-02-15,41988,26
2024-02-16,42014,26
2024-02-17,42040,26
2024-02-18,42066,26
2024-02-19,42091,25
2024-02-20,42117,26
2024-02-21,42143,26
2024-02-22,42169,26
2024-02-23,42195,26
2024-02-24,42221,26
2024-02-25,42247,26
2024-02-26,42272,25
2024-02-27,42298,26
2024-02-28,42324,26
2024-02-29,42350,26
2024-03-01,42376,26
2024-03-02,42402,26
2024-03-03,42427,25
2024-03-04,42453,26
2024-03-05,42479,26
2024-03-06,42505,26
2024-03-07,42531,26
2024-03-08,42556,25
2024-03-09,42582,26
2024-03-10,42608,26
2024-03-11,42634,26
2024-03-12,42660,26
2024-03-13,42685,25
2024-03-14,42711,26
2024-03-15,42737,26
2024-03-16,42763,26
2024-03-17,42789,26
2024-03-18,42815,26
2024-03-19,42840,25
2024-03-20,42866,26
2024-03-21,42892,26
2024-03-22,42918,26
2024-03-23,42944,26
2024-03-24,42969,25
2024-03-25,42995,26
2024-03-26,43021,26
2024-03-27,43047,26
2024-03-28,43073,26
2024-03-29,43098,25
2024-03-30,43124,26
2024-03-31,43150,26
2024-04-01,43178,28
2024-04-02,43207,29
2024-04-03,43235,28
2024-04-04,43263,28
2024-04-05,43292,29
2024-04-06,43320,28
2024-04-07,43348,28
2024-04-08,43377,29
2024-04-09,43405,28
2024-04-10,43433,28
2024-04-11,43462,29
2024-04-12,43490,28
2024-04-13,43518,28
2024-04-14,43547,29
2024-04-15,43575,28
2024-04-16,43603,28
2024-04-17,43632,29
2024-04-18,43660,28
2024-04-19,43688,28
2024-04-20,43717,29
2024-04-21,43745,28
2024-04-22,43773,28
2024-04-23,43802,29
2024-04-24,43830,28
2024-04-25,43858,28
2024-04-26,43887,29
2024-04-27,43915,28
2024-04-28,43943,28
2024-04-29,43972,29
2024-04-30,44000,28
2024-05-01,44029,29
2024-05-02,44058,29
2024-05-03,44087,29
2024-05-04,44116,29
2024-05-05,44145,29
2024-05-06,44174,29
2024-05-07,44203,29
2024-05-08,44232,29
2024-05-09,44261,29
2024-05-10,44290,29
2024-05-11,44319,29
2024-05-12,44348,29
2024-05-13,44377,29
2024-05-14,44406,29
2024-05-15,44435,29
2024-05-16,44465,30
2024-05-17,44494,29
2024-05-18,44523,29
2024-05-19,44552,29
2024-05-20,44581,29
2024-05-21,44610,29
2024-05-22,44639,29
2024-05-23,44668,29
2024-05-24,44697,29
2024-05-25,44726,29
2024-05-26,44755,29
2024-05-27,44784,29
2024-05-28,44813,29
2024-05-29,44842,29
2024-05-30,44871,29
2024-05-31,44900,29
2024-06-01,44930,30
2024-06-02,44960,30
2024-06-03,44990,30
2024-06-04,45020,30
2024-06-05,45050,30
2024-06-06,45080,30
2024-06-07,45110,30
2024-06-08,45140,30
2024-06-09,45170,30
2024-06-10,45200,30
2024-06-11,45230,30
2024-06-12,45260,30
2024-06-13,45290,30
2024-06-14,45320,30
2024-06-15,45350,30
2024-06-16,45380,30
2024-06-17,45410,30
2024-06-18,45440,30
2024-06-19,45470,30
2024-06-20,45500,30
2024-06-21,45530,30
2024-06-22,45560,30
2024-06-23,45590,30
2024-06-24,45620,30
2024-06-25,45650,30
2024-06-26,45680,30
2024-06-27,45710,30
2024-06-28,45740,30
2024-06-29,45770,30
2024-06-30,45800,30
2024-07-01,45827,27
2024-07-02,45855,28
2024-07-03,45882,27
2024-07-04,45910,28
2024-07-05,45937,27
2024-07-06,45965,28
2024-07-07,45992,27
2024-07-08,46019,27
2024-07-09,46047,28
2024-07-10,46074,27
2024-07-11,46102,28
2024-07-12,46129,27
2024-07-13,46156,27
2024-07-14,46184,28
2024-07-15,46211,27
2024-07-16,46239,28
2024-07-17,46266,27
2024-07-18,46294,28
2024-07-19,46321,27
2024-07-20,46348,27
2024-07-21,46376,28
2024-07-22,46403,27
2024-07-23,46431,28
2024-07-24,46458,27
2024-07-25,46485,27
2024-07-26,46513,28
2024-07-27,46540,27
2024-07-28,46568,28
2024-07-29,46595,27
2024-07-30,46623,28
2024-07-31,46650,27
2024-08-01,46674,24
2024-08-02,46698,24
2024-08-03,46723,25
2024-08-04,46747,24
2024-08-05,46771,24
2024-08-06,46795,24
2024-08-07,46819,24
2024-08-08,46844,25
2024-08-09,46868,24
2024-08-10,46892,24
2024-08-11,46916,24
2024-08-12,46940,24
2024-08-13,46965,25
2024-08-14,46989,24
2024-08-15,47013,24
2024-08-16,47037,24
2024-08-17,47061,24
2024-08-18,47085,24
2024-08-19,47110,25
2024-08-20,47134,24
2024-08-21,47158,24
2024-08-22,47182,24
2024-08-23,47206,24
2024-08-24,47231,25
2024-08-25,47255,24
2024-08-26,47279,24
2024-08-27,47303,24
2024-08-28,47327,24
2024-08-29,47352,25
2024-08-30,47376,24
2024-08-31,47400,24
2024-09-01,47422,22
2024-09-02,47443,21
2024-09-03,47465,22
2024-09-04,47487,22
2024-09-05,47508,21
2024-09-06,47530,22
2024-09-07,47552,22
2024-09-08,47573,21
2024-09-09,47595,22
2024-09-10,47617,22
2024-09-11,47638,21
2024-09-12,47660,22
2024-09-13,47682,22
2024-09-14,47703,21
2024-09-15,47725,22
2024-09-16,47747,22
2024-09-17,47768,21
2024-09-18,47790,22
2024-09-19,47812,22
2024-09-20,47833,21
2024-09-21,47855,22
2024-09-22,47877,22
2024-09-23,47898,21
2024-09-24,47920,22
2024-09-25,47942,22
2024-09-26,47963,21
2024-09-27,47985,22
2024-09-28,48007,22
2024-09-29,48028,21
2024-09-30,48050,22
2024-10-01,48066,16
2024-10-02,48082,16
2024-10-03,48098,16
2024-10-04,48115,17
2024-10-05,48131,16
2024-10-06,48147,16
2024-10-07,48163,16
2024-10-08,48179,16
2024-10-09,48195,16
2024-10-10,48211,16
2024-10-11,48227,16
2024-10-12,48244,17
2024-10-13,48260,16
2024-10-14,48276,16
2024-10-15,48292,16
2024-10-16,48308,16
2024-10-17,48324,16
2024-10-18,48340,16
2024-10-19,48356,16
2024-10-20,48373,17
2024-10-21,48389,16
2024-10-22,48405,16
2024-10-23,48421,16
2024-10-24,48437,16
2024-10-25,48453,16
2024-10-26,48469,16
2024-10-27,48485,16
2024-10-28,48502,17
2024-10-29,48518,16
2024-10-30,48534,16
2024-10-31,48550,16
2024-11-01,48558,8
2024-11-02,48565,7
2024-11-03,48573,8
2024-11-04,48581,8
2024-11-05,48588,7
2024-11-06,48596,8
2024-11-07,48604,8
2024-11-08,48611,7
2024-11-09,48619,8
2024-11-10,48627,8
2024-11-11,48634,7
2024-11-12,48642,8
2024-11-13,48650,8
2024-11-14,48657,7
2024-11-15,48665,8
2024-11-16,48673,8
2024-11-17,48680,7
2024-11-18,48688,8
2024-11-19,48696,8
2024-11-20,48703,7
2024-11-21,48711,8
2024-11-22,48719,8
2024-11-23,48726,7
2024-11-24,48734,8
2024-11-25,48742,8
2024-11-26,48749,7
2024-11-27,48757,8
2024-11-28,48765,8
2024-11-29,48772,7
2024-11-30,48780,8
2024-12-01,48787,7
2024-12-02,48795,8
2024-12-03,48802,7
2024-12-04,48809,7
2024-12-05,48817,8
2024-12-06,48824,7
2024-12-07,48831,7
2024-12-08,48839,8
2024-12-09,48846,7
2024-12-10,48853,7
2024-12-11,48861,8
2024-12-12,48868,7
2024-12-13,48875,7
2024-12-14,48883,8
2024-12-15,48890,7
2024-12-16,48897,7
2024-12-17,48904,7
2024-12-18,48912,8
2024-12-19,48919,7
2024-12-20,48926,7
2024-12-21,48934,8
2024-12-22,48941,7
2024-12-23,48948,7
2024-12-24,48956,8
2024-12-25,48963,7
2024-12-26,48970,7
2024-12-27,48978,8
2024-12-28,48985,7
2024-12-29,48992,7
2024-12-30,49000,8
2024-12-31,49007,7
