날짜,일별_총전력(MWh)
2013-01-01,8148.96
2013-01-02,9253.83
2013-01-03,10889.43
2013-01-04,10739.19
2013-01-05,9278.93
2013-01-06,8756.74
2013-01-07,10689.63
2013-01-08,9837.89
2013-01-09,10272.23
2013-01-10,10125.16
2013-01-11,9924.85
2013-01-12,8778.53
2013-01-13,8415.74
2013-01-14,9119.07
2013-01-15,9518.85
2013-01-16,9392.66
2013-01-17,9923.19
2013-01-18,9854.14
2013-01-19,9171.94
2013-01-20,8850.19
2013-01-21,9211.18
2013-01-22,9220.86
2013-01-23,9405.81
2013-01-24,9595.83
2013-01-25,9697.69
2013-01-26,9939.41
2013-01-27,8997.41
2013-01-28,9534.03
2013-01-29,9379.21
2013-01-30,9089.66
2013-01-31,8773.81
2013-02-01,8555.24
2013-02-02,8199.65
2013-02-03,8101.52
2013-02-04,8551.42
2013-02-05,9164.06
2013-02-06,9231.86
2013-02-07,9949.85
2013-02-08,10417.21
2013-02-09,8783.01
2013-02-10,7505.27
2013-02-11,7855.05
2013-02-12,9291.8
2013-02-13,9530.53
2013-02-14,9582.13
2013-02-15,9367.71
2013-02-16,9037.54
2013-02-17,8669.54
2013-02-18,9297.05
2013-02-19,9747.57
2013-02-20,9971.51
2013-02-21,9857.26
2013-02-22,9529.73
2013-02-23,8795.01
2013-02-24,8376.79
2013-02-25,8966.38
2013-02-26,8920.93
2013-02-27,8495.88
2013-02-28,8278.61
2013-03-01,8819.46
2013-03-02,8755.17
2013-03-03,8212.16
2013-03-04,8754.53
2013-03-05,8714.08
2013-03-06,8393.42
2013-03-07,7956.49
2013-03-08,8042.47
2013-03-09,8582.08
2013-03-10,7365.84
2013-03-11,8113.62
2013-03-12,7769.36
2013-03-13,8278.48
2013-03-14,8446.65
2013-03-15,8533.96
2013-03-16,7984.29
2013-03-17,7614.28
2013-03-18,7914.45
2013-03-19,7978.22
2013-03-20,8118.63
2013-03-21,8618.27
2013-03-22,8753.02
2013-03-23,7978.02
2013-03-24,7565.81
2013-03-25,8660.21
2013-03-26,8670.7
2013-03-27,8288.32
2013-03-28,8161.55
2013-03-29,8176.86
2013-03-30,7915.75
2013-03-31,7293.12
2013-04-01,7861.59
2013-04-02,8826.06
2013-04-03,8195.64
2013-04-04,7265.95
2013-04-05,7760.17
2013-04-06,7919.11
2013-04-07,7851.96
2013-04-08,8186.62
2013-04-09,8340.77
2013-04-10,9289.03
2013-04-11,8356.01
2013-04-12,8789.8
2013-04-13,7860.23
2013-04-14,7081.0
2013-04-15,7951.76
2013-04-16,7407.62
2013-04-17,7235.12
2013-04-18,7481.19
2013-04-19,7629.94
2013-04-20,7941.0
2013-04-21,7339.0
2013-04-22,7980.35
2013-04-23,9043.05
2013-04-24,8438.21
2013-04-25,8701.45
2013-04-26,8299.21
2013-04-27,7380.6
2013-04-28,6685.72
2013-04-29,7032.32
2013-04-30,7204.42
2013-05-01,6949.93
2013-05-02,7532.55
2013-05-03,7360.89
2013-05-04,7031.32
2013-05-05,7812.86
2013-05-06,8837.25
2013-05-07,8756.58
2013-05-08,8612.65
2013-05-09,8547.64
2013-05-10,8456.41
2013-05-11,7868.87
2013-05-12,8413.92
2013-05-13,9005.08
2013-05-14,8941.05
2013-05-15,8927.45
2013-05-16,9642.86
2013-05-17,9826.67
2013-05-18,9963.47
2013-05-19,9464.5
2013-05-20,10057.5
2013-05-21,10172.4
2013-05-22,9887.85
2013-05-23,9186.29
2013-05-24,9237.73
2013-05-25,8899.0
2013-05-26,8355.22
2013-05-27,8494.79
2013-05-28,8334.49
2013-05-29,8490.58
2013-05-30,8179.51
2013-05-31,7033.82
2013-06-01,6358.02
2013-06-02,6084.99
2013-06-03,8309.01
2013-06-04,8817.42
2013-06-05,7889.79
2013-06-06,6517.94
2013-06-07,7957.2
2013-06-08,6389.14
2013-06-09,6019.91
2013-06-10,7135.44
2013-06-11,6770.44
2013-06-12,6700.67
2013-06-13,6730.43
2013-06-14,6770.89
2013-06-15,6806.75
2013-06-16,6532.87
2013-06-17,7143.6
2013-06-18,7530.72
2013-06-19,7635.35
2013-06-20,7492.5
2013-06-21,7379.63
2013-06-22,6731.75
2013-06-23,6402.04
2013-06-24,6904.94
2013-06-25,6984.42
2013-06-26,7208.6
2013-06-27,6987.47
2013-06-28,7233.54
2013-06-29,7002.08
2013-06-30,6662.84
2013-07-01,7712.23
2013-07-02,8439.15
2013-07-03,8496.34
2013-07-04,8359.4
2013-07-05,8321.23
2013-07-06,7309.51
2013-07-07,7425.35
2013-07-08,8518.35
2013-07-09,9085.47
2013-07-10,9032.96
2013-07-11,8993.26
2013-07-12,9054.91
2013-07-13,8889.05
2013-07-14,8460.44
2013-07-15,9189.65
2013-07-16,9164.49
2013-07-17,9334.24
2013-07-18,9500.03
2013-07-19,9517.46
2013-07-20,8924.83
2013-07-21,8482.57
2013-07-22,9354.32
2013-07-23,9360.11
2013-07-24,9497.63
2013-07-25,8674.54
2013-07-26,8142.23
2013-07-27,7542.72
2013-07-28,7496.36
2013-07-29,8964.5
2013-07-30,10150.71
2013-07-31,9806.52
2013-08-01,9146.69
2013-08-02,9313.84
2013-08-03,8254.24
2013-08-04,8284.31
2013-08-05,9171.09
2013-08-06,9719.6
2013-08-07,9637.32
2013-08-08,9825.53
2013-08-09,9930.46
2013-08-10,9560.13
2013-08-11,8866.59
2013-08-12,10311.09
2013-08-13,9786.07
2013-08-14,9851.94
2013-08-15,8927.88
2013-08-16,9672.89
2013-08-17,9151.3
2013-08-18,8944.49
2013-08-19,9548.85
2013-08-20,9657.43
2013-08-21,9645.85
2013-08-22,9890.41
2013-08-23,9324.04
2013-08-24,8514.3
2013-08-25,7964.22
2013-08-26,8003.09
2013-08-27,7768.18
2013-08-28,7965.35
2013-08-29,8897.26
2013-08-30,8180.72
2013-08-31,7087.44
2013-09-01,6367.96
2013-09-02,7217.01
2013-09-03,7061.83
2013-09-04,7005.65
2013-09-05,6748.0
2013-09-06,6711.29
2013-09-07,6223.63
2013-09-08,5968.83
2013-09-09,6679.61
2013-09-10,6916.13
2013-09-11,7352.48
2013-09-12,7757.8
2013-09-13,7921.94
2013-09-14,7034.31
2013-09-15,6588.46
2013-09-16,6854.97
2013-09-17,6650.42
2013-09-18,6834.5
2013-09-19,5921.16
2013-09-20,6242.01
2013-09-21,6295.37
2013-09-22,6286.34
2013-09-23,6853.67
2013-09-24,7075.93
2013-09-25,6469.72
2013-09-26,6411.56
2013-09-27,6235.65
2013-09-28,6264.5
2013-09-29,5967.43
2013-09-30,6393.12
2013-10-01,6455.24
2013-10-02,6586.54
2013-10-03,6296.81
2013-10-04,6671.91
2013-10-05,6673.52
2013-10-06,6505.21
2013-10-07,7136.62
2013-10-08,7154.06
2013-10-09,6516.76
2013-10-10,7248.46
2013-10-11,6886.36
2013-10-12,6374.57
2013-10-13,6121.48
2013-10-14,6714.51
2013-10-15,6775.16
2013-10-16,6670.88
2013-10-17,6629.32
2013-10-18,6681.8
2013-10-19,6485.64
2013-10-20,6112.06
2013-10-21,7291.46
2013-10-22,7044.88
2013-10-23,7209.42
2013-10-24,7148.5
2013-10-25,7032.56
2013-10-26,6904.34
2013-10-27,6665.97
2013-10-28,7203.53
2013-10-29,7238.45
2013-10-30,7312.26
2013-10-31,7224.13
2013-11-01,6602.58
2013-11-02,6353.8
2013-11-03,6035.01
2013-11-04,6625.64
2013-11-05,6594.56
2013-11-06,6630.23
2013-11-07,6637.58
2013-11-08,6627.72
2013-11-09,6626.38
2013-11-10,7046.77
2013-11-11,7793.03
2013-11-12,7844.32
2013-11-13,7843.12
2013-11-14,7285.95
2013-11-15,6952.12
2013-11-16,6709.41
2013-11-17,7070.84
2013-11-18,7654.24
2013-11-19,8558.36
2013-11-20,8364.11
2013-11-21,7662.94
2013-11-22,7563.8
2013-11-23,7185.18
2013-11-24,6946.17
2013-11-25,7896.5
2013-11-26,7580.24
2013-11-27,7943.64
2013-11-28,8863.49
2013-11-29,8578.91
2013-11-30,7718.84
2013-12-01,7155.37
2013-12-02,7895.29
2013-12-03,7886.68
2013-12-04,7888.44
2013-12-05,8005.99
2013-12-06,7971.13
2013-12-07,7770.59
2013-12-08,7587.45
2013-12-09,8045.75
2013-12-10,8452.22
2013-12-11,8613.3
2013-12-12,8422.11
2013-12-13,8524.44
2013-12-14,8164.96
2013-12-15,7734.78
2013-12-16,8567.47
2013-12-17,8807.89
2013-12-18,8636.75
2013-12-19,9111.43
2013-12-20,9213.91
2013-12-21,8803.53
2013-12-22,8301.43
2013-12-23,9175.45
2013-12-24,9065.91
2013-12-25,8483.24
2013-12-26,8997.84
2013-12-27,9761.56
2013-12-28,9253.55
2013-12-29,8627.2
2013-12-30,9331.93
2013-12-31,8696.7
2014-01-01,7556.23
2014-01-02,8646.33
2014-01-03,8721.77
2014-01-04,8392.56
2014-01-05,8202.2
2014-01-06,9180.2
2014-01-07,8993.19
2014-01-08,9485.75
2014-01-09,10376.33
2014-01-10,9938.7
2014-01-11,9180.61
2014-01-12,8804.02
2014-01-13,10263.3
2014-01-14,9998.02
2014-01-15,10119.31
2014-01-16,9944.69
2014-01-17,9817.64
2014-01-18,9396.24
2014-01-19,8871.78
2014-01-20,9465.3
2014-01-21,10324.11
2014-01-22,10205.45
2014-01-23,9750.96
2014-01-24,9088.49
2014-01-25,8263.3
2014-01-26,8426.71
2014-01-27,9267.21
2014-01-28,9008.14
2014-01-29,8582.2
2014-01-30,7437.84
2014-01-31,6725.56
2014-02-01,6651.39
2014-02-02,6721.96
2014-02-03,8167.86
2014-02-04,9722.96
2014-02-05,10062.98
2014-02-06,10050.83
2014-02-07,9680.36
2014-02-08,9697.26
2014-02-09,9392.82
2014-02-10,10512.91
2014-02-11,10132.44
2014-02-12,9608.74
2014-02-13,9284.2
2014-02-14,9404.08
2014-02-15,8779.07
2014-02-16,8226.19
2014-02-17,9536.88
2014-02-18,9437.55
2014-02-19,9409.1
2014-02-20,9434.96
2014-02-21,9569.91
2014-02-22,9236.2
2014-02-23,8933.96
2014-02-24,9403.04
2014-02-25,9118.53
2014-02-26,9020.96
2014-02-27,8282.77
2014-02-28,8648.34
2014-03-01,8350.73
2014-03-02,8300.06
2014-03-03,8468.41
2014-03-04,8906.62
2014-03-05,8801.87
2014-03-06,9087.89
2014-03-07,9247.77
2014-03-08,9002.4
2014-03-09,8545.9
2014-03-10,9492.09
2014-03-11,9208.76
2014-03-12,8766.63
2014-03-13,8985.48
2014-03-14,9327.39
2014-03-15,8779.17
2014-03-16,7789.3
2014-03-17,8200.46
2014-03-18,7786.33
2014-03-19,7995.89
2014-03-20,8566.39
2014-03-21,9075.69
2014-03-22,8724.71
2014-03-23,7713.29
2014-03-24,8010.21
2014-03-25,8307.45
2014-03-26,7841.26
2014-03-27,8017.73
2014-03-28,8047.0
2014-03-29,7417.44
2014-03-30,7063.89
2014-03-31,7687.27
2014-04-01,7534.13
2014-04-02,8137.78
2014-04-03,7741.89
2014-04-04,8442.62
2014-04-05,8004.72
2014-04-06,7908.99
2014-04-07,8116.42
2014-04-08,8324.47
2014-04-09,7754.69
2014-04-10,7746.77
2014-04-11,7464.74
2014-04-12,4635.95
2014-04-13,5741.14
2014-04-14,8837.79
2014-04-15,10147.32
2014-04-16,10055.04
2014-04-17,10120.61
2014-04-18,10183.28
2014-04-19,10123.78
2014-04-20,9822.8
2014-04-21,10098.69
2014-04-22,9969.62
2014-04-23,10088.74
2014-04-24,9922.67
2014-04-25,9922.67
2014-04-26,9264.66
2014-04-27,9100.07
2014-04-28,9601.94
2014-04-29,9888.49
2014-04-30,9806.14
2014-05-01,9418.98
2014-05-02,9620.47
2014-05-03,9419.3
2014-05-04,9563.26
2014-05-05,9441.89
2014-05-06,8965.79
2014-05-07,7798.45
2014-05-08,6811.66
2014-05-09,7060.55
2014-05-10,7200.5
2014-05-11,6915.88
2014-05-12,7670.04
2014-05-13,7362.36
2014-05-14,7482.85
2014-05-15,7386.04
2014-05-16,7709.01
2014-05-17,7213.13
2014-05-18,6920.17
2014-05-19,7262.83
2014-05-20,7408.78
2014-05-21,7293.81
2014-05-22,6859.04
2014-05-23,5601.8
2014-05-24,5405.8
2014-05-25,5553.17
2014-05-26,5658.03
2014-05-27,5587.73
2014-05-28,5784.35
2014-05-29,6915.31
2014-05-30,5820.8
2014-05-31,5652.41
2014-06-01,6693.01
2014-06-02,6472.34
2014-06-03,6662.29
2014-06-04,5765.57
2014-06-05,6746.8
2014-06-06,5901.56
2014-06-07,5746.73
2014-06-08,5340.55
2014-06-09,5963.53
2014-06-10,6201.77
2014-06-11,6256.77
2014-06-12,6252.55
2014-06-13,6511.82
2014-06-14,6200.08
2014-06-15,5854.23
2014-06-16,6371.79
2014-06-17,6274.33
2014-06-18,6096.25
2014-06-19,6251.06
2014-06-20,6072.61
2014-06-21,6225.79
2014-06-22,5658.25
2014-06-23,5927.16
2014-06-24,5907.9
2014-06-25,5834.31
2014-06-26,5856.5
2014-06-27,5916.89
2014-06-28,6248.82
2014-06-29,5963.68
2014-06-30,6039.66
2014-07-01,6443.11
2014-07-02,6238.38
2014-07-03,5940.74
2014-07-04,5846.08
2014-07-05,5820.95
2014-07-06,6646.83
2014-07-07,6401.69
2014-07-08,8801.1
2014-07-09,9129.67
2014-07-10,8642.16
2014-07-11,7523.42
2014-07-12,6942.85
2014-07-13,6655.49
2014-07-14,8548.21
2014-07-15,6192.2
2014-07-16,6447.94
2014-07-17,6673.07
2014-07-18,6942.32
2014-07-19,6550.26
2014-07-20,6483.32
2014-07-21,6888.35
2014-07-22,7153.0
2014-07-23,8294.8
2014-07-24,8709.68
2014-07-25,8182.06
2014-07-26,7692.1
2014-07-27,6624.22
2014-07-28,7805.73
2014-07-29,7308.7
2014-07-30,7875.55
2014-07-31,7602.8
2014-08-01,7309.4
2014-08-02,8044.78
2014-08-03,7182.62
2014-08-04,6840.55
2014-08-05,7245.73
2014-08-06,7905.97
2014-08-07,7301.83
2014-08-08,7046.08
2014-08-09,6899.72
2014-08-10,6267.73
2014-08-11,6753.42
2014-08-12,6885.51
2014-08-13,6816.65
2014-08-14,6735.89
2014-08-15,6276.79
2014-08-16,6040.61
2014-08-17,6014.51
2014-08-18,7138.02
2014-08-19,6609.78
2014-08-20,6464.04
2014-08-21,6929.49
2014-08-22,6645.77
2014-08-23,6247.53
2014-08-24,6083.04
2014-08-25,7235.6
2014-08-26,6946.66
2014-08-27,6658.88
2014-08-28,6130.46
2014-08-29,6086.47
2014-08-30,6238.98
2014-08-31,5887.2
2014-09-01,6180.06
2014-09-02,6065.61
2014-09-03,6565.29
2014-09-04,6144.66
2014-09-05,6117.19
2014-09-06,5626.34
2014-09-07,5736.94
2014-09-08,5298.08
2014-09-09,5584.76
2014-09-10,5715.85
2014-09-11,5965.45
2014-09-12,5686.36
2014-09-13,5692.92
2014-09-14,5758.57
2014-09-15,5983.27
2014-09-16,5988.95
2014-09-17,5786.89
2014-09-18,6063.6
2014-09-19,6375.07
2014-09-20,5610.89
2014-09-21,5413.2
2014-09-22,5770.6
2014-09-23,5700.38
2014-09-24,6261.83
2014-09-25,5918.48
2014-09-26,5828.21
2014-09-27,5492.16
2014-09-28,5312.76
2014-09-29,5777.54
2014-09-30,5740.32
2014-10-01,5584.42
2014-10-02,5550.53
2014-10-03,5738.54
2014-10-04,5818.22
2014-10-05,5838.49
2014-10-06,5848.27
2014-10-07,6168.65
2014-10-08,5698.43
2014-10-09,5461.17
2014-10-10,5830.16
2014-10-11,5919.06
2014-10-12,5711.17
2014-10-13,6181.41
2014-10-14,5815.01
2014-10-15,5766.12
2014-10-16,6957.66
2014-10-17,7495.59
2014-10-18,7108.93
2014-10-19,7705.64
2014-10-20,7728.88
2014-10-21,7762.98
2014-10-22,7649.61
2014-10-23,7531.13
2014-10-24,7614.97
2014-10-25,7292.7
2014-10-26,7010.55
2014-10-27,6966.24
2014-10-28,5963.92
2014-10-29,6029.74
2014-10-30,6579.71
2014-10-31,6185.3
2014-11-01,6096.74
2014-11-02,6802.82
2014-11-03,6849.99
2014-11-04,5976.19
2014-11-05,6168.35
2014-11-06,6220.18
2014-11-07,6222.75
2014-11-08,5918.19
2014-11-09,6639.82
2014-11-10,6916.92
2014-11-11,7434.96
2014-11-12,7792.36
2014-11-13,7941.38
2014-11-14,7826.28
2014-11-15,7273.0
2014-11-16,6893.29
2014-11-17,9755.7
2014-11-18,10950.59
2014-11-19,10968.18
2014-11-20,10853.86
2014-11-21,10842.68
2014-11-22,10161.24
2014-11-23,9644.7
2014-11-24,10196.84
2014-11-25,10499.97
2014-11-26,9399.64
2014-11-27,6521.43
2014-11-28,6858.84
2014-11-29,6705.68
2014-11-30,6911.06
2014-12-01,8003.47
2014-12-02,7875.01
2014-12-03,7556.87
2014-12-04,8069.89
2014-12-05,8186.12
2014-12-06,7645.07
2014-12-07,6858.58
2014-12-08,7596.64
2014-12-09,7514.37
2014-12-10,8789.68
2014-12-11,9998.2
2014-12-12,9116.63
2014-12-13,8010.27
2014-12-14,7323.67
2014-12-15,7674.48
2014-12-16,8879.25
2014-12-17,8808.16
2014-12-18,8687.61
2014-12-19,8292.13
2014-12-20,8020.72
2014-12-21,7787.12
2014-12-22,8884.12
2014-12-23,8108.6
2014-12-24,7660.76
2014-12-25,8246.9
2014-12-26,8406.19
2014-12-27,7618.44
2014-12-28,7442.23
2014-12-29,7630.8
2014-12-30,7912.82
2014-12-31,8815.63
2015-01-01,8144.98
2015-01-02,8738.09
2015-01-03,7952.29
2015-01-04,6803.61
2015-01-05,7448.88
2015-01-06,8402.67
2015-01-07,9055.33
2015-01-08,8713.8
2015-01-09,8476.12
2015-01-10,8052.37
2015-01-11,7997.87
2015-01-12,9386.82
2015-01-13,8086.24
2015-01-14,8436.23
2015-01-15,8390.89
2015-01-16,8688.33
2015-01-17,8786.8
2015-01-18,7818.59
2015-01-19,8634.54
2015-01-20,8296.22
2015-01-21,8315.17
2015-01-22,8933.95
2015-01-23,8375.67
2015-01-24,7744.53
2015-01-25,7164.2
2015-01-26,7685.15
2015-01-27,8782.53
2015-01-28,8786.93
2015-01-29,9313.43
2015-01-30,9145.16
2015-01-31,8795.55
2015-02-01,8525.46
2015-02-02,8215.97
2015-02-03,8406.03
2015-02-04,8721.85
2015-02-05,9447.76
2015-02-06,8472.86
2015-02-07,7989.93
2015-02-08,8634.34
2015-02-09,9316.55
2015-02-10,9380.07
2015-02-11,8356.77
2015-02-12,8796.68
2015-02-13,8633.63
2015-02-14,7858.96
2015-02-15,6916.76
2015-02-16,7526.07
2015-02-17,7969.81
2015-02-18,7743.24
2015-02-19,6880.84
2015-02-20,6416.12
2015-02-21,6674.59
2015-02-22,6890.82
2015-02-23,7738.96
2015-02-24,7889.35
2015-02-25,7677.37
2015-02-26,8077.04
2015-02-27,8725.46
2015-02-28,8231.14
2015-03-01,7826.25
2015-03-02,7971.88
2015-03-03,10192.97
2015-03-04,10427.65
2015-03-05,10024.76
2015-03-06,9168.16
2015-03-07,7808.13
2015-03-08,7559.6
2015-03-09,9846.75
2015-03-10,9676.59
2015-03-11,10059.98
2015-03-12,8490.36
2015-03-13,8983.89
2015-03-14,8030.87
2015-03-15,6915.0
2015-03-16,7751.71
2015-03-17,7592.9
2015-03-18,7957.92
2015-03-19,7836.76
2015-03-20,7829.52
2015-03-21,7963.87
2015-03-22,8244.23
2015-03-23,9262.81
2015-03-24,9558.01
2015-03-25,7551.31
2015-03-26,7393.07
2015-03-27,7363.38
2015-03-28,6603.09
2015-03-29,6547.03
2015-03-30,6620.84
2015-03-31,7270.69
2015-04-01,6130.53
2015-04-02,6502.79
2015-04-03,6427.69
2015-04-04,6235.87
2015-04-05,5451.49
2015-04-06,6931.68
2015-04-07,6997.62
2015-04-08,6993.33
2015-04-09,6783.68
2015-04-10,6814.81
2015-04-11,6487.92
2015-04-12,6761.78
2015-04-13,7099.38
2015-04-14,7238.85
2015-04-15,6958.25
2015-04-16,6493.47
2015-04-17,6750.62
2015-04-18,8772.22
2015-04-19,8304.75
2015-04-20,8692.73
2015-04-21,8793.29
2015-04-22,8807.5
2015-04-23,8979.73
2015-04-24,8755.05
2015-04-25,8245.24
2015-04-26,7909.33
2015-04-27,8573.31
2015-04-28,9603.33
2015-04-29,10359.15
2015-04-30,10509.71
2015-05-01,10073.34
2015-05-02,10062.14
2015-05-03,9640.08
2015-05-04,10131.93
2015-05-05,10124.45
2015-05-06,10718.45
2015-05-07,10454.19
2015-05-08,10226.52
2015-05-09,9881.03
2015-05-10,9568.57
2015-05-11,10377.8
2015-05-12,10141.3
2015-05-13,10059.04
2015-05-14,10092.1
2015-05-15,10190.48
2015-05-16,9655.18
2015-05-17,9376.95
2015-05-18,10177.79
2015-05-19,8829.99
2015-05-20,5695.5
2015-05-21,5829.79
2015-05-22,5673.47
2015-05-23,5645.25
2015-05-24,5877.82
2015-05-25,6144.16
2015-05-26,5954.37
2015-05-27,5871.9
2015-05-28,5832.94
2015-05-29,5949.36
2015-05-30,5912.84
2015-05-31,6726.95
2015-06-01,7543.18
2015-06-02,7614.63
2015-06-03,7698.58
2015-06-04,7696.11
2015-06-05,7514.53
2015-06-06,7216.58
2015-06-07,6893.74
2015-06-08,7526.46
2015-06-09,7589.52
2015-06-10,7769.6
2015-06-11,7323.1
2015-06-12,5886.74
2015-06-13,5990.13
2015-06-14,5530.18
2015-06-15,5668.89
2015-06-16,5504.98
2015-06-17,5473.63
2015-06-18,5984.15
2015-06-19,5612.4
2015-06-20,5611.97
2015-06-21,5416.46
2015-06-22,5525.16
2015-06-23,5541.14
2015-06-24,5757.77
2015-06-25,6052.8
2015-06-26,8054.01
2015-06-27,5799.9
2015-06-28,5299.22
2015-06-29,5462.12
2015-06-30,5830.67
2015-07-01,6223.45
2015-07-02,5449.11
2015-07-03,6645.82
2015-07-04,7071.11
2015-07-05,6198.98
2015-07-06,5294.98
2015-07-07,6040.63
2015-07-08,6500.65
2015-07-09,6442.88
2015-07-10,6143.58
2015-07-11,6803.62
2015-07-12,7009.43
2015-07-13,6681.44
2015-07-14,6453.6
2015-07-15,6669.27
2015-07-16,6271.79
2015-07-17,6481.52
2015-07-18,5805.19
2015-07-19,5744.24
2015-07-20,6640.06
2015-07-21,6798.5
2015-07-22,6841.06
2015-07-23,7648.57
2015-07-24,7890.91
2015-07-25,6942.07
2015-07-26,6383.82
2015-07-27,7768.29
2015-07-28,8440.43
2015-07-29,9410.36
2015-07-30,8557.9
2015-07-31,8507.4
2015-08-01,7731.91
2015-08-02,7408.35
2015-08-03,8457.05
2015-08-04,8520.97
2015-08-05,8455.11
2015-08-06,8712.63
2015-08-07,8793.7
2015-08-08,8241.38
2015-08-09,7363.17
2015-08-10,8114.83
2015-08-11,7974.81
2015-08-12,7296.91
2015-08-13,7505.21
2015-08-14,7039.66
2015-08-15,6895.22
2015-08-16,6609.07
2015-08-17,7311.59
2015-08-18,7322.5
2015-08-19,7492.44
2015-08-20,7569.1
2015-08-21,7787.7
2015-08-22,6481.31
2015-08-23,6489.98
2015-08-24,7273.76
2015-08-25,6857.71
2015-08-26,6861.73
2015-08-27,6576.05
2015-08-28,6813.36
2015-08-29,6069.7
2015-08-30,5720.77
2015-08-31,6520.18
2015-09-01,7233.18
2015-09-02,6792.3
2015-09-03,6843.55
2015-09-04,6829.88
2015-09-05,6101.17
2015-09-06,6638.03
2015-09-07,6827.94
2015-09-08,6482.86
2015-09-09,6239.56
2015-09-10,6054.21
2015-09-11,6071.94
2015-09-12,6949.57
2015-09-13,7281.33
2015-09-14,6998.95
2015-09-15,7154.0
2015-09-16,7392.77
2015-09-17,9683.59
2015-09-18,10401.76
2015-09-19,10123.18
2015-09-20,9796.76
2015-09-21,10471.8
2015-09-22,10583.45
2015-09-23,9935.96
2015-09-24,7602.7
2015-09-25,6669.8
2015-09-26,6375.6
2015-09-27,6124.87
2015-09-28,6435.09
2015-09-29,6902.71
2015-09-30,7705.35
2015-10-01,8778.87
2015-10-02,8402.57
2015-10-03,7502.59
2015-10-04,7369.53
2015-10-05,7809.9
2015-10-06,7909.01
2015-10-07,8050.78
2015-10-08,7978.41
2015-10-09,8043.12
2015-10-10,7709.48
2015-10-11,7812.85
2015-10-12,8089.14
2015-10-13,8572.53
2015-10-14,7885.48
2015-10-15,8432.44
2015-10-16,7826.23
2015-10-17,7935.21
2015-10-18,7082.88
2015-10-19,8329.61
2015-10-20,8465.69
2015-10-21,8617.06
2015-10-22,8579.54
2015-10-23,7914.64
2015-10-24,7962.08
2015-10-25,7627.96
2015-10-26,7987.81
2015-10-27,8088.72
2015-10-28,7641.04
2015-10-29,7711.4
2015-10-30,7865.94
2015-10-31,7518.14
2015-11-01,6819.37
2015-11-02,7449.19
2015-11-03,8117.6
2015-11-04,8822.99
2015-11-05,7875.73
2015-11-06,7548.11
2015-11-07,7499.67
2015-11-08,6734.67
2015-11-09,8309.74
2015-11-10,8490.56
2015-11-11,8150.2
2015-11-12,8774.86
2015-11-13,7913.7
2015-11-14,7160.7
2015-11-15,7503.27
2015-11-16,8261.8
2015-11-17,7350.03
2015-11-18,7932.53
2015-11-19,7181.23
2015-11-20,7376.55
2015-11-21,6789.94
2015-11-22,6414.43
2015-11-23,6643.89
2015-11-24,8102.28
2015-11-25,8423.31
2015-11-26,9820.72
2015-11-27,9008.64
2015-11-28,8171.34
2015-11-29,7823.82
2015-11-30,9083.92
2015-12-01,8630.44
2015-12-02,9395.75
2015-12-03,10532.41
2015-12-04,10723.45
2015-12-05,10105.85
2015-12-06,9586.59
2015-12-07,10125.82
2015-12-08,9745.93
2015-12-09,8256.03
2015-12-10,8440.41
2015-12-11,9379.49
2015-12-12,8249.37
2015-12-13,7995.74
2015-12-14,8551.95
2015-12-15,10001.44
2015-12-16,10268.72
2015-12-17,11299.65
2015-12-18,9553.37
2015-12-19,8816.82
2015-12-20,7006.82
2015-12-21,8658.91
2015-12-22,8120.49
2015-12-23,8299.89
2015-12-24,9439.06
2015-12-25,8848.78
2015-12-26,7584.09
2015-12-27,8680.42
2015-12-28,10295.33
2015-12-29,9411.54
2015-12-30,8755.59
2015-12-31,9647.89
2016-01-01,7187.83
2016-01-02,6939.97
2016-01-03,6526.52
2016-01-04,8191.23
2016-01-05,8608.26
2016-01-06,9116.68
2016-01-07,9049.08
2016-01-08,9163.95
2016-01-09,8118.42
2016-01-10,7098.57
2016-01-11,9331.7
2016-01-12,9779.13
2016-01-13,9830.72
2016-01-14,9629.36
2016-01-15,8632.17
2016-01-16,8027.55
2016-01-17,7874.28
2016-01-18,10638.74
2016-01-19,10780.94
2016-01-20,10272.22
2016-01-21,10627.12
2016-01-22,10551.34
2016-01-23,10443.62
2016-01-24,9441.93
2016-01-25,9057.9
2016-01-26,10752.26
2016-01-27,9022.46
2016-01-28,9047.88
2016-01-29,8806.62
2016-01-30,7710.75
2016-01-31,9195.92
2016-02-01,10955.77
2016-02-02,11214.37
2016-02-03,11134.65
2016-02-04,10491.98
2016-02-05,10899.82
2016-02-06,10926.25
2016-02-07,8649.78
2016-02-08,7386.74
2016-02-09,7498.31
2016-02-10,7147.2
2016-02-11,9155.39
2016-02-12,9695.14
2016-02-13,8163.97
2016-02-14,10008.79
2016-02-15,11419.85
2016-02-16,11914.93
2016-02-17,10956.1
2016-02-18,9804.74
2016-02-19,9725.97
2016-02-20,9979.38
2016-02-21,8555.33
2016-02-22,8797.85
2016-02-23,10655.9
2016-02-24,11887.54
2016-02-25,10731.48
2016-02-26,9580.56
2016-02-27,9610.58
2016-02-28,9204.07
2016-02-29,11880.88
2016-03-01,10869.55
2016-03-02,10478.18
2016-03-03,10723.48
2016-03-04,10168.48
2016-03-05,9478.01
2016-03-06,7957.26
2016-03-07,8463.13
2016-03-08,10291.72
2016-03-09,11428.3
2016-03-10,11562.33
2016-03-11,11654.02
2016-03-12,8620.47
2016-03-13,8109.1
2016-03-14,11097.86
2016-03-15,9867.1
2016-03-16,9633.77
2016-03-17,9495.27
2016-03-18,9367.31
2016-03-19,9032.05
2016-03-20,7116.76
2016-03-21,7672.75
2016-03-22,8270.29
2016-03-23,10209.47
2016-03-24,9958.29
2016-03-25,8775.07
2016-03-26,9875.07
2016-03-27,8545.71
2016-03-28,9141.22
2016-03-29,9368.95
2016-03-30,8711.86
2016-03-31,8414.17
2016-04-01,8598.89
2016-04-02,7016.01
2016-04-03,6499.22
2016-04-04,8863.78
2016-04-05,8543.79
2016-04-06,7958.94
2016-04-07,9202.16
2016-04-08,8428.09
2016-04-09,7348.17
2016-04-10,6966.44
2016-04-11,8185.51
2016-04-12,8877.93
2016-04-13,7859.84
2016-04-14,7844.03
2016-04-15,8272.11
2016-04-16,8650.51
2016-04-17,7648.93
2016-04-18,7350.52
2016-04-19,7929.88
2016-04-20,8885.56
2016-04-21,8347.91
2016-04-22,7049.01
2016-04-23,6616.16
2016-04-24,7580.2
2016-04-25,7479.07
2016-04-26,7329.2
2016-04-27,9256.9
2016-04-28,8716.15
2016-04-29,7786.13
2016-04-30,6729.5
2016-05-01,6884.18
2016-05-02,7598.8
2016-05-03,8359.17
2016-05-04,7839.4
2016-05-05,6380.14
2016-05-06,6280.35
2016-05-07,6796.89
2016-05-08,5920.18
2016-05-09,6355.39
2016-05-10,7287.3
2016-05-11,6961.61
2016-05-12,6812.04
2016-05-13,6726.99
2016-05-14,6611.12
2016-05-15,6539.26
2016-05-16,7876.62
2016-05-17,7595.11
2016-05-18,7227.3
2016-05-19,6256.35
2016-05-20,5964.03
2016-05-21,6105.34
2016-05-22,5422.55
2016-05-23,6758.36
2016-05-24,6948.25
2016-05-25,6280.39
2016-05-26,6302.97
2016-05-27,6626.98
2016-05-28,5638.91
2016-05-29,5584.41
2016-05-30,6983.83
2016-05-31,6352.71
2016-06-01,6825.64
2016-06-02,6843.94
2016-06-03,6843.68
2016-06-04,7356.46
2016-06-05,6701.51
2016-06-06,6750.73
2016-06-07,6819.9
2016-06-08,7143.01
2016-06-09,6567.15
2016-06-10,7532.16
2016-06-11,7978.26
2016-06-12,7518.77
2016-06-13,7985.59
2016-06-14,8191.91
2016-06-15,8444.58
2016-06-16,8345.18
2016-06-17,8055.97
2016-06-18,7850.53
2016-06-19,7728.15
2016-06-20,8270.66
2016-06-21,7634.29
2016-06-22,7440.09
2016-06-23,7150.85
2016-06-24,8420.3
2016-06-25,7048.84
2016-06-26,7281.86
2016-06-27,7052.07
2016-06-28,6202.54
2016-06-29,6575.91
2016-06-30,6631.36
2016-07-01,7785.11
2016-07-02,7321.33
2016-07-03,6900.21
2016-07-04,8618.43
2016-07-05,8847.9
2016-07-06,8239.57
2016-07-07,7847.3
2016-07-08,7549.76
2016-07-09,7529.75
2016-07-10,6371.19
2016-07-11,6832.2
2016-07-12,7402.96
2016-07-13,7859.23
2016-07-14,7483.17
2016-07-15,7195.6
2016-07-16,7317.62
2016-07-17,6546.62
2016-07-18,6968.76
2016-07-19,7698.6
2016-07-20,8142.89
2016-07-21,8330.99
2016-07-22,8212.13
2016-07-23,7886.98
2016-07-24,7701.78
2016-07-25,8934.56
2016-07-26,8604.59
2016-07-27,8576.21
2016-07-28,8874.74
2016-07-29,8898.74
2016-07-30,8185.84
2016-07-31,8364.52
2016-08-01,8467.27
2016-08-02,8461.78
2016-08-03,7438.45
2016-08-04,7845.37
2016-08-05,8269.71
2016-08-06,7676.34
2016-08-07,7255.43
2016-08-08,7998.02
2016-08-09,8593.43
2016-08-10,8640.46
2016-08-11,8598.61
2016-08-12,8735.55
2016-08-13,8083.53
2016-08-14,7758.73
2016-08-15,7998.66
2016-08-16,8553.38
2016-08-17,8661.22
2016-08-18,8549.36
2016-08-19,8283.62
2016-08-20,7291.88
2016-08-21,7162.44
2016-08-22,8636.13
2016-08-23,8383.71
2016-08-24,8100.48
2016-08-25,8274.66
2016-08-26,8020.87
2016-08-27,6949.54
2016-08-28,6912.55
2016-08-29,8828.09
2016-08-30,7992.9
2016-08-31,7994.23
2016-09-01,7095.99
2016-09-02,6794.71
2016-09-03,6222.37
2016-09-04,6261.53
2016-09-05,6787.0
2016-09-06,6810.62
2016-09-07,6687.22
2016-09-08,6627.9
2016-09-09,6997.91
2016-09-10,6879.48
2016-09-11,6079.04
2016-09-12,6464.26
2016-09-13,6696.02
2016-09-14,6546.5
2016-09-15,4886.93
2016-09-16,5565.8
2016-09-17,7255.64
2016-09-18,6457.19
2016-09-19,7703.71
2016-09-20,6293.08
2016-09-21,6003.02
2016-09-22,6311.34
2016-09-23,6476.44
2016-09-24,5522.4
2016-09-25,5265.99
2016-09-26,6533.09
2016-09-27,6808.48
2016-09-28,6535.08
2016-09-29,6456.35
2016-09-30,6719.92
2016-10-01,5973.88
2016-10-02,6273.43
2016-10-03,6344.19
2016-10-04,7121.36
2016-10-05,5871.71
2016-10-06,6374.31
2016-10-07,5709.95
2016-10-08,6921.77
2016-10-09,7107.09
2016-10-10,5595.22
2016-10-11,5398.97
2016-10-12,5886.9
2016-10-13,5660.06
2016-10-14,5735.8
2016-10-15,6316.16
2016-10-16,5231.39
2016-10-17,5932.2
2016-10-18,5806.33
2016-10-19,5470.86
2016-10-20,5719.86
2016-10-21,6566.95
2016-10-22,6301.59
2016-10-23,7184.45
2016-10-24,5997.58
2016-10-25,7582.25
2016-10-26,6124.3
2016-10-27,7069.67
2016-10-28,7573.81
2016-10-29,8040.37
2016-10-30,7253.4
2016-10-31,7886.63
2016-11-01,9291.82
2016-11-02,8914.83
2016-11-03,8125.76
2016-11-04,8014.17
2016-11-05,9523.19
2016-11-06,10288.22
2016-11-07,10697.57
2016-11-08,11371.22
2016-11-09,11367.44
2016-11-10,11662.56
2016-11-11,10219.55
2016-11-12,7585.66
2016-11-13,7238.08
2016-11-14,7898.44
2016-11-15,9303.15
2016-11-16,6408.52
2016-11-17,6159.95
2016-11-18,6637.59
2016-11-19,8261.4
2016-11-20,7418.0
2016-11-21,6651.61
2016-11-22,9478.09
2016-11-23,9764.17
2016-11-24,9445.1
2016-11-25,7719.33
2016-11-26,7101.31
2016-11-27,8193.85
2016-11-28,9216.21
2016-11-29,8275.45
2016-11-30,7334.15
2016-12-01,8844.34
2016-12-02,8773.04
2016-12-03,7247.07
2016-12-04,6745.02
2016-12-05,7375.0
2016-12-06,9304.57
2016-12-07,8395.67
2016-12-08,7522.88
2016-12-09,8804.85
2016-12-10,8631.75
2016-12-11,7542.92
2016-12-12,6792.08
2016-12-13,7967.38
2016-12-14,10543.58
2016-12-15,10790.7
2016-12-16,10170.81
2016-12-17,7714.26
2016-12-18,6865.83
2016-12-19,6809.89
2016-12-20,6901.02
2016-12-21,8198.68
2016-12-22,9582.14
2016-12-23,9861.24
2016-12-24,7883.92
2016-12-25,6643.85
2016-12-26,7506.08
2016-12-27,10616.95
2016-12-28,8772.13
2016-12-29,10036.92
2016-12-30,8303.66
2016-12-31,7416.84
2017-01-01,6952.0
2017-01-02,7005.0
2017-01-03,7716.0
2017-01-04,7640.0
2017-01-05,7272.0
2017-01-06,8219.0
2017-01-07,6943.0
2017-01-08,8824.0
2017-01-09,9696.0
2017-01-10,10252.0
2017-01-11,9441.0
2017-01-12,8651.0
2017-01-13,9595.0
2017-01-14,10429.0
2017-01-15,9708.0
2017-01-16,9138.0
2017-01-17,8233.0
2017-01-18,8781.0
2017-01-19,8474.0
2017-01-20,10445.0
2017-01-21,8553.0
2017-01-22,10012.0
2017-01-23,10156.0
2017-01-24,9825.0
2017-01-25,9012.0
2017-01-26,7995.0
2017-01-27,8481.0
2017-01-28,6858.0
2017-01-29,6404.0
2017-01-30,9949.0
2017-01-31,8382.0
2017-02-01,9878.0
2017-02-02,9645.0
2017-02-03,7896.0
2017-02-04,6895.0
2017-02-05,8710.0
2017-02-06,10076.0
2017-02-07,8802.0
2017-02-08,8632.0
2017-02-09,10716.0
2017-02-10,10155.0
2017-02-11,9898.0
2017-02-12,8647.0
2017-02-13,8567.0
2017-02-14,8995.0
2017-02-15,8077.0
2017-02-16,8001.0
2017-02-17,9936.0
2017-02-18,9926.0
2017-02-19,8719.0
2017-02-20,9727.0
2017-02-21,8140.0
2017-02-22,8387.0
2017-02-23,10887.0
2017-02-24,10347.0
2017-02-25,8065.0
2017-02-26,7288.0
2017-02-27,8421.0
2017-02-28,7819.0
2017-03-01,7494.0
2017-03-02,10189.0
2017-03-03,8751.0
2017-03-04,7669.0
2017-03-05,7135.0
2017-03-06,10364.0
2017-03-07,8793.0
2017-03-08,9533.0
2017-03-09,9175.0
2017-03-10,7825.0
2017-03-11,7223.0
2017-03-12,6661.0
2017-03-13,7390.0
2017-03-14,10077.0
2017-03-15,8313.0
2017-03-16,7476.0
2017-03-17,7664.0
2017-03-18,6847.0
2017-03-19,7027.0
2017-03-20,7427.0
2017-03-21,10373.0
2017-03-22,8522.0
2017-03-23,8771.0
2017-03-24,8594.0
2017-03-25,7802.0
2017-03-26,7979.0
2017-03-27,9151.0
2017-03-28,7456.0
2017-03-29,7278.0
2017-03-30,7601.0
2017-03-31,8246.0
2017-04-01,9133.0
2017-04-02,7698.0
2017-04-03,7720.0
2017-04-04,7382.0
2017-04-05,8477.0
2017-04-06,8059.0
2017-04-07,6590.0
2017-04-08,6271.0
2017-04-09,6716.0
2017-04-10,8659.0
2017-04-11,9472.0
2017-04-12,9390.0
2017-04-13,7439.0
2017-04-14,8696.0
2017-04-15,6292.0
2017-04-16,5987.0
2017-04-17,8009.0
2017-04-18,8351.0
2017-04-19,7827.0
2017-04-20,6772.0
2017-04-21,6585.0
2017-04-22,7750.0
2017-04-23,6924.0
2017-04-24,7011.0
2017-04-25,6505.0
2017-04-26,6950.0
2017-04-27,8776.0
2017-04-28,7227.0
2017-04-29,6858.0
2017-04-30,7582.0
2017-05-01,5941.0
2017-05-02,6280.0
2017-05-03,6394.0
2017-05-04,6907.0
2017-05-05,6384.0
2017-05-06,7699.0
2017-05-07,6200.0
2017-05-08,6240.0
2017-05-09,7452.0
2017-05-10,7446.0
2017-05-11,7313.0
2017-05-12,6615.0
2017-05-13,6171.0
2017-05-14,6618.0
2017-05-15,6779.0
2017-05-16,6283.0
2017-05-17,6498.0
2017-05-18,6505.0
2017-05-19,6176.0
2017-05-20,5868.0
2017-05-21,5691.0
2017-05-22,6199.0
2017-05-23,5873.0
2017-05-24,5876.0
2017-05-25,6383.0
2017-05-26,8712.0
2017-05-27,6763.0
2017-05-28,5593.0
2017-05-29,7386.0
2017-05-30,7931.0
2017-05-31,8118.0
2017-06-01,8133.0
2017-06-02,7911.0
2017-06-03,9528.0
2017-06-04,10309.0
2017-06-05,11007.0
2017-06-06,10088.0
2017-06-07,8224.0
2017-06-08,7841.0
2017-06-09,7870.0
2017-06-10,7628.0
2017-06-11,6685.0
2017-06-12,6130.0
2017-06-13,6658.0
2017-06-14,6191.0
2017-06-15,7492.0
2017-06-16,6358.0
2017-06-17,6305.0
2017-06-18,5911.0
2017-06-19,6356.0
2017-06-20,6949.0
2017-06-21,6582.0
2017-06-22,6030.0
2017-06-23,5926.0
2017-06-24,7131.0
2017-06-25,6854.0
2017-06-26,6062.0
2017-06-27,6134.0
2017-06-28,7814.0
2017-06-29,6171.0
2017-06-30,7098.0
2017-07-01,6753.0
2017-07-02,7637.0
2017-07-03,8026.0
2017-07-04,7723.0
2017-07-05,7837.0
2017-07-06,7924.0
2017-07-07,8325.0
2017-07-08,7557.0
2017-07-09,7316.0
2017-07-10,8794.0
2017-07-11,7539.0
2017-07-12,7893.0
2017-07-13,8070.0
2017-07-14,8584.0
2017-07-15,8153.0
2017-07-16,7887.0
2017-07-17,8863.0
2017-07-18,8255.0
2017-07-19,8781.0
2017-07-20,9445.0
2017-07-21,9828.0
2017-07-22,9044.0
2017-07-23,9322.0
2017-07-24,10259.0
2017-07-25,10111.0
2017-07-26,8625.0
2017-07-27,9105.0
2017-07-28,9141.0
2017-07-29,8732.0
2017-07-30,8179.0
2017-07-31,9533.0
2017-08-01,10200.0
2017-08-02,10252.0
2017-08-03,9478.0
2017-08-04,9921.0
2017-08-05,9336.0
2017-08-06,8698.0
2017-08-07,10036.0
2017-08-08,9204.0
2017-08-09,8858.0
2017-08-10,8618.0
2017-08-11,8623.0
2017-08-12,7900.0
2017-08-13,7029.0
2017-08-14,8713.0
2017-08-15,7771.0
2017-08-16,8266.0
2017-08-17,7900.0
2017-08-18,7976.0
2017-08-19,7422.0
2017-08-20,8586.0
2017-08-21,8980.0
2017-08-22,9660.0
2017-08-23,9987.0
2017-08-24,10193.0
2017-08-25,10183.0
2017-08-26,7931.0
2017-08-27,6984.0
2017-08-28,8634.0
2017-08-29,8037.0
2017-08-30,7644.0
2017-08-31,7624.0
2017-09-01,7182.0
2017-09-02,6318.0
2017-09-03,6220.0
2017-09-04,6715.0
2017-09-05,7251.0
2017-09-06,7463.0
2017-09-07,7536.0
2017-09-08,7037.0
2017-09-09,6455.0
2017-09-10,6380.0
2017-09-11,8109.0
2017-09-12,8010.0
2017-09-13,7928.0
2017-09-14,6914.0
2017-09-15,8423.0
2017-09-16,9013.0
2017-09-17,7841.0
2017-09-18,6563.0
2017-09-19,6149.0
2017-09-20,6397.0
2017-09-21,6478.0
2017-09-22,6135.0
2017-09-23,6139.0
2017-09-24,5866.0
2017-09-25,6482.0
2017-09-26,7139.0
2017-09-27,7625.0
2017-09-28,7227.0
2017-09-29,7141.0
2017-09-30,6226.0
2017-10-01,7671.0
2017-10-02,6808.0
2017-10-03,6786.0
2017-10-04,6109.0
2017-10-05,5627.0
2017-10-06,5474.0
2017-10-07,6274.0
2017-10-08,5516.0
2017-10-09,5759.0
2017-10-10,6121.0
2017-10-11,6751.0
2017-10-12,8243.0
2017-10-13,8227.0
2017-10-14,7152.0
2017-10-15,8007.0
2017-10-16,8058.0
2017-10-17,7933.0
2017-10-18,8310.0
2017-10-19,8346.0
2017-10-20,8452.0
2017-10-21,9183.0
2017-10-22,8995.0
2017-10-23,8332.0
2017-10-24,8227.0
2017-10-25,8521.0
2017-10-26,8402.0
2017-10-27,8000.0
2017-10-28,8298.0
2017-10-29,10054.0
2017-10-30,10209.0
2017-10-31,8306.0
2017-11-01,7965.0
2017-11-02,7196.0
2017-11-03,8525.0
2017-11-04,8411.0
2017-11-05,6692.0
2017-11-06,6581.0
2017-11-07,6553.0
2017-11-08,8291.0
2017-11-09,7456.0
2017-11-10,7863.0
2017-11-11,8990.0
2017-11-12,6798.0
2017-11-13,6798.0
2017-11-14,7613.0
2017-11-15,7734.0
2017-11-16,7248.0
2017-11-17,7243.0
2017-11-18,9747.0
2017-11-19,8483.0
2017-11-20,8088.0
2017-11-21,7875.0
2017-11-22,7847.0
2017-11-23,9528.0
2017-11-24,9147.0
2017-11-25,7296.0
2017-11-26,8343.0
2017-11-27,7915.0
2017-11-28,7781.0
2017-11-29,7873.0
2017-11-30,10106.0
2017-12-01,9218.0
2017-12-02,8810.0
2017-12-03,7423.0
2017-12-04,8934.0
2017-12-05,9457.0
2017-12-06,8823.0
2017-12-07,8656.0
2017-12-08,10743.0
2017-12-09,8376.0
2017-12-10,8676.0
2017-12-11,10230.0
2017-12-12,10463.0
2017-12-13,10589.0
2017-12-14,10223.0
2017-12-15,9415.0
2017-12-16,10119.0
2017-12-17,9473.0
2017-12-18,9851.0
2017-12-19,10664.0
2017-12-20,9974.0
2017-12-21,9790.0
2017-12-22,9298.0
2017-12-23,8180.0
2017-12-24,8566.0
2017-12-25,9939.0
2017-12-26,10832.0
2017-12-27,11323.0
2017-12-28,9951.0
2017-12-29,9585.0
2017-12-30,8093.0
2017-12-31,9591.0
2018-01-01,9034.0
2018-01-02,9266.0
2018-01-03,10449.0
2018-01-04,10385.0
2018-01-05,10413.0
2018-01-06,10038.0
2018-01-07,8541.0
2018-01-08,9503.0
2018-01-09,11435.0
2018-01-10,11678.0
2018-01-11,12169.0
2018-01-12,11649.0
2018-01-13,10270.0
2018-01-14,9305.0
2018-01-15,9093.0
2018-01-16,9248.0
2018-01-17,9518.0
2018-01-18,9418.0
2018-01-19,11021.0
2018-01-20,9525.0
2018-01-21,8714.0
2018-01-22,9417.0
2018-01-23,11613.0
2018-01-24,11744.0
2018-01-25,12538.0
2018-01-26,12541.0
2018-01-27,10903.0
2018-01-28,10398.0
2018-01-29,11879.0
2018-01-30,11442.0
2018-01-31,11442.0
2018-02-01,11009.0
2018-02-02,11705.0
2018-02-03,11340.0
2018-02-04,11660.0
2018-02-05,13498.0
2018-02-06,13338.0
2018-02-07,11620.0
2018-02-08,11408.0
2018-02-09,10297.0
2018-02-10,10492.0
2018-02-11,10881.0
2018-02-12,11861.0
2018-02-13,10516.0
2018-02-14,10156.0
2018-02-15,8810.0
2018-02-16,9145.0
2018-02-17,10357.0
2018-02-18,8739.0
2018-02-19,9359.0
2018-02-20,9506.0
2018-02-21,9992.0
2018-02-22,10125.0
2018-02-23,9791.0
2018-02-24,8820.0
2018-02-25,8607.0
2018-02-26,9281.0
2018-02-27,8619.0
2018-02-28,9643.0
2018-03-01,10192.0
2018-03-02,9394.0
2018-03-03,8587.0
2018-03-04,8331.0
2018-03-05,8851.0
2018-03-06,9940.0
2018-03-07,9535.0
2018-03-08,11066.0
2018-03-09,9737.0
2018-03-10,8812.0
2018-03-11,8373.0
2018-03-12,8630.0
2018-03-13,8764.0
2018-03-14,8852.0
2018-03-15,8836.0
2018-03-16,9760.0
2018-03-17,8148.0
2018-03-18,7543.0
2018-03-19,8420.0
2018-03-20,11673.0
2018-03-21,10007.0
2018-03-22,10045.0
2018-03-23,9096.0
2018-03-24,8584.0
2018-03-25,7870.0
2018-03-26,7872.0
2018-03-27,8088.0
2018-03-28,7760.0
2018-03-29,7267.0
2018-03-30,8024.0
2018-03-31,7525.0
2018-04-01,7804.0
2018-04-02,7701.0
2018-04-03,7928.0
2018-04-04,6905.0
2018-04-05,8223.0
2018-04-06,9951.0
2018-04-07,11281.0
2018-04-08,11029.0
2018-04-09,8291.0
2018-04-10,8873.0
2018-04-11,7622.0
2018-04-12,7168.0
2018-04-13,7994.0
2018-04-14,8095.0
2018-04-15,9090.0
2018-04-16,7850.0
2018-04-17,7006.0
2018-04-18,7501.0
2018-04-19,7718.0
2018-04-20,7413.0
2018-04-21,8379.0
2018-04-22,8013.0
2018-04-23,7553.0
2018-04-24,7096.0
2018-04-25,6887.0
2018-04-26,7206.0
2018-04-27,7579.0
2018-04-28,6486.0
2018-04-29,6323.0
2018-04-30,7022.0
2018-05-01,6772.0
2018-05-02,7915.0
2018-05-03,9560.0
2018-05-04,7768.0
2018-05-05,7759.0
2018-05-06,7778.0
2018-05-07,6895.0
2018-05-08,7849.0
2018-05-09,7253.0
2018-05-10,6387.0
2018-05-11,6525.0
2018-05-12,8210.0
2018-05-13,6715.0
2018-05-14,6570.0
2018-05-15,7242.0
2018-05-16,8109.0
2018-05-17,8325.0
2018-05-18,7017.0
2018-05-19,7397.0
2018-05-20,7309.0
2018-05-21,8174.0
2018-05-22,8450.0
2018-05-23,10611.0
2018-05-24,11616.0
2018-05-25,11581.0
2018-05-26,11258.0
2018-05-27,10955.0
2018-05-28,11722.0
2018-05-29,11727.0
2018-05-30,11753.0
2018-05-31,9142.0
2018-06-01,7121.0
2018-06-02,8631.0
2018-06-03,6039.0
2018-06-04,7618.0
2018-06-05,6434.0
2018-06-06,5914.0
2018-06-07,6408.0
2018-06-08,6532.0
2018-06-09,6175.0
2018-06-10,6590.0
2018-06-11,6287.0
2018-06-12,6233.0
2018-06-13,6360.0
2018-06-14,6837.0
2018-06-15,6630.0
2018-06-16,7228.0
2018-06-17,5990.0
2018-06-18,6899.0
2018-06-19,7231.0
2018-06-20,6909.0
2018-06-21,7303.0
2018-06-22,7290.0
2018-06-23,6558.0
2018-06-24,7114.0
2018-06-25,7255.0
2018-06-26,8695.0
2018-06-27,10055.0
2018-06-28,9134.0
2018-06-29,8375.0
2018-06-30,10152.0
2018-07-01,9846.0
2018-07-02,8537.0
2018-07-03,9820.0
2018-07-04,8839.0
2018-07-05,7998.0
2018-07-06,8506.0
2018-07-07,7197.0
2018-07-08,6928.0
2018-07-09,8382.0
2018-07-10,9526.0
2018-07-11,11011.0
2018-07-12,10860.0
2018-07-13,10797.0
2018-07-14,8948.0
2018-07-15,7764.0
2018-07-16,9364.0
2018-07-17,9697.0
2018-07-18,9304.0
2018-07-19,9505.0
2018-07-20,9654.0
2018-07-21,9609.0
2018-07-22,9715.0
2018-07-23,11077.0
2018-07-24,10841.0
2018-07-25,10990.0
2018-07-26,10691.0
2018-07-27,10556.0
2018-07-28,10034.0
2018-07-29,9547.0
2018-07-30,9761.0
2018-07-31,9711.0
2018-08-01,10155.0
2018-08-02,10429.0
2018-08-03,10960.0
2018-08-04,9541.0
2018-08-05,9107.0
2018-08-06,10903.0
2018-08-07,10406.0
2018-08-08,10654.0
2018-08-09,10971.0
2018-08-10,10829.0
2018-08-11,9799.0
2018-08-12,10010.0
2018-08-13,10728.0
2018-08-14,10424.0
2018-08-15,9999.0
2018-08-16,9612.0
2018-08-17,9387.0
2018-08-18,7660.0
2018-08-19,7450.0
2018-08-20,9053.0
2018-08-21,8997.0
2018-08-22,10419.0
2018-08-23,10297.0
2018-08-24,9211.0
2018-08-25,8195.0
2018-08-26,9970.0
2018-08-27,10539.0
2018-08-28,9821.0
2018-08-29,9355.0
2018-08-30,9479.0
2018-08-31,9660.0
2018-09-01,7894.0
2018-09-02,7217.0
2018-09-03,8477.0
2018-09-04,8614.0
2018-09-05,7534.0
2018-09-06,7417.0
2018-09-07,7440.0
2018-09-08,6026.0
2018-09-09,6339.0
2018-09-10,6854.0
2018-09-11,7538.0
2018-09-12,6885.0
2018-09-13,7071.0
2018-09-14,7481.0
2018-09-15,8208.0
2018-09-16,6673.0
2018-09-17,7819.0
2018-09-18,9073.0
2018-09-19,9462.0
2018-09-20,10403.0
2018-09-21,10210.0
2018-09-22,8985.0
2018-09-23,8310.0
2018-09-24,7204.0
2018-09-25,7717.0
2018-09-26,8216.0
2018-09-27,8458.0
2018-09-28,8706.0
2018-09-29,8601.0
2018-09-30,9359.0
2018-10-01,8917.0
2018-10-02,8745.0
2018-10-03,8124.0
2018-10-04,8737.0
2018-10-05,9481.0
2018-10-06,8733.0
2018-10-07,8274.0
2018-10-08,9160.0
2018-10-09,8085.0
2018-10-10,9114.0
2018-10-11,8855.0
2018-10-12,9437.0
2018-10-13,8656.0
2018-10-14,8102.0
2018-10-15,8609.0
2018-10-16,8834.0
2018-10-17,9225.0
2018-10-18,9631.0
2018-10-19,8979.0
2018-10-20,8333.0
2018-10-21,7907.0
2018-10-22,8574.0
2018-10-23,8778.0
2018-10-24,8988.0
2018-10-25,8633.0
2018-10-26,8945.0
2018-10-27,9783.0
2018-10-28,8574.0
2018-10-29,8891.0
2018-10-30,8738.0
2018-10-31,9056.0
2018-11-01,9275.0
2018-11-02,8720.0
2018-11-03,8424.0
2018-11-04,7981.0
2018-11-05,8566.0
2018-11-06,8648.0
2018-11-07,8762.0
2018-11-08,9064.0
2018-11-09,9248.0
2018-11-10,8642.0
2018-11-11,7676.0
2018-11-12,7688.0
2018-11-13,7681.0
2018-11-14,6519.0
2018-11-15,5945.0
2018-11-16,6154.0
2018-11-17,7937.0
2018-11-18,6349.0
2018-11-19,7078.0
2018-11-20,6588.0
2018-11-21,6559.0
2018-11-22,9012.0
2018-11-23,6787.0
2018-11-24,6823.0
2018-11-25,6953.0
2018-11-26,6353.0
2018-11-27,6784.0
2018-11-28,7703.0
2018-11-29,6616.0
2018-11-30,6496.0
2018-12-01,6349.0
2018-12-02,6103.0
2018-12-03,6088.0
2018-12-04,8699.0
2018-12-05,8542.0
2018-12-06,8364.0
2018-12-07,9922.0
2018-12-08,8471.0
2018-12-09,7877.0
2018-12-10,8158.0
2018-12-11,8457.0
2018-12-12,9693.0
2018-12-13,9032.0
2018-12-14,9688.0
2018-12-15,8149.0
2018-12-16,7450.0
2018-12-17,9471.0
2018-12-18,8565.0
2018-12-19,7673.0
2018-12-20,7816.0
2018-12-21,7050.0
2018-12-22,6603.0
2018-12-23,9399.0
2018-12-24,9509.0
2018-12-25,7661.0
2018-12-26,8518.0
2018-12-27,10880.0
2018-12-28,11248.0
2018-12-29,10133.0
2018-12-30,9735.0
2018-12-31,9902.0
2019-01-01,9187.0
2019-01-02,10282.0
2019-01-03,10157.0
2019-01-04,9683.0
2019-01-05,9435.0
2019-01-06,9862.0
2019-01-07,9608.0
2019-01-08,10326.0
2019-01-09,10206.0
2019-01-10,9539.0
2019-01-11,9465.0
2019-01-12,8791.0
2019-01-13,8876.0
2019-01-14,9368.0
2019-01-15,9935.0
2019-01-16,11037.0
2019-01-17,10729.0
2019-01-18,9822.0
2019-01-19,9102.0
2019-01-20,10136.0
2019-01-21,10583.0
2019-01-22,9849.0
2019-01-23,10261.0
2019-01-24,10492.0
2019-01-25,10375.0
2019-01-26,11125.0
2019-01-27,9647.0
2019-01-28,10069.0
2019-01-29,9674.0
2019-01-30,9010.0
2019-01-31,10869.0
2019-02-01,10749.0
2019-02-02,8658.0
2019-02-03,8386.0
2019-02-04,9707.0
2019-02-05,7405.0
2019-02-06,6489.0
2019-02-07,9503.0
2019-02-08,10325.0
2019-02-09,10437.0
2019-02-10,9195.0
2019-02-11,11105.0
2019-02-12,10041.0
2019-02-13,11151.0
2019-02-14,9857.0
2019-02-15,10317.0
2019-02-16,10382.0
2019-02-17,10163.0
2019-02-18,9745.0
2019-02-19,9156.0
2019-02-20,9665.0
2019-02-21,9277.0
2019-02-22,9245.0
2019-02-23,8602.0
2019-02-24,7994.0
2019-02-25,9233.0
2019-02-26,9535.0
2019-02-27,8870.0
2019-02-28,8699.0
2019-03-01,10561.0
2019-03-02,7925.0
2019-03-03,7407.0
2019-03-04,9085.0
2019-03-05,8326.0
2019-03-06,8816.0
2019-03-07,11018.0
2019-03-08,8849.0
2019-03-09,8582.0
2019-03-10,9193.0
2019-03-11,9088.0
2019-03-12,10506.0
2019-03-13,12911.0
2019-03-14,12807.0
2019-03-15,13182.0
2019-03-16,12500.0
2019-03-17,11487.0
2019-03-18,12059.0
2019-03-19,12082.0
2019-03-20,12113.0
2019-03-21,12844.0
2019-03-22,13455.0
2019-03-23,13437.0
2019-03-24,12118.0
2019-03-25,12522.0
2019-03-26,12288.0
2019-03-27,11705.0
2019-03-28,10682.0
2019-03-29,10961.0
2019-03-30,11811.0
2019-03-31,12493.0
2019-04-01,12743.0
2019-04-02,12095.0
2019-04-03,12236.0
2019-04-04,11973.0
2019-04-05,11277.0
2019-04-06,10568.0
2019-04-07,10283.0
2019-04-08,10412.0
2019-04-09,11723.0
2019-04-10,12926.0
2019-04-11,12644.0
2019-04-12,12278.0
2019-04-13,11365.0
2019-04-14,10822.0
2019-04-15,11552.0
2019-04-16,10601.0
2019-04-17,10211.0
2019-04-18,10516.0
2019-04-19,10145.0
2019-04-20,9541.0
2019-04-21,9268.0
2019-04-22,9465.0
2019-04-23,10106.0
2019-04-24,9334.0
2019-04-25,9652.0
2019-04-26,11401.0
2019-04-27,10373.0
2019-04-28,9618.0
2019-04-29,10281.0
2019-04-30,10199.0
2019-05-01,10655.0
2019-05-02,11185.0
2019-05-03,10398.0
2019-05-04,9729.0
2019-05-05,9797.0
2019-05-06,10755.0
2019-05-07,10276.0
2019-05-08,9926.0
2019-05-09,9953.0
2019-05-10,9883.0
2019-05-11,9928.0
2019-05-12,9224.0
2019-05-13,9509.0
2019-05-14,9646.0
2019-05-15,9630.0
2019-05-16,10146.0
2019-05-17,10160.0
2019-05-18,10298.0
2019-05-19,9401.0
2019-05-20,10347.0
2019-05-21,10049.0
2019-05-22,9501.0
2019-05-23,9728.0
2019-05-24,9873.0
2019-05-25,9337.0
2019-05-26,9503.0
2019-05-27,11089.0
2019-05-28,10976.0
2019-05-29,9909.0
2019-05-30,10046.0
2019-05-31,9727.0
2019-06-01,9179.0
2019-06-02,8877.0
2019-06-03,10102.0
2019-06-04,9939.0
2019-06-05,10359.0
2019-06-06,10357.0
2019-06-07,11382.0
2019-06-08,9575.0
2019-06-09,9226.0
2019-06-10,9716.0
2019-06-11,9778.0
2019-06-12,9805.0
2019-06-13,10013.0
2019-06-14,9884.0
2019-06-15,10418.0
2019-06-16,9860.0
2019-06-17,10002.0
2019-06-18,10157.0
2019-06-19,10154.0
2019-06-20,10436.0
2019-06-21,10481.0
2019-06-22,10158.0
2019-06-23,9740.0
2019-06-24,10454.0
2019-06-25,10276.0
2019-06-26,10605.0
2019-06-27,10986.0
2019-06-28,10806.0
2019-06-29,11429.0
2019-06-30,10027.0
2019-07-01,10653.0
2019-07-02,10395.0
2019-07-03,10271.0
2019-07-04,10602.0
2019-07-05,10645.0
2019-07-06,10540.0
2019-07-07,10395.0
2019-07-08,10421.0
2019-07-09,10350.0
2019-07-10,11516.0
2019-07-11,11166.0
2019-07-12,10743.0
2019-07-13,9967.0
2019-07-14,10380.0
2019-07-15,11080.0
2019-07-16,11238.0
2019-07-17,11650.0
2019-07-18,11469.0
2019-07-19,12003.0
2019-07-20,11494.0
2019-07-21,11136.0
2019-07-22,12333.0
2019-07-23,12843.0
2019-07-24,13007.0
2019-07-25,13629.0
2019-07-26,12728.0
2019-07-27,11443.0
2019-07-28,12284.0
2019-07-29,12133.0
2019-07-30,12719.0
2019-07-31,13181.0
2019-08-01,12945.0
2019-08-02,12755.0
2019-08-03,11826.0
2019-08-04,11563.0
2019-08-05,12154.0
2019-08-06,12661.0
2019-08-07,12875.0
2019-08-08,13399.0
2019-08-09,12994.0
2019-08-10,13172.0
2019-08-11,12699.0
2019-08-12,12857.0
2019-08-13,12429.0
2019-08-14,12905.0
2019-08-15,12958.0
2019-08-16,12255.0
2019-08-17,11327.0
2019-08-18,10441.0
2019-08-19,11052.0
2019-08-20,12576.0
2019-08-21,14414.0
2019-08-22,12848.0
2019-08-23,11781.0
2019-08-24,9992.0
2019-08-25,9224.0
2019-08-26,10523.0
2019-08-27,11470.0
2019-08-28,10517.0
2019-08-29,9884.0
2019-08-30,10403.0
2019-08-31,9444.0
2019-09-01,8901.0
2019-09-02,9840.0
2019-09-03,10119.0
2019-09-04,10096.0
2019-09-05,10343.0
2019-09-06,10850.0
2019-09-07,8490.0
2019-09-08,7622.0
2019-09-09,9640.0
2019-09-10,9235.0
2019-09-11,8772.0
2019-09-12,9303.0
2019-09-13,7762.0
2019-09-14,8008.0
2019-09-15,8039.0
2019-09-16,9629.0
2019-09-17,9676.0
2019-09-18,9828.0
2019-09-19,9274.0
2019-09-20,9368.0
2019-09-21,9388.0
2019-09-22,8085.0
2019-09-23,7767.0
2019-09-24,7700.0
2019-09-25,7502.0
2019-09-26,8114.0
2019-09-27,7499.0
2019-09-28,7453.0
2019-09-29,7320.0
2019-09-30,7797.0
2019-10-01,7901.0
2019-10-02,9622.0
2019-10-03,8932.0
2019-10-04,7681.0
2019-10-05,9171.0
2019-10-06,8114.0
2019-10-07,7430.0
2019-10-08,8964.0
2019-10-09,8140.0
2019-10-10,7929.0
2019-10-11,8370.0
2019-10-12,9588.0
2019-10-13,9165.0
2019-10-14,9663.0
2019-10-15,9407.0
2019-10-16,8575.0
2019-10-17,8265.0
2019-10-18,8416.0
2019-10-19,8682.0
2019-10-20,7601.0
2019-10-21,8239.0
2019-10-22,7130.0
2019-10-23,7783.0
2019-10-24,7971.0
2019-10-25,8463.0
2019-10-26,9298.0
2019-10-27,7780.0
2019-10-28,7589.0
2019-10-29,8488.0
2019-10-30,8448.0
2019-10-31,8639.0
2019-11-01,8102.0
2019-11-02,7296.0
2019-11-03,7632.0
2019-11-04,7993.0
2019-11-05,8276.0
2019-11-06,8245.0
2019-11-07,9281.0
2019-11-08,10330.0
2019-11-09,8795.0
2019-11-10,8041.0
2019-11-11,9385.0
2019-11-12,8764.0
2019-11-13,8113.0
2019-11-14,9562.0
2019-11-15,8508.0
2019-11-16,7929.0
2019-11-17,9888.0
2019-11-18,11121.0
2019-11-19,11172.0
2019-11-20,9024.0
2019-11-21,9216.0
2019-11-22,8434.0
2019-11-23,8961.0
2019-11-24,9484.0
2019-11-25,10226.0
2019-11-26,8800.0
2019-11-27,11036.0
2019-11-28,10575.0
2019-11-29,11043.0
2019-11-30,9460.0
2019-12-01,8286.0
2019-12-02,11700.0
2019-12-03,10220.0
2019-12-04,10875.0
2019-12-05,12390.0
2019-12-06,13163.0
2019-12-07,12527.0
2019-12-08,11170.0
2019-12-09,10926.0
2019-12-10,11194.0
2019-12-11,11741.0
2019-12-12,12261.0
2019-12-13,9431.0
2019-12-14,10650.0
2019-12-15,9500.0
2019-12-16,10131.0
2019-12-17,11620.0
2019-12-18,12727.0
2019-12-19,13197.0
2019-12-20,11468.0
2019-12-21,10544.0
2019-12-22,11286.0
2019-12-23,11010.0
2019-12-24,10249.0
2019-12-25,10312.0
2019-12-26,11837.0
2019-12-27,12164.0
2019-12-28,9582.0
2019-12-29,9650.0
2019-12-30,12118.0
2019-12-31,12805.0
2020-01-01,11512.0
2020-01-02,12224.0
2020-01-03,12783.0
2020-01-04,11935.0
2020-01-05,10870.0
2020-01-06,11910.0
2020-01-07,11652.0
2020-01-08,12957.0
2020-01-09,13322.0
2020-01-10,11591.0
2020-01-11,12186.0
2020-01-12,11445.0
2020-01-13,11788.0
2020-01-14,11529.0
2020-01-15,11096.0
2020-01-16,11103.0
2020-01-17,12055.0
2020-01-18,12938.0
2020-01-19,11209.0
2020-01-20,12230.0
2020-01-21,11678.0
2020-01-22,9706.0
2020-01-23,10496.0
2020-01-24,10143.0
2020-01-25,9841.0
2020-01-26,10433.0
2020-01-27,10857.0
2020-01-28,9779.0
2020-01-29,12133.0
2020-01-30,12212.0
2020-01-31,11894.0
2020-02-01,10805.0
2020-02-02,10303.0
2020-02-03,11367.0
2020-02-04,11404.0
2020-02-05,13323.0
2020-02-06,12029.0
2020-02-07,11756.0
2020-02-08,12556.0
2020-02-09,10843.0
2020-02-10,11030.0
2020-02-11,9323.0
2020-02-12,10525.0
2020-02-13,9650.0
2020-02-14,9309.0
2020-02-15,9309.0
2020-02-16,11839.0
2020-02-17,12872.0
2020-02-18,13006.0
2020-02-19,10990.0
2020-02-20,10741.0
2020-02-21,9837.0
2020-02-22,11799.0
2020-02-23,11265.0
2020-02-24,11239.0
2020-02-25,10690.0
2020-02-26,11489.0
2020-02-27,11460.0
2020-02-28,10705.0
2020-02-29,9798.0
2020-03-01,10505.0
2020-03-02,12340.0
2020-03-03,9779.0
2020-03-04,12164.0
2020-03-05,11934.0
2020-03-06,10402.0
2020-03-07,9957.0
2020-03-08,9407.0
2020-03-09,10163.0
2020-03-10,12627.0
2020-03-11,12083.0
2020-03-12,10235.0
2020-03-13,10424.0
2020-03-14,11576.0
2020-03-15,10753.0
2020-03-16,10163.0
2020-03-17,9398.0
2020-03-18,9421.0
2020-03-19,11059.0
2020-03-20,10374.0
2020-03-21,9631.0
2020-03-22,9686.0
2020-03-23,10908.0
2020-03-24,9547.0
2020-03-25,8594.0
2020-03-26,9138.0
2020-03-27,10912.0
2020-03-28,10700.0
2020-03-29,8591.0
2020-03-30,9417.0
2020-03-31,9362.0
2020-04-01,11806.0
2020-04-02,9874.0
2020-04-03,10543.0
2020-04-04,10636.0
2020-04-05,9856.0
2020-04-06,9525.0
2020-04-07,10103.0
2020-04-08,10097.0
2020-04-09,10184.0
2020-04-10,9624.0
2020-04-11,8759.0
2020-04-12,10533.0
2020-04-13,11143.0
2020-04-14,9371.0
2020-04-15,8933.0
2020-04-16,9451.0
2020-04-17,10106.0
2020-04-18,9416.0
2020-04-19,9813.0
2020-04-20,10574.0
2020-04-21,10537.0
2020-04-22,12067.0
2020-04-23,13568.0
2020-04-24,13204.0
2020-04-25,12208.0
2020-04-26,11621.0
2020-04-27,12358.0
2020-04-28,13056.0
2020-04-29,12269.0
2020-04-30,11782.0
2020-05-01,10372.0
2020-05-02,9459.0
2020-05-03,9169.0
2020-05-04,9493.0
2020-05-05,8285.0
2020-05-06,9073.0
2020-05-07,9247.0
2020-05-08,9675.0
2020-05-09,9055.0
2020-05-10,9015.0
2020-05-11,8798.0
2020-05-12,9906.0
2020-05-13,9384.0
2020-05-14,9242.0
2020-05-15,9470.0
2020-05-16,7445.0
2020-05-17,7907.0
2020-05-18,8821.0
2020-05-19,9721.0
2020-05-20,9069.0
2020-05-21,8471.0
2020-05-22,8925.0
2020-05-23,8597.0
2020-05-24,7934.0
2020-05-25,7988.0
2020-05-26,8065.0
2020-05-27,9098.0
2020-05-28,9502.0
2020-05-29,8865.0
2020-05-30,8394.0
2020-05-31,8650.0
2020-06-01,9438.0
2020-06-02,9001.0
2020-06-03,8619.0
2020-06-04,9052.0
2020-06-05,8967.0
2020-06-06,9028.0
2020-06-07,8486.0
2020-06-08,9582.0
2020-06-09,10150.0
2020-06-10,10130.0
2020-06-11,8985.0
2020-06-12,8976.0
2020-06-13,9245.0
2020-06-14,9244.0
2020-06-15,9019.0
2020-06-16,9699.0
2020-06-17,8957.0
2020-06-18,9391.0
2020-06-19,9839.0
2020-06-20,8998.0
2020-06-21,8942.0
2020-06-22,9758.0
2020-06-23,10844.0
2020-06-24,10317.0
2020-06-25,9645.0
2020-06-26,10757.0
2020-06-27,9566.0
2020-06-28,9395.0
2020-06-29,10869.0
2020-06-30,10481.0
2020-07-01,10133.0
2020-07-02,9969.0
2020-07-03,10160.0
2020-07-04,9654.0
2020-07-05,8435.0
2020-07-06,9400.0
2020-07-07,9891.0
2020-07-08,10070.0
2020-07-09,10231.0
2020-07-10,10207.0
2020-07-11,9186.0
2020-07-12,9886.0
2020-07-13,10248.0
2020-07-14,10486.0
2020-07-15,9990.0
2020-07-16,9730.0
2020-07-17,9553.0
2020-07-18,9481.0
2020-07-19,11194.0
2020-07-20,11158.0
2020-07-21,9613.0
2020-07-22,9782.0
2020-07-23,12026.0
2020-07-24,10950.0
2020-07-25,9504.0
2020-07-26,9390.0
2020-07-27,10021.0
2020-07-28,10695.0
2020-07-29,10967.0
2020-07-30,11337.0
2020-07-31,11555.0
2020-08-01,11004.0
2020-08-02,11304.0
2020-08-03,12407.0
2020-08-04,13572.0
2020-08-05,13429.0
2020-08-06,12816.0
2020-08-07,12311.0
2020-08-08,12378.0
2020-08-09,12652.0
2020-08-10,11921.0
2020-08-11,12643.0
2020-08-12,13231.0
2020-08-13,13963.0
2020-08-14,13491.0
2020-08-15,12691.0
2020-08-16,11386.0
2020-08-17,11567.0
2020-08-18,12035.0
2020-08-19,12105.0
2020-08-20,12177.0
2020-08-21,12867.0
2020-08-22,12757.0
2020-08-23,11721.0
2020-08-24,12141.0
2020-08-25,13725.0
2020-08-26,11653.0
2020-08-27,12676.0
2020-08-28,12298.0
2020-08-29,11548.0
2020-08-30,12203.0
2020-08-31,12819.0
2020-09-01,12517.0
2020-09-02,12047.0
2020-09-03,10039.0
2020-09-04,10797.0
2020-09-05,10515.0
2020-09-06,10957.0
2020-09-07,10862.0
2020-09-08,11768.0
2020-09-09,11670.0
2020-09-10,11452.0
2020-09-11,11577.0
2020-09-12,11072.0
2020-09-13,10167.0
2020-09-14,11462.0
2020-09-15,10598.0
2020-09-16,10590.0
2020-09-17,10612.0
2020-09-18,10396.0
2020-09-19,9676.0
2020-09-20,9164.0
2020-09-21,8652.0
2020-09-22,10079.0
2020-09-23,9577.0
2020-09-24,9168.0
2020-09-25,9358.0
2020-09-26,9694.0
2020-09-27,9285.0
2020-09-28,10165.0
2020-09-29,9734.0
2020-09-30,8071.0
2020-10-01,6789.0
2020-10-02,7381.0
2020-10-03,7854.0
2020-10-04,7939.0
2020-10-05,9732.0
2020-10-06,8569.0
2020-10-07,9340.0
2020-10-08,9861.0
2020-10-09,8732.0
2020-10-10,7353.0
2020-10-11,7551.0
2020-10-12,9432.0
2020-10-13,9892.0
2020-10-14,8689.0
2020-10-15,9016.0
2020-10-16,8291.0
2020-10-17,8168.0
2020-10-18,7724.0
2020-10-19,9083.0
2020-10-20,10029.0
2020-10-21,10072.0
2020-10-22,10305.0
2020-10-23,10504.0
2020-10-24,9859.0
2020-10-25,8878.0
2020-10-26,9020.0
2020-10-27,8531.0
2020-10-28,9756.0
2020-10-29,9663.0
2020-10-30,9161.0
2020-10-31,9001.0
2020-11-01,8049.0
2020-11-02,10215.0
2020-11-03,10311.0
2020-11-04,10003.0
2020-11-05,9516.0
2020-11-06,10122.0
2020-11-07,10136.0
2020-11-08,10189.0
2020-11-09,9860.0
2020-11-10,9294.0
2020-11-11,8638.0
2020-11-12,10083.0
2020-11-13,10003.0
2020-11-14,8905.0
2020-11-15,8173.0
2020-11-16,9428.0
2020-11-17,9972.0
2020-11-18,10532.0
2020-11-19,11112.0
2020-11-20,11081.0
2020-11-21,9096.0
2020-11-22,10515.0
2020-11-23,11521.0
2020-11-24,11059.0
2020-11-25,11117.0
2020-11-26,10178.0
2020-11-27,11802.0
2020-11-28,11437.0
2020-11-29,9460.0
2020-11-30,11297.0
2020-12-01,10919.0
2020-12-02,11292.0
2020-12-03,11325.0
2020-12-04,12182.0
2020-12-05,10907.0
2020-12-06,11068.0
2020-12-07,11431.0
2020-12-08,11350.0
2020-12-09,11002.0
2020-12-10,10792.0
2020-12-11,10057.0
2020-12-12,10982.0
2020-12-13,11092.0
2020-12-14,12243.0
2020-12-15,12598.0
2020-12-16,12610.0
2020-12-17,12246.0
2020-12-18,11724.0
2020-12-19,12593.0
2020-12-20,11377.0
2020-12-21,11056.0
2020-12-22,10768.0
2020-12-23,10270.0
2020-12-24,11796.0
2020-12-25,10986.0
2020-12-26,9821.0
2020-12-27,10230.0
2020-12-28,10519.0
2020-12-29,11169.0
2020-12-30,12599.0
2020-12-31,12842.0
2021-01-01,10491.0
2021-01-02,11540.0
2021-01-03,10810.0
2021-01-04,10570.0
2021-01-05,12063.0
2021-01-06,12142.0
2021-01-07,13239.0
2021-01-08,13079.0
2021-01-09,12261.0
2021-01-10,10853.0
2021-01-11,11800.0
2021-01-12,12540.0
2021-01-13,11431.0
2021-01-14,10513.0
2021-01-15,11489.0
2021-01-16,13362.0
2021-01-17,12696.0
2021-01-18,13254.0
2021-01-19,13761.0
2021-01-20,11688.0
2021-01-21,10611.0
2021-01-22,10153.0
2021-01-23,11805.0
2021-01-24,10165.0
2021-01-25,10709.0
2021-01-26,12292.0
2021-01-27,11499.0
2021-01-28,11637.0
2021-01-29,13050.0
2021-01-30,10273.0
2021-01-31,10330.0
2021-02-01,10568.0
2021-02-02,12441.0
2021-02-03,11762.0
2021-02-04,12103.0
2021-02-05,10772.0
2021-02-06,9818.0
2021-02-07,10571.0
2021-02-08,12852.0
2021-02-09,12182.0
2021-02-10,10890.0
2021-02-11,10046.0
2021-02-12,9059.0
2021-02-13,9597.0
2021-02-14,9771.0
2021-02-15,12230.0
2021-02-16,12454.0
2021-02-17,14041.0
2021-02-18,13901.0
2021-02-19,11801.0
2021-02-20,10903.0
2021-02-21,10269.0
2021-02-22,10594.0
2021-02-23,11842.0
2021-02-24,10463.0
2021-02-25,11251.0
2021-02-26,12801.0
2021-02-27,12741.0
2021-02-28,11197.0
2021-03-01,11928.0
2021-03-02,12871.0
2021-03-03,12267.0
2021-03-04,14665.0
2021-03-05,13600.0
2021-03-06,13835.0
2021-03-07,13785.0
2021-03-08,14184.0
2021-03-09,14391.0
2021-03-10,14001.0
2021-03-11,13745.0
2021-03-12,14433.0
2021-03-13,12348.0
2021-03-14,10135.0
2021-03-15,9976.0
2021-03-16,11208.0
2021-03-17,10297.0
2021-03-18,9563.0
2021-03-19,10362.0
2021-03-20,10760.0
2021-03-21,11645.0
2021-03-22,11383.0
2021-03-23,10674.0
2021-03-24,11496.0
2021-03-25,11381.0
2021-03-26,11882.0
2021-03-27,11190.0
2021-03-28,9129.0
2021-03-29,9274.0
2021-03-30,9077.0
2021-03-31,9466.0
2021-04-01,10116.0
2021-04-02,10041.0
2021-04-03,9794.0
2021-04-04,10279.0
2021-04-05,9619.0
2021-04-06,10626.0
2021-04-07,9854.0
2021-04-08,9927.0
2021-04-09,9604.0
2021-04-10,9194.0
2021-04-11,8550.0
2021-04-12,10787.0
2021-04-13,12416.0
2021-04-14,12158.0
2021-04-15,11078.0
2021-04-16,9854.0
2021-04-17,11505.0
2021-04-18,11532.0
2021-04-19,10784.0
2021-04-20,9992.0
2021-04-21,9448.0
2021-04-22,9437.0
2021-04-23,9190.0
2021-04-24,8727.0
2021-04-25,9737.0
2021-04-26,10825.0
2021-04-27,9986.0
2021-04-28,9030.0
2021-04-29,10160.0
2021-04-30,10368.0
2021-05-01,10390.0
2021-05-02,10594.0
2021-05-03,10499.0
2021-05-04,11088.0
2021-05-05,10073.0
2021-05-06,9720.0
2021-05-07,9880.0
2021-05-08,9592.0
2021-05-09,9414.0
2021-05-10,9524.0
2021-05-11,10552.0
2021-05-12,10672.0
2021-05-13,10296.0
2021-05-14,9756.0
2021-05-15,10441.0
2021-05-16,9997.0
2021-05-17,10184.0
2021-05-18,9615.0
2021-05-19,9279.0
2021-05-20,10283.0
2021-05-21,10123.0
2021-05-22,9513.0
2021-05-23,9220.0
2021-05-24,10183.0
2021-05-25,9624.0
2021-05-26,10067.0
2021-05-27,9263.0
2021-05-28,10420.0
2021-05-29,9130.0
2021-05-30,8834.0
2021-05-31,9406.0
2021-06-01,9704.0
2021-06-02,10306.0
2021-06-03,10277.0
2021-06-04,9905.0
2021-06-05,9598.0
2021-06-06,9609.0
2021-06-07,9982.0
2021-06-08,10502.0
2021-06-09,11787.0
2021-06-10,12415.0
2021-06-11,11496.0
2021-06-12,11952.0
2021-06-13,10442.0
2021-06-14,11078.0
2021-06-15,11286.0
2021-06-16,11155.0
2021-06-17,9838.0
2021-06-18,9662.0
2021-06-19,9053.0
2021-06-20,8361.0
2021-06-21,9580.0
2021-06-22,10251.0
2021-06-23,10181.0
2021-06-24,10835.0
2021-06-25,10625.0
2021-06-26,10599.0
2021-06-27,10819.0
2021-06-28,10776.0
2021-06-29,10292.0
2021-06-30,10684.0
2021-07-01,11010.0
2021-07-02,10626.0
2021-07-03,11602.0
2021-07-04,10918.0
2021-07-05,11541.0
2021-07-06,12796.0
2021-07-07,12720.0
2021-07-08,11282.0
2021-07-09,11539.0
2021-07-10,10537.0
2021-07-11,11469.0
2021-07-12,12668.0
2021-07-13,12783.0
2021-07-14,12646.0
2021-07-15,13282.0
2021-07-16,12552.0
2021-07-17,13008.0
2021-07-18,11345.0
2021-07-19,12496.0
2021-07-20,12050.0
2021-07-21,12241.0
2021-07-22,13666.0
2021-07-23,12420.0
2021-07-24,11216.0
2021-07-25,11281.0
2021-07-26,11774.0
2021-07-27,12103.0
2021-07-28,13713.0
2021-07-29,11702.0
2021-07-30,12055.0
2021-07-31,12177.0
2021-08-01,11773.0
2021-08-02,12125.0
2021-08-03,12269.0
2021-08-04,12580.0
2021-08-05,12928.0
2021-08-06,12771.0
2021-08-07,11859.0
2021-08-08,11356.0
2021-08-09,12395.0
2021-08-10,11510.0
2021-08-11,11328.0
2021-08-12,11482.0
2021-08-13,10931.0
2021-08-14,10916.0
2021-08-15,10269.0
2021-08-16,10474.0
2021-08-17,10912.0
2021-08-18,10702.0
2021-08-19,10621.0
2021-08-20,11256.0
2021-08-21,11443.0
2021-08-22,9786.0
2021-08-23,11666.0
2021-08-24,12093.0
2021-08-25,12882.0
2021-08-26,13054.0
2021-08-27,12767.0
2021-08-28,12170.0
2021-08-29,12131.0
2021-08-30,12657.0
2021-08-31,12060.0
2021-09-01,12909.0
2021-09-02,11940.0
2021-09-03,12256.0
2021-09-04,11805.0
2021-09-05,11908.0
2021-09-06,12598.0
2021-09-07,13215.0
2021-09-08,12434.0
2021-09-09,11983.0
2021-09-10,12380.0
2021-09-11,12052.0
2021-09-12,11699.0
2021-09-13,13148.0
2021-09-14,12194.0
2021-09-15,12168.0
2021-09-16,12116.0
2021-09-17,10974.0
2021-09-18,10194.0
2021-09-19,9232.0
2021-09-20,9293.0
2021-09-21,8943.0
2021-09-22,8840.0
2021-09-23,9652.0
2021-09-24,9665.0
2021-09-25,9324.0
2021-09-26,9461.0
2021-09-27,10015.0
2021-09-28,9782.0
2021-09-29,11090.0
2021-09-30,11185.0
2021-10-01,10176.0
2021-10-02,10018.0
2021-10-03,9540.0
2021-10-04,10620.0
2021-10-05,11650.0
2021-10-06,11176.0
2021-10-07,10731.0
2021-10-08,10981.0
2021-10-09,10167.0
2021-10-10,10158.0
2021-10-11,10169.0
2021-10-12,10881.0
2021-10-13,11655.0
2021-10-14,11864.0
2021-10-15,9976.0
2021-10-16,10890.0
2021-10-17,9845.0
2021-10-18,8750.0
2021-10-19,10151.0
2021-10-20,10406.0
2021-10-21,11222.0
2021-10-22,11340.0
2021-10-23,9942.0
2021-10-24,9720.0
2021-10-25,10457.0
2021-10-26,9706.0
2021-10-27,10521.0
2021-10-28,10633.0
2021-10-29,10876.0
2021-10-30,9838.0
2021-10-31,9558.0
2021-11-01,10446.0
2021-11-02,10972.0
2021-11-03,10576.0
2021-11-04,10432.0
2021-11-05,10350.0
2021-11-06,10828.0
2021-11-07,9918.0
2021-11-08,10991.0
2021-11-09,11131.0
2021-11-10,10974.0
2021-11-11,10944.0
2021-11-12,11108.0
2021-11-13,10237.0
2021-11-14,10005.0
2021-11-15,9520.0
2021-11-16,10235.0
2021-11-17,10837.0
2021-11-18,10300.0
2021-11-19,10367.0
2021-11-20,10112.0
2021-11-21,10156.0
2021-11-22,11794.0
2021-11-23,11595.0
2021-11-24,10985.0
2021-11-25,11344.0
2021-11-26,11258.0
2021-11-27,10616.0
2021-11-28,9563.0
2021-11-29,10298.0
2021-11-30,11525.0
2021-12-01,12512.0
2021-12-02,11129.0
2021-12-03,12257.0
2021-12-04,11100.0
2021-12-05,10408.0
2021-12-06,10688.0
2021-12-07,12728.0
2021-12-08,11475.0
2021-12-09,11498.0
2021-12-10,10870.0
2021-12-11,11785.0
2021-12-12,12462.0
2021-12-13,13706.0
2021-12-14,11884.0
2021-12-15,12598.0
2021-12-16,12590.0
2021-12-17,13936.0
2021-12-18,12670.0
2021-12-19,12227.0
2021-12-20,12150.0
2021-12-21,12253.0
2021-12-22,12187.0
2021-12-23,12255.0
2021-12-24,13537.0
2021-12-25,14137.0
2021-12-26,14086.0
2021-12-27,14399.0
2021-12-28,13181.0
2021-12-29,13494.0
2021-12-30,14239.0
2021-12-31,14415.0
2022-01-01,12195.0
2022-01-02,12405.0
2022-01-03,14031.0
2022-01-04,14484.0
2022-01-05,15194.0
2022-01-06,14689.0
2022-01-07,13488.0
2022-01-08,14667.0
2022-01-09,12906.0
2022-01-10,14034.0
2022-01-11,15814.0
2022-01-12,15234.0
2022-01-13,15625.0
2022-01-14,14767.0
2022-01-15,12461.0
2022-01-16,13262.0
2022-01-17,14570.0
2022-01-18,14850.0
2022-01-19,13949.0
2022-01-20,14629.0
2022-01-21,13761.0
2022-01-22,12179.0
2022-01-23,12191.0
2022-01-24,13055.0
2022-01-25,12856.0
2022-01-26,13991.0
2022-01-27,14467.0
2022-01-28,13841.0
2022-01-29,13783.0
2022-01-30,13759.0
2022-01-31,12547.0
2022-02-01,12551.0
2022-02-02,12790.0
2022-02-03,13695.0
2022-02-04,14288.0
2022-02-05,14256.0
2022-02-06,14311.0
2022-02-07,14668.0
2022-02-08,13665.0
2022-02-09,13361.0
2022-02-10,14696.0
2022-02-11,13870.0
2022-02-12,12708.0
2022-02-13,12237.0
2022-02-14,12734.0
2022-02-15,14690.0
2022-02-16,14938.0
2022-02-17,15719.0
2022-02-18,13488.0
2022-02-19,14947.0
2022-02-20,15086.0
2022-02-21,14305.0
2022-02-22,13788.0
2022-02-23,15328.0
2022-02-24,15964.0
2022-02-25,14390.0
2022-02-26,12841.0
2022-02-27,12775.0
2022-02-28,12468.0
2022-03-01,13134.0
2022-03-02,13916.0
2022-03-03,12479.0
2022-03-04,12489.0
2022-03-05,12829.0
2022-03-06,13012.0
2022-03-07,12822.0
2022-03-08,12546.0
2022-03-09,11948.0
2022-03-10,11438.0
2022-03-11,11802.0
2022-03-12,11142.0
2022-03-13,10144.0
2022-03-14,11620.0
2022-03-15,11321.0
2022-03-16,10408.0
2022-03-17,11415.0
2022-03-18,11748.0
2022-03-19,11970.0
2022-03-20,11593.0
2022-03-21,12280.0
2022-03-22,12301.0
2022-03-23,11903.0
2022-03-24,11900.0
2022-03-25,12913.0
2022-03-26,12618.0
2022-03-27,11406.0
2022-03-28,12987.0
2022-03-29,12049.0
2022-03-30,11184.0
2022-03-31,12031.0
2022-04-01,11243.0
2022-04-02,11021.0
2022-04-03,11262.0
2022-04-04,11384.0
2022-04-05,12125.0
2022-04-06,11928.0
2022-04-07,11994.0
2022-04-08,11723.0
2022-04-09,10593.0
2022-04-10,10009.0
2022-04-11,9660.0
2022-04-12,9648.0
2022-04-13,10419.0
2022-04-14,11506.0
2022-04-15,10835.0
2022-04-16,9945.0
2022-04-17,10231.0
2022-04-18,9542.0
2022-04-19,10385.0
2022-04-20,10025.0
2022-04-21,10416.0
2022-04-22,10590.0
2022-04-23,9241.0
2022-04-24,9234.0
2022-04-25,10164.0
2022-04-26,10261.0
2022-04-27,10016.0
2022-04-28,9528.0
2022-04-29,10705.0
2022-04-30,9330.0
2022-05-01,9390.0
2022-05-02,10059.0
2022-05-03,9871.0
2022-05-04,9613.0
2022-05-05,9121.0
2022-05-06,9369.0
2022-05-07,9354.0
2022-05-08,8852.0
2022-05-09,9361.0
2022-05-10,9744.0
2022-05-11,11456.0
2022-05-12,10087.0
2022-05-13,9952.0
2022-05-14,9998.0
2022-05-15,9349.0
2022-05-16,9465.0
2022-05-17,9241.0
2022-05-18,9524.0
2022-05-19,9493.0
2022-05-20,9475.0
2022-05-21,9028.0
2022-05-22,8960.0
2022-05-23,9450.0
2022-05-24,9785.0
2022-05-25,9629.0
2022-05-26,10571.0
2022-05-27,10090.0
2022-05-28,8939.0
2022-05-29,9677.0
2022-05-30,10002.0
2022-05-31,9264.0
2022-06-01,8944.0
2022-06-02,9177.0
2022-06-03,9544.0
2022-06-04,9580.0
2022-06-05,9844.0
2022-06-06,9330.0
2022-06-07,10239.0
2022-06-08,9402.0
2022-06-09,9226.0
2022-06-10,9436.0
2022-06-11,8958.0
2022-06-12,8856.0
2022-06-13,9617.0
2022-06-14,9785.0
2022-06-15,9804.0
2022-06-16,9463.0
2022-06-17,9997.0
2022-06-18,10142.0
2022-06-19,9854.0
2022-06-20,10225.0
2022-06-21,10728.0
2022-06-22,10735.0
2022-06-23,12049.0
2022-06-24,11330.0
2022-06-25,11379.0
2022-06-26,11481.0
2022-06-27,13265.0
2022-06-28,13097.0
2022-06-29,13911.0
2022-06-30,13454.0
2022-07-01,13194.0
2022-07-02,12261.0
2022-07-03,11707.0
2022-07-04,12401.0
2022-07-05,12948.0
2022-07-06,13861.0
2022-07-07,14417.0
2022-07-08,13417.0
2022-07-09,12581.0
2022-07-10,12172.0
2022-07-11,12564.0
2022-07-12,12959.0
2022-07-13,13567.0
2022-07-14,13615.0
2022-07-15,12699.0
2022-07-16,11864.0
2022-07-17,11725.0
2022-07-18,13584.0
2022-07-19,12851.0
2022-07-20,12416.0
2022-07-21,13255.0
2022-07-22,12157.0
2022-07-23,12374.0
2022-07-24,11807.0
2022-07-25,12495.0
2022-07-26,12514.0
2022-07-27,12923.0
2022-07-28,13417.0
2022-07-29,13811.0
2022-07-30,13605.0
2022-07-31,13455.0
2022-08-01,13760.0
2022-08-02,13919.0
2022-08-03,13778.0
2022-08-04,14287.0
2022-08-05,14807.0
2022-08-06,13733.0
2022-08-07,13963.0
2022-08-08,14963.0
2022-08-09,14677.0
2022-08-10,14771.0
2022-08-11,14770.0
2022-08-12,14478.0
2022-08-13,13881.0
2022-08-14,14185.0
2022-08-15,15098.0
2022-08-16,14867.0
2022-08-17,13548.0
2022-08-18,13480.0
2022-08-19,14592.0
2022-08-20,13297.0
2022-08-21,12707.0
2022-08-22,13191.0
2022-08-23,14878.0
2022-08-24,13713.0
2022-08-25,12212.0
2022-08-26,12224.0
2022-08-27,11504.0
2022-08-28,10407.0
2022-08-29,11195.0
2022-08-30,12251.0
2022-08-31,12440.0
2022-09-01,11783.0
2022-09-02,11671.0
2022-09-03,11676.0
2022-09-04,10573.0
2022-09-05,12351.0
2022-09-06,10678.0
2022-09-07,10325.0
2022-09-08,9995.0
2022-09-09,9549.0
2022-09-10,9191.0
2022-09-11,9169.0
2022-09-12,10219.0
2022-09-13,11581.0
2022-09-14,12122.0
2022-09-15,12198.0
2022-09-16,11626.0
2022-09-17,11956.0
2022-09-18,11925.0
2022-09-19,12532.0
2022-09-20,11079.0
2022-09-21,10655.0
2022-09-22,10701.0
2022-09-23,11890.0
2022-09-24,10898.0
2022-09-25,10359.0
2022-09-26,10994.0
2022-09-27,11644.0
2022-09-28,12087.0
2022-09-29,11445.0
2022-09-30,10859.0
2022-10-01,9379.0
2022-10-02,9985.0
2022-10-03,11426.0
2022-10-04,11886.0
2022-10-05,10733.0
2022-10-06,10359.0
2022-10-07,10518.0
2022-10-08,9968.0
2022-10-09,9715.0
2022-10-10,10306.0
2022-10-11,10657.0
2022-10-12,10016.0
2022-10-13,10374.0
2022-10-14,10204.0
2022-10-15,11079.0
2022-10-16,12178.0
2022-10-17,12618.0
2022-10-18,12359.0
2022-10-19,12402.0
2022-10-20,11102.0
2022-10-21,9402.0
2022-10-22,10037.0
2022-10-23,10359.0
2022-10-24,10617.0
2022-10-25,10245.0
2022-10-26,10117.0
2022-10-27,9954.0
2022-10-28,9952.0
2022-10-29,9836.0
2022-10-30,9699.0
2022-10-31,10162.0
2022-11-01,10383.0
2022-11-02,9492.0
2022-11-03,10136.0
2022-11-04,11451.0
2022-11-05,10251.0
2022-11-06,8985.0
2022-11-07,9258.0
2022-11-08,9317.0
2022-11-09,9252.0
2022-11-10,9366.0
2022-11-11,9667.0
2022-11-12,10078.0
2022-11-13,10497.0
2022-11-14,10910.0
2022-11-15,10488.0
2022-11-16,10633.0
2022-11-17,9812.0
2022-11-18,10277.0
2022-11-19,10039.0
2022-11-20,10002.0
2022-11-21,9881.0
2022-11-22,9791.0
2022-11-23,10864.0
2022-11-24,10809.0
2022-11-25,9800.0
2022-11-26,9637.0
2022-11-27,9792.0
2022-11-28,10838.0
2022-11-29,12466.0
2022-11-30,13678.0
2022-12-01,11955.0
2022-12-02,11387.0
2022-12-03,11368.0
2022-12-04,11992.0
2022-12-05,13831.0
2022-12-06,13354.0
2022-12-07,12351.0
2022-12-08,12508.0
2022-12-09,12150.0
2022-12-10,11114.0
2022-12-11,11995.0
2022-12-12,12747.0
2022-12-13,13933.0
2022-12-14,14084.0
2022-12-15,12816.0
2022-12-16,14356.0
2022-12-17,14263.0
2022-12-18,14136.0
2022-12-19,13599.0
2022-12-20,12238.0
2022-12-21,12821.0
2022-12-22,14982.0
2022-12-23,15468.0
2022-12-24,14535.0
2022-12-25,14189.0
2022-12-26,14598.0
2022-12-27,14622.0
2022-12-28,14709.0
2022-12-29,13939.0
2022-12-30,13880.0
2022-12-31,13142.0
2023-01-01,12644.0
2023-01-02,14538.0
2023-01-03,14672.0
2023-01-04,13564.0
2023-01-05,13272.0
2023-01-06,12991.0
2023-01-07,13369.0
2023-01-08,11754.0
2023-01-09,13364.0
2023-01-10,12878.0
2023-01-11,12457.0
2023-01-12,12528.0
2023-01-13,11840.0
2023-01-14,12334.0
2023-01-15,14517.0
2023-01-16,15075.0
2023-01-17,15004.0
2023-01-18,13835.0
2023-01-19,13647.0
2023-01-20,14356.0
2023-01-21,13523.0
2023-01-22,11760.0
2023-01-23,12153.0
2023-01-24,14549.0
2023-01-25,14810.0
2023-01-26,13010.0
2023-01-27,15796.0
2023-01-28,13901.0
2023-01-29,12823.0
2023-01-30,13676.0
2023-01-31,13055.0
2023-02-01,13378.0
2023-02-02,13693.0
2023-02-03,13755.0
2023-02-04,14131.0
2023-02-05,12070.0
2023-02-06,12913.0
2023-02-07,12455.0
2023-02-08,13089.0
2023-02-09,12445.0
2023-02-10,13203.0
2023-02-11,12221.0
2023-02-12,12909.0
2023-02-13,12943.0
2023-02-14,13567.0
2023-02-15,13012.0
2023-02-16,13255.0
2023-02-17,12422.0
2023-02-18,10912.0
2023-02-19,12703.0
2023-02-20,13447.0
2023-02-21,13706.0
2023-02-22,13183.0
2023-02-23,12160.0
2023-02-24,13258.0
2023-02-25,13804.0
2023-02-26,12504.0
2023-02-27,12293.0
2023-02-28,11565.0
2023-03-01,12364.0
2023-03-02,14118.0
2023-03-03,12448.0
2023-03-04,11431.0
2023-03-05,10519.0
2023-03-06,11391.0
2023-03-07,12605.0
2023-03-08,12887.0
2023-03-09,12470.0
2023-03-10,12083.0
2023-03-11,11938.0
2023-03-12,12444.0
2023-03-13,13950.0
2023-03-14,12088.0
2023-03-15,11181.0
2023-03-16,13094.0
2023-03-17,11985.0
2023-03-18,12683.0
2023-03-19,12526.0
2023-03-20,10319.0
2023-03-21,11024.0
2023-03-22,11998.0
2023-03-23,11780.0
2023-03-24,11635.0
2023-03-25,11231.0
2023-03-26,12645.0
2023-03-27,13729.0
2023-03-28,12073.0
2023-03-29,11612.0
2023-03-30,11321.0
2023-03-31,11464.0
2023-04-01,11266.0
2023-04-02,12099.0
2023-04-03,12326.0
2023-04-04,12099.0
2023-04-05,11872.0
2023-04-06,11813.0
2023-04-07,13357.0
2023-04-08,12995.0
2023-04-09,11926.0
2023-04-10,12698.0
2023-04-11,12634.0
2023-04-12,12945.0
2023-04-13,12371.0
2023-04-14,11721.0
2023-04-15,12348.0
2023-04-16,11814.0
2023-04-17,11968.0
2023-04-18,12256.0
2023-04-19,10886.0
2023-04-20,11470.0
2023-04-21,12217.0
2023-04-22,12162.0
2023-04-23,11550.0
2023-04-24,11251.0
2023-04-25,11320.0
2023-04-26,12145.0
2023-04-27,11269.0
2023-04-28,11732.0
2023-04-29,12192.0
2023-04-30,11653.0
2023-05-01,11783.0
2023-05-02,12279.0
2023-05-03,12569.0
2023-05-04,13588.0
2023-05-05,13092.0
2023-05-06,10899.0
2023-05-07,12368.0
2023-05-08,11897.0
2023-05-09,12105.0
2023-05-10,11087.0
2023-05-11,10239.0
2023-05-12,11007.0
2023-05-13,10231.0
2023-05-14,10602.0
2023-05-15,10855.0
2023-05-16,11591.0
2023-05-17,12070.0
2023-05-18,11797.0
2023-05-19,11086.0
2023-05-20,10410.0
2023-05-21,10347.0
2023-05-22,10926.0
2023-05-23,11117.0
2023-05-24,10479.0
2023-05-25,10972.0
2023-05-26,10617.0
2023-05-27,11419.0
2023-05-28,11105.0
2023-05-29,10557.0
2023-05-30,9930.0
2023-05-31,10747.0
2023-06-01,10349.0
2023-06-02,12402.0
2023-06-03,11215.0
2023-06-04,10256.0
2023-06-05,10775.0
2023-06-06,10449.0
2023-06-07,10586.0
2023-06-08,9821.0
2023-06-09,10642.0
2023-06-10,10957.0
2023-06-11,10471.0
2023-06-12,10081.0
2023-06-13,10886.0
2023-06-14,10835.0
2023-06-15,12172.0
2023-06-16,11803.0
2023-06-17,10859.0
2023-06-18,10085.0
2023-06-19,11238.0
2023-06-20,10634.0
2023-06-21,10805.0
2023-06-22,11317.0
2023-06-23,11267.0
2023-06-24,11054.0
2023-06-25,10294.0
2023-06-26,12521.0
2023-06-27,12499.0
2023-06-28,12616.0
2023-06-29,13164.0
2023-06-30,11833.0
2023-07-01,10899.0
2023-07-02,10946.0
2023-07-03,11633.0
2023-07-04,12247.0
2023-07-05,12650.0
2023-07-06,12848.0
2023-07-07,13481.0
2023-07-08,11845.0
2023-07-09,12338.0
2023-07-10,13533.0
2023-07-11,13767.0
2023-07-12,15725.0
2023-07-13,14790.0
2023-07-14,14444.0
2023-07-15,13712.0
2023-07-16,13168.0
2023-07-17,13879.0
2023-07-18,13055.0
2023-07-19,12597.0
2023-07-20,12276.0
2023-07-21,12489.0
2023-07-22,12842.0
2023-07-23,12597.0
2023-07-24,12543.0
2023-07-25,12494.0
2023-07-26,12642.0
2023-07-27,14116.0
2023-07-28,13369.0
2023-07-29,13173.0
2023-07-30,12832.0
2023-07-31,12875.0
2023-08-01,13876.0
2023-08-02,13714.0
2023-08-03,14473.0
2023-08-04,14125.0
2023-08-05,13915.0
2023-08-06,13933.0
2023-08-07,14363.0
2023-08-08,14497.0
2023-08-09,14704.0
2023-08-10,14249.0
2023-08-11,12978.0
2023-08-12,12356.0
2023-08-13,12523.0
2023-08-14,12766.0
2023-08-15,12392.0
2023-08-16,13047.0
2023-08-17,14121.0
2023-08-18,13139.0
2023-08-19,12485.0
2023-08-20,12527.0
2023-08-21,14171.0
2023-08-22,13995.0
2023-08-23,13359.0
2023-08-24,12915.0
2023-08-25,13442.0
2023-08-26,11720.0
2023-08-27,11899.0
2023-08-28,14092.0
2023-08-29,13060.0
2023-08-30,12239.0
2023-08-31,12706.0
2023-09-01,12207.0
2023-09-02,12010.0
2023-09-03,11678.0
2023-09-04,12739.0
2023-09-05,12588.0
2023-09-06,12380.0
2023-09-07,11803.0
2023-09-08,11742.0
2023-09-09,11075.0
2023-09-10,10363.0
2023-09-11,11269.0
2023-09-12,11223.0
2023-09-13,11671.0
2023-09-14,11016.0
2023-09-15,12014.0
2023-09-16,11719.0
2023-09-17,10790.0
2023-09-18,11703.0
2023-09-19,11999.0
2023-09-20,12483.0
2023-09-21,12032.0
2023-09-22,10648.0
2023-09-23,10675.0
2023-09-24,11533.0
2023-09-25,11775.0
2023-09-26,10999.0
2023-09-27,11801.0
2023-09-28,10392.0
2023-09-29,9576.0
2023-09-30,9152.0
2023-10-01,10795.0
2023-10-02,10103.0
2023-10-03,7982.0
2023-10-04,10729.0
2023-10-05,11866.0
2023-10-06,11196.0
2023-10-07,10305.0
2023-10-08,10807.0
2023-10-09,11623.0
2023-10-10,12622.0
2023-10-11,12904.0
2023-10-12,12693.0
2023-10-13,12874.0
2023-10-14,12132.0
2023-10-15,11766.0
2023-10-16,12610.0
2023-10-17,11603.0
2023-10-18,9923.0
2023-10-19,9610.0
2023-10-20,12028.0
2023-10-21,11182.0
2023-10-22,9643.0
2023-10-23,10062.0
2023-10-24,10103.0
2023-10-25,10334.0
2023-10-26,10110.0
2023-10-27,10719.0
2023-10-28,9664.0
2023-10-29,9107.0
2023-10-30,9792.0
2023-10-31,9334.0
2023-11-01,9691.0
2023-11-02,10342.0
2023-11-03,9877.0
2023-11-04,9026.0
2023-11-05,10302.0
2023-11-06,10844.0
2023-11-07,10999.0
2023-11-08,9685.0
2023-11-09,9969.0
2023-11-10,10749.0
2023-11-11,11308.0
2023-11-12,10340.0
2023-11-13,11206.0
2023-11-14,10310.0
2023-11-15,10328.0
2023-11-16,11204.0
2023-11-17,11497.0
2023-11-18,11721.0
2023-11-19,10622.0
2023-11-20,10687.0
2023-11-21,9768.0
2023-11-22,10032.0
2023-11-23,11014.0
2023-11-24,12031.0
2023-11-25,11427.0
2023-11-26,9294.0
2023-11-27,11224.0
2023-11-28,10720.0
2023-11-29,10000.0
2023-11-30,12533.0
2023-12-01,11985.0
2023-12-02,9272.0
2023-12-03,10126.0
2023-12-04,9965.0
2023-12-05,10232.0
2023-12-06,10207.0
2023-12-07,11054.0
2023-12-08,11865.0
2023-12-09,9780.0
2023-12-10,8955.0
2023-12-11,10873.0
2023-12-12,11364.0
2023-12-13,9571.0
2023-12-14,9185.0
2023-12-15,10847.0
2023-12-16,12072.0
2023-12-17,11777.0
2023-12-18,12117.0
2023-12-19,12930.0
2023-12-20,13893.0
2023-12-21,14155.0
2023-12-22,13726.0
2023-12-23,12232.0
2023-12-24,11539.0
2023-12-25,12313.0
2023-12-26,11986.0
2023-12-27,12699.0
2023-12-28,12549.0
2023-12-29,12428.0
2023-12-30,10161.0
2023-12-31,12263.0
2024-01-01,9772.5
2024-01-02,11260.81
2024-01-03,12494.01
2024-01-04,11609.42
2024-01-05,10910.33
2024-01-06,11597.94
2024-01-07,12525.71
2024-01-08,12607.78
2024-01-09,12250.4
2024-01-10,14252.59
2024-01-11,12933.22
2024-01-12,12229.29
2024-01-13,13004.88
2024-01-14,12845.62
2024-01-15,14053.38
2024-01-16,12734.93
2024-01-17,11279.72
2024-01-18,11482.24
2024-01-19,11803.88
2024-01-20,11362.48
2024-01-21,11500.35
2024-01-22,14511.15
2024-01-23,15224.29
2024-01-24,14512.42
2024-01-25,14397.0
2024-01-26,13519.64
2024-01-27,12201.22
2024-01-28,11836.74
2024-01-29,12469.89
2024-01-30,12114.97
2024-01-31,10553.13
2024-02-01,11532.85
2024-02-02,11668.78
2024-02-03,10887.62
2024-02-04,10452.92
2024-02-05,11587.94
2024-02-06,11703.24
2024-02-07,12902.96
2024-02-08,12232.54
2024-02-09,11709.64
2024-02-10,10345.25
2024-02-11,11841.85
2024-02-12,11848.4
2024-02-13,11901.25
2024-02-14,10014.53
2024-02-15,11470.51
2024-02-16,12425.3
2024-02-17,12589.52
2024-02-18,10109.57
2024-02-19,10218.69
2024-02-20,10451.72
2024-02-21,10433.3
2024-02-22,11916.26
2024-02-23,11898.64
2024-02-24,11486.99
2024-02-25,10994.45
2024-02-26,12692.11
2024-02-27,11512.05
2024-02-28,10815.14
2024-02-29,12431.06
2024-03-01,13035.11
2024-03-02,11889.73
2024-03-03,10686.56
2024-03-04,11285.75
2024-03-05,11825.76
2024-03-06,11542.69
2024-03-07,13060.98
2024-03-08,14645.0
2024-03-09,13571.01
2024-03-10,12454.59
2024-03-11,11745.24
2024-03-12,11924.35
2024-03-13,13407.98
2024-03-14,12662.28
2024-03-15,12393.51
2024-03-16,11433.51
2024-03-17,12299.15
2024-03-18,12740.11
2024-03-19,12643.71
2024-03-20,14240.09
2024-03-21,13173.98
2024-03-22,13250.4
2024-03-23,9238.72
2024-03-24,9912.04
2024-03-25,10921.93
2024-03-26,12841.36
2024-03-27,11348.15
2024-03-28,12301.6
2024-03-29,11368.45
2024-03-30,11014.62
2024-03-31,10967.58
2024-04-01,12188.57
2024-04-02,12618.35
2024-04-03,12151.23
2024-04-04,12306.95
2024-04-05,12262.94
2024-04-06,11659.64
2024-04-07,11346.57
2024-04-08,12075.49
2024-04-09,10435.73
2024-04-10,10430.52
2024-04-11,10153.95
2024-04-12,10792.61
2024-04-13,10803.17
2024-04-14,11604.18
2024-04-15,10713.89
2024-04-16,10760.1
2024-04-17,9988.16
2024-04-18,11306.0
2024-04-19,10546.93
2024-04-20,9777.43
2024-04-21,9267.61
2024-04-22,9374.74
2024-04-23,10309.74
2024-04-24,10936.7
2024-04-25,11079.22
2024-04-26,9220.65
2024-04-27,10205.54
2024-04-28,9681.33
2024-04-29,9325.23
2024-04-30,10580.01
2024-05-01,10114.42
2024-05-02,10829.81
2024-05-03,10966.31
2024-05-04,10406.46
2024-05-05,11580.71
2024-05-06,10085.85
2024-05-07,11504.62
2024-05-08,10681.61
2024-05-09,10690.49
2024-05-10,11153.24
2024-05-11,11865.27
2024-05-12,11139.09
2024-05-13,11047.0
2024-05-14,10356.83
2024-05-15,11357.93
2024-05-16,11998.32
2024-05-17,10823.43
2024-05-18,10202.04
2024-05-19,10129.8
2024-05-20,9781.01
2024-05-21,9989.41
2024-05-22,9279.34
2024-05-23,10113.79
2024-05-24,10717.54
2024-05-25,9898.76
2024-05-26,9698.23
2024-05-27,10704.29
2024-05-28,11458.37
2024-05-29,10078.3
2024-05-30,9560.5
2024-05-31,9731.13
2024-06-01,10572.05
2024-06-02,10110.86
2024-06-03,10156.25
2024-06-04,9885.98
2024-06-05,9650.24
2024-06-06,8148.23
2024-06-07,9236.38
2024-06-08,9085.95
2024-06-09,9116.65
2024-06-10,9712.13
2024-06-11,9566.01
2024-06-12,10071.1
2024-06-13,10271.49
2024-06-14,10623.85
2024-06-15,10187.24
2024-06-16,10461.26
2024-06-17,9792.31
2024-06-18,11672.94
2024-06-19,10879.26
2024-06-20,10171.86
2024-06-21,10812.16
2024-06-22,10570.36
2024-06-23,10104.7
2024-06-24,11129.94
2024-06-25,10620.28
2024-06-26,10122.26
2024-06-27,10504.75
2024-06-28,10936.27
2024-06-29,11399.71
2024-06-30,11061.25
2024-07-01,11017.7
2024-07-02,13229.93
2024-07-03,13389.57
2024-07-04,13338.74
2024-07-05,12685.79
2024-07-06,13683.61
2024-07-07,13426.88
2024-07-08,14147.3
2024-07-09,14175.75
2024-07-10,13171.79
2024-07-11,12153.51
2024-07-12,11514.72
2024-07-13,11026.59
2024-07-14,10755.02
2024-07-15,12072.84
2024-07-16,13089.73
2024-07-17,14128.53
2024-07-18,13624.14
2024-07-19,13320.82
2024-07-20,13760.1
2024-07-21,13052.49
2024-07-22,14993.87
2024-07-23,15813.16
2024-07-24,15163.25
2024-07-25,15616.6
2024-07-26,15599.79
2024-07-27,14764.77
2024-07-28,13848.62
2024-07-29,14637.89
2024-07-30,14802.52
2024-07-31,15349.68
2024-08-01,14680.56
2024-08-02,15098.81
2024-08-03,14939.57
2024-08-04,14834.18
2024-08-05,15393.05
2024-08-06,15537.22
2024-08-07,15819.66
2024-08-08,15851.28
2024-08-09,15245.91
2024-08-10,14916.91
2024-08-11,13795.4
2024-08-12,15620.14
2024-08-13,14745.32
2024-08-14,14085.47
2024-08-15,13644.91
2024-08-16,14223.35
2024-08-17,13309.59
2024-08-18,12851.71
2024-08-19,14301.34
2024-08-20,16869.29
2024-08-21,15470.32
2024-08-22,15470.24
2024-08-23,14472.33
2024-08-24,13643.17
2024-08-25,12919.91
2024-08-26,13944.35
2024-08-27,15229.72
2024-08-28,15432.0
2024-08-29,14562.49
2024-08-30,14577.02
2024-08-31,12844.42
2024-09-01,11451.67
2024-09-02,13439.52
2024-09-03,13409.43
2024-09-04,13941.01
2024-09-05,13745.04
2024-09-06,13275.49
2024-09-07,13350.38
2024-09-08,11820.41
2024-09-09,13661.17
2024-09-10,14697.89
2024-09-11,13867.09
2024-09-12,13996.69
2024-09-13,14183.75
2024-09-14,13311.04
2024-09-15,13568.38
2024-09-16,12333.03
2024-09-17,11689.18
2024-09-18,11917.94
2024-09-19,14149.89
2024-09-20,14921.53
2024-09-21,13613.73
2024-09-22,11367.35
2024-09-23,12387.35
2024-09-24,10906.31
2024-09-25,10045.28
2024-09-26,10972.99
2024-09-27,11473.99
2024-09-28,11067.94
2024-09-29,10968.3
2024-09-30,10648.81
2024-10-01,9891.85
2024-10-02,10698.38
2024-10-03,9902.47
2024-10-04,10487.8
2024-10-05,10331.23
2024-10-06,9526.77
2024-10-07,9826.41
2024-10-08,10417.1
2024-10-09,8802.89
2024-10-10,9588.74
2024-10-11,9414.07
2024-10-12,8949.12
2024-10-13,9575.84
2024-10-14,9152.4
2024-10-15,10526.62
2024-10-16,12319.25
2024-10-17,12304.4
2024-10-18,13106.01
2024-10-19,11960.53
2024-10-20,11059.36
2024-10-21,12518.41
2024-10-22,13986.04
2024-10-23,12957.09
2024-10-24,12613.55
2024-10-25,13014.44
2024-10-26,13086.53
2024-10-27,12754.06
2024-10-28,12953.52
2024-10-29,11807.15
2024-10-30,10270.82
2024-10-31,9175.61
2024-11-01,11365.25
2024-11-02,9599.53
2024-11-03,9261.11
2024-11-04,9707.27
2024-11-05,12443.65
2024-11-06,12183.09
2024-11-07,10474.16
2024-11-08,9675.06
2024-11-09,9237.98
2024-11-10,8370.55
2024-11-11,9964.52
2024-11-12,10178.79
2024-11-13,9212.23
2024-11-14,8979.0
2024-11-15,9274.0
2024-11-16,8726.64
2024-11-17,12173.53
2024-11-18,12040.3
2024-11-19,9521.77
2024-11-20,9168.6
2024-11-21,10575.5
2024-11-22,11732.68
2024-11-23,10949.64
2024-11-24,8947.77
2024-11-25,10400.19
2024-11-26,13158.05
2024-11-27,13023.07
2024-11-28,12860.51
2024-11-29,13497.94
2024-11-30,10814.07
2024-12-01,9348.1
2024-12-02,10670.43
2024-12-03,12737.21
2024-12-04,11439.89
2024-12-05,11004.91
2024-12-06,10788.81
2024-12-07,10861.65
2024-12-08,12905.77
2024-12-09,11434.61
2024-12-10,11184.39
2024-12-11,12917.96
2024-12-12,12097.23
2024-12-13,12194.64
2024-12-14,12090.91
2024-12-15,11515.73
2024-12-16,11720.17
2024-12-17,11210.41
2024-12-18,14383.71
2024-12-19,12473.52
2024-12-20,11116.75
2024-12-21,13367.88
2024-12-22,14124.88
2024-12-23,12054.34
2024-12-24,11826.47
2024-12-25,10008.57
2024-12-26,13823.38
2024-12-27,13584.64
2024-12-28,12573.54
2024-12-29,10666.19
2024-12-30,11150.77
2024-12-31,14132.63
