date,wti_crude,brent_crude,natural_gas,heating_oil
2022-01-03,76.08000183105469,78.9800033569336,3.815000057220459,2.3573999404907227
2022-01-04,76.98999786376953,80.0,3.7170000076293945,2.4094998836517334
2022-01-05,77.8499984741211,80.80000305175781,3.881999969482422,2.4460999965667725
2022-01-06,79.45999908447266,81.98999786376953,3.812000036239624,2.4776999950408936
2022-01-07,78.9000015258789,81.75,3.9159998893737793,2.481800079345703
2022-01-10,78.2300033569336,80.87000274658203,4.078999996185303,2.487600088119507
2022-01-11,81.22000122070312,83.72000122070312,4.249000072479248,2.5636000633239746
2022-01-12,82.63999938964844,84.66999816894531,4.85699987411499,2.5941998958587646
2022-01-13,82.12000274658203,84.47000122070312,4.269999980926514,2.6085000038146973
2022-01-14,83.81999969482422,86.05999755859375,4.26200008392334,2.6342999935150146
2022-01-18,85.43000030517578,87.51000213623047,4.2829999923706055,2.6740000247955322
2022-01-19,86.95999908447266,88.44000244140625,4.031000137329102,2.6923000812530518
2022-01-20,86.9000015258789,88.37999725341797,3.802000045776367,2.671799898147583
2022-01-21,85.13999938964844,87.88999938964844,3.999000072479248,2.691200017929077
2022-01-24,83.30999755859375,86.2699966430664,4.0269999504089355,2.6273999214172363
2022-01-25,85.5999984741211,88.19999694824219,4.052999973297119,2.669100046157837
2022-01-26,87.3499984741211,89.95999908447266,4.2769999504089355,2.74399995803833
2022-01-27,86.61000061035156,89.33999633789062,6.264999866485596,2.7945001125335693
2022-01-28,86.81999969482422,90.02999877929688,4.638999938964844,2.7855000495910645
2022-01-31,88.1500015258789,91.20999908447266,4.874000072479248,2.759200096130371
2022-02-01,88.19999694824219,89.16000366210938,4.750999927520752,2.7411999702453613
2022-02-02,88.26000213623047,89.47000122070312,5.500999927520752,2.768899917602539
2022-02-03,90.2699966430664,91.11000061035156,4.888000011444092,2.8394999504089355
2022-02-04,92.30999755859375,93.2699966430664,4.572000026702881,2.8750998973846436
2022-02-07,91.31999969482422,92.69000244140625,4.23199987411499,2.8554000854492188
2022-02-08,89.36000061035156,90.77999877929688,4.248000144958496,2.79259991645813
2022-02-09,89.66000366210938,91.55000305175781,4.008999824523926,2.824899911880493
2022-02-10,89.87999725341797,91.41000366210938,3.9590001106262207,2.827199935913086
2022-02-11,93.0999984741211,94.44000244140625,3.940999984741211,2.910900115966797
2022-02-14,95.45999908447266,96.4800033569336,4.195000171661377,2.9618000984191895
2022-02-15,92.06999969482422,93.27999877929688,4.306000232696533,2.859499931335449
2022-02-16,93.66000366210938,94.80999755859375,4.7170000076293945,2.8575000762939453
2022-02-17,91.76000213623047,92.97000122070312,4.486000061035156,2.7862000465393066
2022-02-18,91.06999969482422,93.54000091552734,4.431000232696533,2.7815001010894775
2022-02-22,92.3499984741211,96.83999633789062,4.498000144958496,2.8187999725341797
2022-02-23,92.0999984741211,96.83999633789062,4.623000144958496,2.829200029373169
2022-02-24,92.80999755859375,99.08000183105469,4.567999839782715,2.896899938583374
2022-02-25,91.58999633789062,97.93000030517578,4.46999979019165,2.8494999408721924
2022-02-28,95.72000122070312,100.98999786376953,4.4019999504089355,3.013400077819824
2022-03-01,103.41000366210938,104.97000122070312,4.572999954223633,3.151099920272827
2022-03-02,110.5999984741211,112.93000030517578,4.76200008392334,3.4946999549865723
2022-03-03,107.66999816894531,110.45999908447266,4.7220001220703125,3.5034000873565674
2022-03-04,115.68000030517578,118.11000061035156,5.015999794006348,3.7762999534606934
2022-03-07,119.4000015258789,123.20999908447266,4.833000183105469,3.9214999675750732
2022-03-08,123.69999694824219,127.9800033569336,4.5269999504089355,4.437300205230713
2022-03-09,108.69999694824219,111.13999938964844,4.526000022888184,3.4642999172210693
2022-03-10,106.0199966430664,109.33000183105469,4.63100004196167,3.2962000370025635
2022-03-11,109.33000183105469,112.66999816894531,4.724999904632568,3.41759991645813
2022-03-14,103.01000213623047,106.9000015258789,4.6579999923706055,3.2762999534606934
2022-03-15,96.44000244140625,99.91000366210938,4.567999839782715,3.0297000408172607
2022-03-16,95.04000091552734,98.0199966430664,4.748000144958496,3.100100040435791
2022-03-17,102.9800033569336,106.63999938964844,4.989999771118164,3.4874000549316406
2022-03-18,104.69999694824219,107.93000030517578,4.86299991607666,3.598099946975708
2022-03-21,112.12000274658203,115.62000274658203,4.900000095367432,3.8008999824523926
2022-03-22,111.76000213623047,115.4800033569336,5.186999797821045,3.8642001152038574
2022-03-23,114.93000030517578,121.5999984741211,5.23199987411499,4.114799976348877
2022-03-24,112.33999633789062,119.02999877929688,5.401000022888184,4.15339994430542
2022-03-25,113.9000015258789,120.6500015258789,5.571000099182129,4.11460018157959
2022-03-28,105.95999908447266,112.4800033569336,5.507999897003174,3.783400058746338
2022-03-29,104.23999786376953,110.2300033569336,5.335999965667725,3.716099977493286
2022-03-30,107.81999969482422,113.44999694824219,5.605000019073486,3.808500051498413
2022-03-31,100.27999877929688,107.91000366210938,5.642000198364258,3.691200017929077
2022-04-01,99.2699966430664,104.38999938964844,5.71999979019165,3.4240000247955322
2022-04-04,103.27999877929688,107.52999877929688,5.711999893188477,3.546099901199341
2022-04-05,101.95999908447266,106.63999938964844,6.0320000648498535,3.4681999683380127
2022-04-06,96.2300033569336,101.06999969482422,6.0289998054504395,3.3452000617980957
2022-04-07,96.02999877929688,100.58000183105469,6.359000205993652,3.2678000926971436
2022-04-08,98.26000213623047,102.77999877929688,6.2779998779296875,3.3176000118255615
2022-04-11,94.29000091552734,98.4800033569336,6.64300012588501,3.267699956893921
2022-04-12,100.5999984741211,104.63999938964844,6.679999828338623,3.464400053024292
2022-04-13,104.25,108.77999877929688,6.997000217437744,3.718400001525879
2022-04-14,106.94999694824219,111.69999694824219,7.300000190734863,3.85479998588562
2022-04-18,108.20999908447266,113.16000366210938,7.820000171661377,3.8907999992370605
2022-04-19,102.55999755859375,107.25,7.176000118255615,3.8619000911712646
2022-04-20,102.75,106.80000305175781,6.936999797821045,3.973099946975708
2022-04-21,103.79000091552734,108.33000183105469,6.956999778747559,3.9007999897003174
2022-04-22,102.06999969482422,106.6500015258789,6.533999919891357,3.9386000633239746
2022-04-25,98.54000091552734,102.31999969482422,6.669000148773193,4.09089994430542
2022-04-26,101.69999694824219,104.98999786376953,6.849999904632568,4.467899799346924
2022-04-27,102.0199966430664,105.31999969482422,7.267000198364258,4.674300193786621
2022-04-28,105.36000061035156,107.58999633789062,6.888000011444092,5.13539981842041
2022-04-29,104.69000244140625,109.33999633789062,7.24399995803833,4.781700134277344
2022-05-02,105.16999816894531,107.58000183105469,7.474999904632568,4.204899787902832
2022-05-03,102.41000366210938,104.97000122070312,7.953999996185303,4.082699775695801
2022-05-04,107.80999755859375,110.13999938964844,8.414999961853027,4.197000026702881
2022-05-05,108.26000213623047,110.9000015258789,8.782999992370605,4.041299819946289
2022-05-06,109.7699966430664,112.38999938964844,8.043000221252441,3.9542999267578125
2022-05-09,103.08999633789062,105.94000244140625,7.026000022888184,3.83489990234375
2022-05-10,99.76000213623047,102.45999908447266,7.385000228881836,3.9321999549865723
2022-05-11,105.70999908447266,107.51000213623047,7.639999866485596,3.951200008392334
2022-05-12,106.12999725341797,107.44999694824219,7.738999843597412,3.916100025177002
2022-05-13,110.48999786376953,111.55000305175781,7.663000106811523,3.9212000370025635
2022-05-16,114.19999694824219,114.23999786376953,7.955999851226807,3.9075000286102295
2022-05-17,112.4000015258789,111.93000030517578,8.303999900817871,3.799299955368042
2022-05-18,109.58999633789062,109.11000061035156,8.368000030517578,3.668100118637085
2022-05-19,112.20999908447266,112.04000091552734,8.307999610900879,3.7920000553131104
2022-05-20,113.2300033569336,112.55000305175781,8.083000183105469,3.7390999794006348
2022-05-23,110.29000091552734,113.41999816894531,8.744000434875488,3.7688000202178955
2022-05-24,109.7699966430664,113.55999755859375,8.795999526977539,3.7818000316619873
2022-05-25,110.33000183105469,114.02999877929688,8.970999717712402,3.8664000034332275
2022-05-26,114.08999633789062,117.4000015258789,8.907999992370605,3.9679999351501465
2022-05-27,115.06999969482422,119.43000030517578,8.72700023651123,4.002900123596191
2022-05-31,114.66999816894531,122.83999633789062,8.145000457763672,4.09089994430542
2022-06-01,115.26000213623047,116.29000091552734,8.696000099182129,4.1433000564575195
2022-06-02,116.87000274658203,117.61000061035156,8.484999656677246,4.208399772644043
2022-06-03,118.87000274658203,119.72000122070312,8.52299976348877,4.280300140380859
2022-06-06,118.5,119.51000213623047,9.321999549865723,4.360099792480469
2022-06-07,119.41000366210938,120.56999969482422,9.293000221252441,4.3206000328063965
2022-06-08,122.11000061035156,123.58000183105469,8.699000358581543,4.314300060272217
2022-06-09,121.51000213623047,123.06999969482422,8.963000297546387,4.40369987487793
2022-06-10,120.66999816894531,122.01000213623047,8.850000381469727,4.366700172424316
2022-06-13,120.93000030517578,122.2699966430664,8.609000205993652,4.283400058746338
2022-06-14,118.93000030517578,121.16999816894531,7.189000129699707,4.394000053405762
2022-06-15,115.30999755859375,118.51000213623047,7.420000076293945,4.546999931335449
2022-06-16,117.58999633789062,119.80999755859375,7.464000225067139,4.571300029754639
2022-06-17,109.55999755859375,113.12000274658203,6.943999767303467,4.339799880981445
2022-06-21,110.6500015258789,114.6500015258789,6.808000087738037,4.358399868011475
2022-06-22,106.19000244140625,111.73999786376953,6.857999801635742,4.404600143432617
2022-06-23,104.2699966430664,110.05000305175781,6.238999843597412,4.337900161743164
2022-06-24,107.62000274658203,113.12000274658203,6.21999979019165,4.3628997802734375
2022-06-27,109.56999969482422,115.08999633789062,6.500999927520752,4.230199813842773
2022-06-28,111.76000213623047,117.9800033569336,6.551000118255615,4.199399948120117
2022-06-29,109.77999877929688,116.26000213623047,6.498000144958496,4.0366997718811035
2022-06-30,105.76000213623047,114.80999755859375,5.423999786376953,3.898200035095215
2022-07-01,108.43000030517578,111.62999725341797,5.730000019073486,3.9388999938964844
2022-07-05,99.5,102.7699966430664,5.5229997634887695,3.601599931716919
2022-07-06,98.52999877929688,100.69000244140625,5.510000228881836,3.410599946975708
2022-07-07,102.7300033569336,104.6500015258789,6.296999931335449,3.6738998889923096
2022-07-08,104.79000091552734,107.0199966430664,6.033999919891357,3.6728999614715576
2022-07-11,104.08999633789062,107.0999984741211,6.426000118255615,3.7681000232696533
2022-07-12,95.83999633789062,99.48999786376953,6.163000106811523,3.662600040435791
2022-07-13,96.30000305175781,99.56999969482422,6.689000129699707,3.6658999919891357
2022-07-14,95.77999877929688,99.0999984741211,6.599999904632568,3.649399995803833
2022-07-15,97.58999633789062,101.16000366210938,7.015999794006348,3.6989998817443848
2022-07-18,102.5999984741211,106.2699966430664,7.479000091552734,3.6554999351501465
2022-07-19,104.22000122070312,107.3499984741211,7.263999938964844,3.626800060272217
2022-07-20,102.26000213623047,106.91999816894531,8.006999969482422,3.604300022125244
2022-07-21,96.3499984741211,103.86000061035156,7.932000160217285,3.5903000831604004
2022-07-22,94.69999694824219,103.19999694824219,8.298999786376953,3.4556000232696533
2022-07-25,96.69999694824219,105.1500015258789,8.72700023651123,3.5165998935699463
2022-07-26,94.9800033569336,104.4000015258789,8.993000030517578,3.583899974822998
2022-07-27,97.26000213623047,106.62000274658203,8.687000274658203,3.7172999382019043
2022-07-28,96.41999816894531,107.13999938964844,8.133999824523926,3.686300039291382
2022-07-29,98.62000274658203,110.01000213623047,8.229000091552734,3.6247000694274902
2022-08-01,93.88999938964844,100.02999877929688,8.282999992370605,3.440000057220459
2022-08-02,94.41999816894531,100.54000091552734,7.705999851226807,3.3803999423980713
2022-08-03,90.66000366210938,96.77999877929688,8.265999794006348,3.414799928665161
2022-08-04,88.54000091552734,94.12000274658203,8.121999740600586,3.3371999263763428
2022-08-05,89.01000213623047,94.91999816894531,8.064000129699707,3.21589994430542
2022-08-08,90.76000213623047,96.6500015258789,7.589000225067139,3.1791000366210938
2022-08-09,90.5,96.30999755859375,7.833000183105469,3.3338000774383545
2022-08-10,91.93000030517578,97.4000015258789,8.20199966430664,3.4103000164031982
2022-08-11,94.33999633789062,99.5999984741211,8.87399959564209,3.4839999675750732
2022-08-12,92.08999633789062,98.1500015258789,8.767999649047852,3.5178000926971436
2022-08-15,89.41000366210938,95.0999984741211,8.727999687194824,3.4402999877929688
2022-08-16,86.52999877929688,92.33999633789062,9.329000473022461,3.4802000522613525
2022-08-17,88.11000061035156,93.6500015258789,9.244000434875488,3.6173999309539795
2022-08-18,90.5,96.58999633789062,9.187999725341797,3.6496999263763428
2022-08-19,90.7699966430664,96.72000122070312,9.336000442504883,3.700500011444092
2022-08-22,90.2300033569336,96.4800033569336,9.680000305175781,3.77620005607605
2022-08-23,93.73999786376953,100.22000122070312,9.192999839782715,3.841900110244751
2022-08-24,94.88999938964844,101.22000122070312,9.329999923706055,4.013199806213379
2022-08-25,92.5199966430664,99.33999633789062,9.375,3.9491000175476074
2022-08-26,93.05999755859375,100.98999786376953,9.295999526977539,4.007599830627441
2022-08-29,97.01000213623047,105.08999633789062,9.352999687194824,3.909899950027466
2022-08-30,91.63999938964844,99.30999755859375,9.041999816894531,3.8171000480651855
2022-08-31,89.55000305175781,96.48999786376953,9.126999855041504,3.715399980545044
2022-09-01,86.61000061035156,92.36000061035156,9.26200008392334,3.561199903488159
2022-09-02,86.87000274658203,93.0199966430664,8.78600025177002,3.578000068664551
2022-09-06,86.87999725341797,92.83000183105469,8.145000457763672,3.5738000869750977
2022-09-07,81.94000244140625,88.0,7.8420000076293945,3.5859999656677246
2022-09-08,83.54000091552734,89.1500015258789,7.914999961853027,3.54010009765625
2022-09-09,86.79000091552734,92.83999633789062,7.995999813079834,3.578700065612793
2022-09-12,87.77999877929688,94.0,8.24899959564209,3.603100061416626
2022-09-13,87.30999755859375,93.16999816894531,8.284000396728516,3.541300058364868
2022-09-14,88.4800033569336,94.0999984741211,9.11400032043457,3.3789000511169434
2022-09-15,85.0999984741211,90.83999633789062,8.324000358581543,3.205199956893921
2022-09-16,85.11000061035156,91.3499984741211,7.763999938964844,3.172499895095825
2022-09-19,85.7300033569336,92.0,7.751999855041504,3.310800075531006
2022-09-20,84.44999694824219,90.62000274658203,7.7170000076293945,3.3722000122070312
2022-09-21,82.94000244140625,89.83000183105469,7.7789998054504395,3.3338000774383545
2022-09-22,83.48999786376953,90.45999908447266,7.089000225067139,3.4114999771118164
2022-09-23,78.73999786376953,86.1500015258789,6.828000068664551,3.2370998859405518
2022-09-26,76.70999908447266,84.05999755859375,6.9029998779296875,3.1291000843048096
2022-09-27,78.5,86.2699966430664,6.651000022888184,3.2599000930786133
2022-09-28,82.1500015258789,89.31999969482422,6.868000030517578,3.449399948120117
2022-09-29,81.2300033569336,88.48999786376953,6.874000072479248,3.414599895477295
2022-09-30,79.48999786376953,87.95999908447266,6.765999794006348,3.36899995803833
2022-10-03,83.62999725341797,88.86000061035156,6.46999979019165,3.3691000938415527
2022-10-04,86.5199966430664,91.80000305175781,6.836999893188477,3.535799980163574
2022-10-05,87.76000213623047,93.37000274658203,6.929999828338623,3.6868999004364014
2022-10-06,88.44999694824219,94.41999816894531,6.9720001220703125,3.8649001121520996
2022-10-07,92.63999938964844,97.91999816894531,6.748000144958496,4.018700122833252
2022-10-10,91.12999725341797,96.19000244140625,6.434999942779541,3.9147000312805176
2022-10-11,89.3499984741211,94.29000091552734,6.5960001945495605,3.930799961090088
2022-10-12,87.2699966430664,92.44999694824219,6.434999942779541,3.932800054550171
2022-10-13,89.11000061035156,94.56999969482422,6.741000175476074,4.094799995422363
2022-10-14,85.61000061035156,91.62999725341797,6.453000068664551,3.9802000522613525
2022-10-17,85.45999908447266,91.62000274658203,5.999000072479248,4.08519983291626
2022-10-18,82.81999969482422,90.02999877929688,5.744999885559082,3.993499994277954
2022-10-19,85.55000305175781,92.41000366210938,5.461999893188477,3.9042999744415283
2022-10-20,85.9800033569336,92.37999725341797,5.357999801635742,3.7567999362945557
2022-10-21,85.05000305175781,93.5,4.959000110626221,3.8322999477386475
2022-10-24,84.58000183105469,93.26000213623047,5.198999881744385,3.920099973678589
2022-10-25,85.31999969482422,93.5199966430664,5.61299991607666,3.9672000408172607
2022-10-26,87.91000366210938,95.69000244140625,5.605999946594238,4.120100021362305
2022-10-27,89.08000183105469,96.95999908447266,5.185999870300293,4.333899974822998
2022-10-28,87.9000015258789,95.7699966430664,5.684000015258789,4.549799919128418
2022-10-31,86.52999877929688,94.83000183105469,6.355000019073486,4.190899848937988
2022-11-01,88.37000274658203,94.6500015258789,5.714000225067139,3.6210999488830566
2022-11-02,90.0,96.16000366210938,6.26800012588501,3.6774001121520996
2022-11-03,88.16999816894531,94.66999816894531,5.974999904632568,3.865299940109253
2022-11-04,92.61000061035156,98.56999969482422,6.400000095367432,3.914799928665161
2022-11-07,91.79000091552734,97.91999816894531,6.943999767303467,3.781100034713745
2022-11-08,88.91000366210938,95.36000061035156,6.138000011444092,3.770699977874756
2022-11-09,85.83000183105469,92.6500015258789,5.864999771118164,3.6563000679016113
2022-11-10,86.47000122070312,93.66999816894531,6.238999843597412,3.5694000720977783
2022-11-11,88.95999908447266,95.98999786376953,5.879000186920166,3.555299997329712
2022-11-14,85.87000274658203,93.13999938964844,5.933000087738037,3.5439999103546143
2022-11-15,86.91999816894531,93.86000061035156,6.033999919891357,3.6412999629974365
2022-11-16,85.58999633789062,92.86000061035156,6.199999809265137,3.613600015640259
2022-11-17,81.63999938964844,89.77999877929688,6.36899995803833,3.5248000621795654
2022-11-18,80.08000183105469,87.62000274658203,6.302999973297119,3.5181000232696533
2022-11-21,79.7300033569336,87.44999694824219,6.776000022888184,3.497299909591675
2022-11-22,80.94999694824219,88.36000061035156,6.7789998054504395,3.471299886703491
2022-11-23,77.94000244140625,85.41000366210938,7.308000087738037,3.359299898147583
2022-11-25,76.27999877929688,83.62999725341797,7.02400016784668,3.2390999794006348
2022-11-28,77.23999786376953,83.19000244140625,6.711999893188477,3.215399980545044
2022-11-29,78.19999694824219,83.02999877929688,7.235000133514404,3.2959001064300537
2022-11-30,80.55000305175781,85.43000030517578,6.929999828338623,3.3629000186920166
2022-12-01,81.22000122070312,86.87999725341797,6.73799991607666,3.262399911880493
2022-12-02,79.9800033569336,85.56999969482422,6.281000137329102,3.1684999465942383
2022-12-05,76.93000030517578,82.68000030517578,5.577000141143799,2.999799966812134
2022-12-06,74.25,79.3499984741211,5.468999862670898,2.9154999256134033
2022-12-07,72.01000213623047,77.16999816894531,5.7230000495910645,2.7804999351501465
2022-12-08,71.45999908447266,76.1500015258789,5.961999893188477,2.8798000812530518
2022-12-09,71.0199966430664,76.0999984741211,6.244999885559082,2.7936999797821045
2022-12-12,73.16999816894531,77.98999786376953,6.586999893188477,2.9684998989105225
2022-12-13,75.38999938964844,80.68000030517578,6.934999942779541,3.0922000408172607
2022-12-14,77.27999877929688,82.69999694824219,6.429999828338623,3.2767999172210693
2022-12-15,76.11000061035156,81.20999908447266,6.96999979019165,3.283400058746338
2022-12-16,74.29000091552734,79.04000091552734,6.599999904632568,3.1198999881744385
2022-12-19,75.19000244140625,79.80000305175781,5.85099983215332,3.053499937057495
2022-12-20,76.08999633789062,79.98999786376953,5.326000213623047,3.0589001178741455
2022-12-21,78.29000091552734,82.19999694824219,5.331999778747559,3.1394999027252197
2022-12-22,77.48999786376953,80.9800033569336,4.999000072479248,3.1314001083374023
2022-12-23,79.55999755859375,83.91999816894531,5.078999996185303,3.2660999298095703
2022-12-27,79.52999877929688,84.33000183105469,5.2820000648498535,3.3536999225616455
2022-12-28,78.95999908447266,83.26000213623047,4.709000110626221,3.3777999877929688
2022-12-29,78.4000015258789,82.26000213623047,4.559000015258789,3.312999963760376
2022-12-30,80.26000213623047,85.91000366210938,4.474999904632568,3.3622000217437744
2023-01-03,76.93000030517578,82.0999984741211,3.98799991607666,3.0864999294281006
2023-01-04,72.83999633789062,77.83999633789062,4.171999931335449,2.97189998626709
2023-01-05,73.66999816894531,78.69000244140625,3.7200000286102295,2.9723000526428223
2023-01-06,73.7699966430664,78.56999969482422,3.7100000381469727,3.004499912261963
2023-01-09,74.62999725341797,79.6500015258789,3.9100000858306885,3.0360000133514404
2023-01-10,75.12000274658203,80.0999984741211,3.6389999389648438,3.135699987411499
2023-01-11,77.41000366210938,82.66999816894531,3.6710000038146973,3.217900037765503
2023-01-12,78.38999938964844,84.02999877929688,3.694999933242798,3.2190001010894775
2023-01-13,79.86000061035156,85.27999877929688,3.4189999103546143,3.2558999061584473
2023-01-17,80.18000030517578,85.91999816894531,3.5859999656677246,3.250999927520752
2023-01-18,79.4800033569336,84.9800033569336,3.311000108718872,3.263000011444092
2023-01-19,80.33000183105469,86.16000366210938,3.2750000953674316,3.3759000301361084
2023-01-20,81.30999755859375,87.62999725341797,3.1740000247955322,3.4667999744415283
2023-01-23,81.62000274658203,88.19000244140625,3.447000026702881,3.5508999824523926
2023-01-24,80.12999725341797,86.12999725341797,3.257999897003174,3.4272000789642334
2023-01-25,80.1500015258789,86.12000274658203,3.066999912261963,3.361299991607666
2023-01-26,81.01000213623047,87.47000122070312,2.944000005722046,3.3965001106262207
2023-01-27,79.68000030517578,86.66000366210938,3.1089999675750732,3.265500068664551
2023-01-30,77.9000015258789,84.9000015258789,2.677000045776367,3.11080002784729
2023-01-31,78.87000274658203,84.48999786376953,2.684000015258789,3.182300090789795
2023-02-01,76.41000366210938,82.83999633789062,2.4679999351501465,2.9511001110076904
2023-02-02,75.87999725341797,82.16999816894531,2.4560000896453857,2.896699905395508
2023-02-03,73.38999938964844,79.94000244140625,2.4100000858306885,2.7753000259399414
2023-02-06,74.11000061035156,80.98999786376953,2.4570000171661377,2.768699884414673
2023-02-07,77.13999938964844,83.69000244140625,2.5840001106262207,2.904400110244751
2023-02-08,78.47000122070312,85.08999633789062,2.3959999084472656,2.8933000564575195
2023-02-09,78.05999755859375,84.5,2.430000066757202,2.8153998851776123
2023-02-10,79.72000122070312,86.38999938964844,2.5139999389648438,2.8645999431610107
2023-02-13,80.13999938964844,86.61000061035156,2.4049999713897705,2.9056999683380127
2023-02-14,79.05999755859375,85.58000183105469,2.566999912261963,2.9400999546051025
2023-02-15,78.58999633789062,85.37999725341797,2.4709999561309814,2.844399929046631
2023-02-16,78.48999786376953,85.13999938964844,2.3889999389648438,2.810800075531006
2023-02-17,76.33999633789062,83.0,2.2750000953674316,2.712100028991699
2023-02-21,76.16000366210938,83.05000305175781,2.072999954223633,2.7918999195098877
2023-02-22,73.94999694824219,80.5999984741211,2.1740000247955322,2.7147998809814453
2023-02-23,75.38999938964844,82.20999908447266,2.313999891281128,2.7081000804901123
2023-02-24,76.31999969482422,83.16000366210938,2.4509999752044678,2.7962000370025635
2023-02-27,75.68000030517578,82.44999694824219,2.7309999465942383,2.8197999000549316
2023-02-28,77.05000305175781,83.88999938964844,2.746999979019165,2.8208999633789062
2023-03-01,77.69000244140625,84.30999755859375,2.811000108718872,2.873800039291382
2023-03-02,78.16000366210938,84.75,2.765000104904175,2.8661999702453613
2023-03-03,79.68000030517578,85.83000183105469,3.009000062942505,2.913100004196167
2023-03-06,80.45999908447266,86.18000030517578,2.572000026702881,2.8866000175476074
2023-03-07,77.58000183105469,83.29000091552734,2.687000036239624,2.797499895095825
2023-03-08,76.66000366210938,82.66000366210938,2.5510001182556152,2.7418999671936035
2023-03-09,75.72000122070312,81.58999633789062,2.5429999828338623,2.6689000129699707
2023-03-10,76.68000030517578,82.77999877929688,2.430000066757202,2.772900104522705
2023-03-13,74.80000305175781,80.7699966430664,2.6059999465942383,2.7614998817443848
2023-03-14,71.33000183105469,77.44999694824219,2.572999954223633,2.714400053024292
2023-03-15,67.61000061035156,73.69000244140625,2.438999891281128,2.6048998832702637
2023-03-16,68.3499984741211,74.69999694824219,2.5139999389648438,2.6435000896453857
2023-03-17,66.73999786376953,72.97000122070312,2.3380000591278076,2.6786999702453613
2023-03-20,67.63999938964844,73.79000091552734,2.2230000495910645,2.6870999336242676
2023-03-21,69.33000183105469,75.31999969482422,2.3480000495910645,2.690200090408325
2023-03-22,70.9000015258789,76.69000244140625,2.1710000038146973,2.740299940109253
2023-03-23,69.95999908447266,75.91000366210938,2.1540000438690186,2.6847000122070312
2023-03-24,69.26000213623047,74.98999786376953,2.2160000801086426,2.695199966430664
2023-03-27,72.80999755859375,78.12000274658203,2.0880000591278076,2.770400047302246
2023-03-28,73.19999694824219,78.6500015258789,2.0299999713897705,2.7695999145507812
2023-03-29,72.97000122070312,78.27999877929688,1.9910000562667847,2.658099889755249
2023-03-30,74.37000274658203,79.2699966430664,2.1040000915527344,2.623699903488159
2023-03-31,75.66999816894531,79.7699966430664,2.2160000801086426,2.676300048828125
2023-04-03,80.41999816894531,84.93000030517578,2.0969998836517334,2.662600040435791
2023-04-04,80.70999908447266,84.94000244140625,2.1059999465942383,2.6666998863220215
2023-04-05,80.61000061035156,84.98999786376953,2.1549999713897705,2.7309999465942383
2023-04-06,80.69999694824219,85.12000274658203,2.010999917984009,2.6605000495910645
2023-04-10,79.73999786376953,84.18000030517578,2.171999931335449,2.6814000606536865
2023-04-11,81.52999877929688,85.61000061035156,2.186000108718872,2.6682000160217285
2023-04-12,83.26000213623047,87.33000183105469,2.0929999351501465,2.7030999660491943
2023-04-13,82.16000366210938,86.08999633789062,2.006999969482422,2.672800064086914
2023-04-14,82.5199966430664,86.30999755859375,2.114000082015991,2.63919997215271
2023-04-17,80.83000183105469,84.76000213623047,2.2750000953674316,2.6147000789642334
2023-04-18,80.86000061035156,84.7699966430664,2.365999937057495,2.599900007247925
2023-04-19,79.16000366210938,83.12000274658203,2.2219998836517334,2.5576999187469482
2023-04-20,77.29000091552734,81.0999984741211,2.249000072479248,2.4948999881744385
2023-04-21,77.87000274658203,81.66000366210938,2.2330000400543213,2.488600015640259
2023-04-24,78.76000213623047,82.7300033569336,2.2730000019073486,2.5309998989105225
2023-04-25,77.06999969482422,80.7699966430664,2.306999921798706,2.4511001110076904
2023-04-26,74.30000305175781,77.69000244140625,2.117000102996826,2.372999906539917
2023-04-27,74.76000213623047,78.37000274658203,2.3550000190734863,2.3541998863220215
2023-04-28,76.77999877929688,79.54000091552734,2.4100000858306885,2.378700017929077
2023-05-01,75.66000366210938,79.30999755859375,2.318000078201294,2.3822999000549316
2023-05-02,71.66000366210938,75.31999969482422,2.2139999866485596,2.2892000675201416
2023-05-03,68.5999984741211,72.33000183105469,2.1700000762939453,2.232300043106079
2023-05-04,68.55999755859375,72.5,2.1010000705718994,2.2386999130249023
2023-05-05,71.33999633789062,75.30000305175781,2.13700008392334,2.31469988822937
2023-05-08,73.16000366210938,77.01000213623047,2.23799991607666,2.377700090408325
2023-05-09,73.70999908447266,77.44000244140625,2.2669999599456787,2.390199899673462
2023-05-10,72.55999755859375,76.41000366210938,2.190999984741211,2.393399953842163
2023-05-11,70.87000274658203,74.9800033569336,2.190000057220459,2.3494999408721924
2023-05-12,70.04000091552734,74.16999816894531,2.2660000324249268,2.305500030517578
2023-05-15,71.11000061035156,75.2300033569336,2.375,2.378000020980835
2023-05-16,70.86000061035156,74.91000366210938,2.375999927520752,2.3638999462127686
2023-05-17,72.83000183105469,76.95999908447266,2.365000009536743,2.422600030899048
2023-05-18,71.86000061035156,75.86000061035156,2.5920000076293945,2.402600049972534
2023-05-19,71.55000305175781,75.58000183105469,2.5850000381469727,2.3622000217437744
2023-05-22,71.98999786376953,75.98999786376953,2.4000000953674316,2.3664000034332275
2023-05-23,72.91000366210938,76.83999633789062,2.321000099182129,2.3617000579833984
2023-05-24,74.33999633789062,78.36000061035156,2.3980000019073486,2.4137001037597656
2023-05-25,71.83000183105469,76.26000213623047,2.306999921798706,2.3461999893188477
2023-05-26,72.66999816894531,76.94999694824219,2.180999994277954,2.36929988861084
2023-05-30,69.45999908447266,73.54000091552734,2.3269999027252197,2.2808001041412354
2023-05-31,68.08999633789062,72.66000366210938,2.2660000324249268,2.2595999240875244
2023-06-01,70.0999984741211,74.27999877929688,2.1579999923706055,2.31469988822937
2023-06-02,71.73999786376953,76.12999725341797,2.171999931335449,2.3568999767303467
2023-06-05,72.1500015258789,76.70999908447266,2.244999885559082,2.377500057220459
2023-06-06,71.73999786376953,76.29000091552734,2.26200008392334,2.367799997329712
2023-06-07,72.52999877929688,76.94999694824219,2.3289999961853027,2.4017999172210693
2023-06-08,71.29000091552734,75.95999908447266,2.3519999980926514,2.3898000717163086
2023-06-09,70.16999816894531,74.79000091552734,2.253999948501587,2.3610000610351562
2023-06-12,67.12000274658203,71.83999633789062,2.2660000324249268,2.3090999126434326
2023-06-13,69.41999816894531,74.29000091552734,2.3399999141693115,2.3954999446868896
2023-06-14,68.2699966430664,73.19999694824219,2.3420000076293945,2.3577001094818115
2023-06-15,70.62000274658203,75.66999816894531,2.5329999923706055,2.479599952697754
2023-06-16,71.77999877929688,76.61000061035156,2.631999969482422,2.5513999462127686
2023-06-20,70.5,75.9000015258789,2.492000102996826,2.475399971008301
2023-06-21,72.52999877929688,77.12000274658203,2.5969998836517334,2.564199924468994
2023-06-22,69.51000213623047,74.13999938964844,2.6080000400543213,2.4655001163482666
2023-06-23,69.16000366210938,73.8499984741211,2.7290000915527344,2.407099962234497
2023-06-26,69.37000274658203,74.18000030517578,2.7909998893737793,2.438800096511841
2023-06-27,67.69999694824219,72.26000213623047,2.763000011444092,2.3989999294281006
2023-06-28,69.55999755859375,74.02999877929688,2.6029999256134033,2.4066998958587646
2023-06-29,69.86000061035156,74.33999633789062,2.7009999752044678,2.415600061416626
2023-06-30,70.63999938964844,74.9000015258789,2.7980000972747803,2.448199987411499
2023-07-03,69.79000091552734,74.6500015258789,2.7090001106262207,2.3773000240325928
2023-07-05,71.79000091552734,76.6500015258789,2.6570000648498535,2.493299961090088
2023-07-06,71.80000305175781,76.5199966430664,2.6089999675750732,2.4793999195098877
2023-07-07,73.86000061035156,78.47000122070312,2.5820000171661377,2.5590999126434326
2023-07-10,72.98999786376953,77.69000244140625,2.6689999103546143,2.5532000064849854
2023-07-11,74.83000183105469,79.4000015258789,2.7309999465942383,2.583699941635132
2023-07-12,75.75,80.11000061035156,2.631999969482422,2.599600076675415
2023-07-13,76.88999938964844,81.36000061035156,2.5450000762939453,2.6103999614715576
2023-07-14,75.41999816894531,79.87000274658203,2.5390000343322754,2.597899913787842
2023-07-17,74.1500015258789,78.5,2.51200008392334,2.564199924468994
2023-07-18,75.75,79.62999725341797,2.628999948501587,2.599400043487549
2023-07-19,75.3499984741211,79.45999908447266,2.6029999256134033,2.6417999267578125
2023-07-20,75.62999725341797,79.63999938964844,2.756999969482422,2.664400100708008
2023-07-21,77.06999969482422,81.06999969482422,2.7130000591278076,2.745699882507324
2023-07-24,78.73999786376953,82.73999786376953,2.684999942779541,2.7704999446868896
2023-07-25,79.62999725341797,83.63999938964844,2.7300000190734863,2.777600049972534
2023-07-26,78.77999877929688,82.91999816894531,2.6649999618530273,2.842900037765503
2023-07-27,80.08999633789062,84.23999786376953,2.492000102996826,2.9168999195098877
2023-07-28,80.58000183105469,84.98999786376953,2.638000011444092,2.9586000442504883
2023-07-31,81.80000305175781,85.55999755859375,2.634000062942505,2.9909000396728516
2023-08-01,81.37000274658203,84.91000366210938,2.559999942779541,3.023400068283081
2023-08-02,79.48999786376953,83.19999694824219,2.4769999980926514,3.004300117492676
2023-08-03,81.55000305175781,85.13999938964844,2.565000057220459,3.074899911880493
2023-08-04,82.81999969482422,86.23999786376953,2.5769999027252197,3.0622000694274902
2023-08-07,81.94000244140625,85.33999633789062,2.7249999046325684,3.015500068664551
2023-08-08,82.91999816894531,86.16999816894531,2.7769999504089355,3.085599899291992
2023-08-09,84.4000015258789,87.55000305175781,2.9590001106262207,3.2070000171661377
2023-08-10,82.81999969482422,86.4000015258789,2.763000011444092,3.1533000469207764
2023-08-11,83.19000244140625,86.80999755859375,2.7699999809265137,3.121500015258789
2023-08-14,82.51000213623047,86.20999908447266,2.7950000762939453,3.0882999897003174
2023-08-15,80.98999786376953,84.88999938964844,2.6589999198913574,3.0280001163482666
2023-08-16,79.37999725341797,83.44999694824219,2.5920000076293945,3.020900011062622
2023-08-17,80.38999938964844,84.12000274658203,2.621000051498413,3.0938000679016113
2023-08-18,81.25,84.80000305175781,2.5510001182556152,3.1596999168395996
2023-08-21,80.72000122070312,84.45999908447266,2.631999969482422,3.1161999702453613
2023-08-22,80.3499984741211,84.02999877929688,2.559999942779541,3.1387999057769775
2023-08-23,78.88999938964844,83.20999908447266,2.496999979019165,3.1291000843048096
2023-08-24,79.05000305175781,83.36000061035156,2.5190000534057617,3.156399965286255
2023-08-25,79.83000183105469,84.4800033569336,2.5399999618530273,3.307499885559082
2023-08-28,80.0999984741211,84.41999816894531,2.5789999961853027,3.203700065612793
2023-08-29,81.16000366210938,85.48999786376953,2.555999994277954,3.2095000743865967
2023-08-30,81.62999725341797,85.86000061035156,2.7960000038146973,3.0961999893188477
2023-08-31,83.62999725341797,86.86000061035156,2.7679998874664307,3.1426000595092773
2023-09-01,85.55000305175781,88.55000305175781,2.765000104904175,3.1050000190734863
2023-09-05,86.69000244140625,90.04000091552734,2.5820000171661377,3.219599962234497
2023-09-06,87.54000091552734,90.5999984741211,2.509999990463257,3.192699909210205
2023-09-07,86.87000274658203,89.91999816894531,2.5789999961853027,3.2123000621795654
2023-09-08,87.51000213623047,90.6500015258789,2.6050000190734863,3.299099922180176
2023-09-11,87.29000091552734,90.63999938964844,2.6080000400543213,3.3622000217437744
2023-09-12,88.83999633789062,92.05999755859375,2.743000030517578,3.3282999992370605
2023-09-13,88.5199966430664,91.87999725341797,2.680000066757202,3.4354000091552734
2023-09-14,90.16000366210938,93.69999694824219,2.7079999446868896,3.4814999103546143
2023-09-15,90.7699966430664,93.93000030517578,2.6440000534057617,3.3833999633789062
2023-09-18,91.4800033569336,94.43000030517578,2.7279999256134033,3.288300037384033
2023-09-19,91.19999694824219,94.33999633789062,2.8480000495910645,3.3738999366760254
2023-09-20,90.27999877929688,93.52999877929688,2.7330000400543213,3.3268001079559326
2023-09-21,89.62999725341797,93.30000305175781,2.609999895095825,3.368000030517578
2023-09-22,90.02999877929688,93.2699966430664,2.63700008392334,3.3062000274658203
2023-09-25,89.68000030517578,93.29000091552734,2.6389999389648438,3.262200117111206
2023-09-26,90.38999938964844,93.95999908447266,2.6559998989105225,3.22379994392395
2023-09-27,93.68000030517578,96.55000305175781,2.7639999389648438,3.31469988822937
2023-09-28,91.70999908447266,95.37999725341797,2.944999933242798,3.318000078201294
2023-09-29,90.79000091552734,95.30999755859375,2.928999900817871,3.3622000217437744
2023-10-02,88.81999969482422,90.70999908447266,2.8399999141693115,3.2225000858306885
2023-10-03,89.2300033569336,90.91999816894531,2.9489998817443848,3.1953999996185303
2023-10-04,84.22000122070312,85.80999755859375,2.9619998931884766,3.0178000926971436
2023-10-05,82.30999755859375,84.06999969482422,3.1659998893737793,2.8687000274658203
2023-10-06,82.79000091552734,84.58000183105469,3.3380000591278076,2.9007999897003174
2023-10-09,86.37999725341797,88.1500015258789,3.375999927520752,2.966599941253662
2023-10-10,85.97000122070312,87.6500015258789,3.381999969482422,3.0201001167297363
2023-10-11,83.48999786376953,85.81999969482422,3.377000093460083,2.998500108718872
2023-10-12,82.91000366210938,86.0,3.3440001010894775,3.0448999404907227
2023-10-13,87.69000244140625,90.88999938964844,3.2360000610351562,3.211699962615967
2023-10-16,86.66000366210938,89.6500015258789,3.1089999675750732,3.149199962615967
2023-10-17,86.66000366210938,89.9000015258789,3.0789999961853027,3.1767001152038574
2023-10-18,88.31999969482422,91.5,3.055999994277954,3.1393001079559326
2023-10-19,89.37000274658203,92.37999725341797,2.9570000171661377,3.1730000972747803
2023-10-20,88.75,92.16000366210938,2.8989999294281006,3.156599998474121
2023-10-23,85.48999786376953,89.83000183105469,2.9260001182556152,3.0954999923706055
2023-10-24,83.73999786376953,88.06999969482422,2.9709999561309814,3.0448999404907227
2023-10-25,85.38999938964844,90.12999725341797,3.009999990463257,3.0304999351501465
2023-10-26,83.20999908447266,87.93000030517578,3.2139999866485596,3.0439000129699707
2023-10-27,85.54000091552734,90.4800033569336,3.1640000343322754,3.0518999099731445
2023-10-30,82.30999755859375,87.44999694824219,3.3519999980926514,2.9663000106811523
2023-10-31,81.0199966430664,87.41000366210938,3.575000047683716,2.990999937057495
2023-11-01,80.44000244140625,84.62999725341797,3.49399995803833,2.9614999294281006
2023-11-02,82.45999908447266,86.8499984741211,3.4719998836517334,3.0255000591278076
2023-11-03,80.51000213623047,84.88999938964844,3.515000104904175,2.923799991607666
2023-11-06,80.81999969482422,85.18000030517578,3.2639999389648438,2.952399969100952
2023-11-07,77.37000274658203,81.61000061035156,3.140000104904175,2.838399887084961
2023-11-08,75.33000183105469,79.54000091552734,3.1059999465942383,2.7492001056671143
2023-11-09,75.73999786376953,80.01000213623047,3.0409998893737793,2.719099998474121
2023-11-10,77.16999816894531,81.43000030517578,3.0329999923706055,2.7430999279022217
2023-11-13,78.26000213623047,82.5199966430664,3.197000026702881,2.8392999172210693
2023-11-14,78.26000213623047,82.47000122070312,3.1059999465942383,2.837100028991699
2023-11-15,76.66000366210938,81.18000030517578,3.190000057220459,2.8687000274658203
2023-11-16,72.9000015258789,77.41999816894531,3.062000036239624,2.750200033187866
2023-11-17,75.88999938964844,80.61000061035156,2.9600000381469727,2.7725000381469727
2023-11-20,77.5999984741211,82.31999969482422,2.881999969482422,2.8494999408721924
2023-11-21,77.7699966430664,82.44999694824219,2.8459999561309814,2.9249000549316406
2023-11-22,77.0999984741211,81.95999908447266,2.8970000743865967,2.8891000747680664
2023-11-23,,81.37000274658203,2.934000015258789,2.8712000846862793
2023-11-24,75.54000091552734,80.58000183105469,2.8550000190734863,2.835700035095215
2023-11-27,74.86000061035156,79.9800033569336,2.7939999103546143,2.837899923324585
2023-11-28,76.41000366210938,81.68000030517578,2.7060000896453857,2.9070000648498535
2023-11-29,77.86000061035156,83.0999984741211,2.803999900817871,2.8884999752044678
2023-11-30,75.95999908447266,82.83000183105469,2.802000045776367,2.8304998874664307
2023-12-01,74.06999969482422,78.87999725341797,2.813999891281128,2.6614999771118164
2023-12-04,73.04000091552734,78.02999877929688,2.694000005722046,2.6596999168395996
2023-12-05,72.31999969482422,77.19999694824219,2.7100000381469727,2.6410999298095703
2023-12-06,69.37999725341797,74.30000305175781,2.569000005722046,2.576200008392334
2023-12-07,69.33999633789062,74.05000305175781,2.5850000381469727,2.5492000579833984
2023-12-08,71.2300033569336,75.83999633789062,2.5810000896453857,2.5810000896453857
2023-12-11,71.31999969482422,76.02999877929688,2.430999994277954,2.6087000370025635
2023-12-12,68.61000061035156,73.23999786376953,2.311000108718872,2.5074000358581543
2023-12-13,69.47000122070312,74.26000213623047,2.3350000381469727,2.548099994659424
2023-12-14,71.58000183105469,76.61000061035156,2.3919999599456787,2.5913000106811523
2023-12-15,71.43000030517578,76.55000305175781,2.490999937057495,2.620800018310547
2023-12-18,72.47000122070312,77.94999694824219,2.503000020980835,2.672800064086914
2023-12-19,73.44000244140625,79.2300033569336,2.492000102996826,2.7167999744415283
2023-12-20,74.22000122070312,79.69999694824219,2.447000026702881,2.7084999084472656
2023-12-21,73.88999938964844,79.38999938964844,2.572000026702881,2.6967999935150146
2023-12-22,73.55999755859375,79.06999969482422,2.609999895095825,2.6612000465393066
2023-12-26,75.56999969482422,81.06999969482422,2.549999952316284,2.668800115585327
2023-12-27,74.11000061035156,79.6500015258789,2.61899995803833,2.6238999366760254
2023-12-28,71.7699966430664,78.38999938964844,2.556999921798706,2.556299924850464
2023-12-29,71.6500015258789,77.04000091552734,2.5139999389648438,2.553100109100342
2024-01-02,70.37999725341797,75.88999938964844,2.568000078201294,2.5257999897003174
2024-01-03,72.69999694824219,78.25,2.6679999828338623,2.6043999195098877
2024-01-04,72.19000244140625,77.58999633789062,2.821000099182129,2.588399887084961
2024-01-05,73.80999755859375,78.76000213623047,2.8929998874664307,2.6085000038146973
2024-01-08,70.7699966430664,76.12000274658203,2.9800000190734863,2.576900005340576
2024-01-09,72.23999786376953,77.58999633789062,3.190000057220459,2.650399923324585
2024-01-10,71.37000274658203,76.80000305175781,3.0390000343322754,2.600600004196167
2024-01-11,72.0199966430664,77.41000366210938,3.0969998836517334,2.673799991607666
2024-01-12,72.68000030517578,78.29000091552734,3.312999963760376,2.669300079345703
2024-01-16,72.4000015258789,78.29000091552734,2.9000000953674316,2.660599946975708
2024-01-17,72.55999755859375,77.87999725341797,2.869999885559082,2.653599977493286
2024-01-18,74.08000183105469,79.0999984741211,2.697000026702881,2.6935999393463135
2024-01-19,73.41000366210938,78.55999755859375,2.5190000534057617,2.662100076675415
2024-01-22,75.19000244140625,80.05999755859375,2.4189999103546143,2.69350004196167
2024-01-23,74.37000274658203,79.55000305175781,2.450000047683716,2.6912999153137207
2024-01-24,75.08999633789062,80.04000091552734,2.6410000324249268,2.68179988861084
2024-01-25,77.36000061035156,82.43000030517578,2.571000099182129,2.7953999042510986
2024-01-26,78.01000213623047,83.55000305175781,2.7119998931884766,2.843400001525879
2024-01-29,76.77999877929688,82.4000015258789,2.490000009536743,2.833899974822998
2024-01-30,77.81999969482422,82.87000274658203,2.0769999027252197,2.80679988861084
2024-01-31,75.8499984741211,81.70999908447266,2.0999999046325684,2.808199882507324
2024-02-01,73.81999969482422,78.69999694824219,2.049999952316284,2.712899923324585
2024-02-02,72.27999877929688,77.33000183105469,2.0789999961853027,2.6600000858306885
2024-02-05,72.77999877929688,77.98999786376953,2.0820000171661377,2.7248001098632812
2024-02-06,73.30999755859375,78.58999633789062,2.009000062942505,2.7427000999450684
2024-02-07,73.86000061035156,79.20999908447266,1.9670000076293945,2.815200090408325
2024-02-08,76.22000122070312,81.62999725341797,1.9170000553131104,2.8907999992370605
2024-02-09,76.83999633789062,82.19000244140625,1.847000002861023,2.964200019836426
2024-02-12,76.91999816894531,82.0,1.7680000066757202,2.919600009918213
2024-02-13,77.87000274658203,82.7699966430664,1.6890000104904175,2.895900011062622
2024-02-14,76.63999938964844,81.5999984741211,1.6089999675750732,2.8101000785827637
2024-02-15,78.02999877929688,82.86000061035156,1.5809999704360962,2.823699951171875
2024-02-16,79.19000244140625,83.47000122070312,1.6089999675750732,2.8066000938415527
2024-02-20,78.18000030517578,82.33999633789062,1.5759999752044678,2.7314999103546143
2024-02-21,77.91000366210938,83.02999877929688,1.7730000019073486,2.705199956893921
2024-02-22,78.61000061035156,83.66999816894531,1.7319999933242798,2.752000093460083
2024-02-23,76.48999786376953,81.62000274658203,1.6030000448226929,2.68969988822937
2024-02-26,77.58000183105469,82.52999877929688,1.659000039100647,2.762700080871582
2024-02-27,78.87000274658203,83.6500015258789,1.6150000095367432,2.746000051498413
2024-02-28,78.54000091552734,83.68000030517578,1.8849999904632568,2.6582999229431152
2024-02-29,78.26000213623047,83.62000274658203,1.8600000143051147,2.683799982070923
2024-03-01,79.97000122070312,83.55000305175781,1.8350000381469727,2.704200029373169
2024-03-04,78.73999786376953,82.80000305175781,1.9160000085830688,2.647200107574463
2024-03-05,78.1500015258789,82.04000091552734,1.9570000171661377,2.6064999103546143
2024-03-06,79.12999725341797,82.95999908447266,1.9290000200271606,2.663300037384033
2024-03-07,78.93000030517578,82.95999908447266,1.8179999589920044,2.694700002670288
2024-03-08,78.01000213623047,82.08000183105469,1.8049999475479126,2.640899896621704
2024-03-11,77.93000030517578,82.20999908447266,1.7589999437332153,2.6517999172210693
2024-03-12,77.55999755859375,81.91999816894531,1.7139999866485596,2.616499900817871
2024-03-13,79.72000122070312,84.02999877929688,1.6579999923706055,2.6851000785827637
2024-03-14,81.26000213623047,85.41999816894531,1.7410000562667847,2.7088000774383545
2024-03-15,81.04000091552734,85.33999633789062,1.6549999713897705,2.7269999980926514
2024-03-18,82.72000122070312,86.88999938964844,1.7029999494552612,2.7881999015808105
2024-03-19,83.47000122070312,87.37999725341797,1.74399995803833,2.760699987411499
2024-03-20,81.68000030517578,85.94999694824219,1.6990000009536743,2.69569993019104
2024-03-21,81.06999969482422,85.77999877929688,1.6829999685287476,2.668800115585327
2024-03-22,80.62999725341797,85.43000030517578,1.659000039100647,2.65339994430542
2024-03-25,81.94999694824219,86.75,1.6150000095367432,2.6786000728607178
2024-03-26,81.62000274658203,86.25,1.5750000476837158,2.621799945831299
2024-03-27,81.3499984741211,86.08999633789062,1.718000054359436,2.598599910736084
2024-03-28,83.16999816894531,87.4800033569336,1.7630000114440918,2.615600109100342
2024-04-01,83.70999908447266,87.41999816894531,1.8370000123977661,2.6270999908447266
2024-04-02,85.1500015258789,88.91999816894531,1.8619999885559082,2.711899995803833
2024-04-03,85.43000030517578,89.3499984741211,1.840999960899353,2.7323999404907227
2024-04-04,86.58999633789062,90.6500015258789,1.7740000486373901,2.741300106048584
2024-04-05,86.91000366210938,91.16999816894531,1.784999966621399,2.7730000019073486
2024-04-08,86.43000030517578,90.37999725341797,1.843999981880188,2.7286999225616455
2024-04-09,85.2300033569336,89.41999816894531,1.871999979019165,2.677000045776367
2024-04-10,86.20999908447266,90.4800033569336,1.8849999904632568,2.7076001167297363
2024-04-11,85.0199966430664,89.73999786376953,1.7640000581741333,2.6598000526428223
2024-04-12,85.66000366210938,90.44999694824219,1.7699999809265137,2.6851000785827637
2024-04-15,85.41000366210938,90.0999984741211,1.690999984741211,2.6542000770568848
2024-04-16,85.36000061035156,90.0199966430664,1.7319999933242798,2.6512999534606934
2024-04-17,82.69000244140625,87.29000091552734,1.7120000123977661,2.574700117111206
2024-04-18,82.7300033569336,87.11000061035156,1.7569999694824219,2.533900022506714
2024-04-19,83.13999938964844,87.29000091552734,1.7519999742507935,2.541300058364868
2024-04-22,82.8499984741211,87.0,1.7910000085830688,2.5604000091552734
2024-04-23,83.36000061035156,88.41999816894531,1.812000036239624,2.579200029373169
2024-04-24,82.80999755859375,88.0199966430664,1.652999997138977,2.5499000549316406
2024-04-25,83.56999969482422,89.01000213623047,1.6380000114440918,2.5504000186920166
2024-04-26,83.8499984741211,89.5,1.6139999628067017,2.5481998920440674
2024-04-29,82.62999725341797,88.4000015258789,2.0299999713897705,2.5313000679016113
2024-04-30,81.93000030517578,87.86000061035156,1.9910000562667847,2.513400077819824
2024-05-01,79.0,83.44000244140625,1.9320000410079956,2.451900005340576
2024-05-02,78.94999694824219,83.66999816894531,2.0350000858306885,2.4430999755859375
2024-05-03,78.11000061035156,82.95999908447266,2.1419999599456787,2.4433999061584473
2024-05-06,78.4800033569336,83.33000183105469,2.194999933242798,2.461400032043457
2024-05-07,78.37999725341797,83.16000366210938,2.2070000171661377,2.46560001373291
2024-05-08,78.98999786376953,83.58000183105469,2.187000036239624,2.476099967956543
2024-05-09,79.26000213623047,83.87999725341797,2.3010001182556152,2.47760009765625
2024-05-10,78.26000213623047,82.79000091552734,2.252000093460083,2.4344000816345215
2024-05-13,79.12000274658203,83.36000061035156,2.38100004196167,2.436800003051758
2024-05-14,78.0199966430664,82.37999725341797,2.3440001010894775,2.4200000762939453
2024-05-15,78.62999725341797,82.75,2.4159998893737793,2.423099994659424
2024-05-16,79.2300033569336,83.2699966430664,2.494999885559082,2.443700075149536
2024-05-17,80.05999755859375,83.9800033569336,2.625999927520752,2.486299991607666
2024-05-20,79.80000305175781,83.70999908447266,2.750999927520752,2.4870998859405518
2024-05-21,79.26000213623047,82.87999725341797,2.6710000038146973,2.4623000621795654
2024-05-22,77.56999969482422,81.9000015258789,2.8420000076293945,2.43179988861084
2024-05-23,76.87000274658203,81.36000061035156,2.6570000648498535,2.411799907684326
2024-05-24,77.72000122070312,82.12000274658203,2.5199999809265137,2.413599967956543
2024-05-28,79.83000183105469,84.22000122070312,2.5899999141693115,2.4649999141693115
2024-05-29,79.2300033569336,83.5999984741211,2.493000030517578,2.437000036239624
2024-05-30,77.91000366210938,81.86000061035156,2.572000026702881,2.3694000244140625
2024-05-31,76.98999786376953,81.62000274658203,2.5869998931884766,2.363600015640259
2024-06-03,74.22000122070312,78.36000061035156,2.75600004196167,2.2962000370025635
2024-06-04,73.25,77.5199966430664,2.5859999656677246,2.285900115966797
2024-06-05,74.06999969482422,78.41000366210938,2.756999969482422,2.301100015640259
2024-06-06,75.55000305175781,79.87000274658203,2.821000099182129,2.357599973678589
2024-06-07,75.52999877929688,79.62000274658203,2.9179999828338623,2.3517000675201416
2024-06-10,77.73999786376953,81.62999725341797,2.9059998989105225,2.4147000312805176
2024-06-11,77.9000015258789,81.91999816894531,3.128999948501587,2.421299934387207
2024-06-12,78.5,82.5999984741211,3.0450000762939453,2.4407999515533447
2024-06-13,78.62000274658203,82.75,2.9590001106262207,2.486799955368042
2024-06-14,78.44999694824219,82.62000274658203,2.88100004196167,2.470599889755249
2024-06-17,80.33000183105469,84.25,2.7880001068115234,2.4825000762939453
2024-06-18,81.56999969482422,85.33000183105469,2.9089999198913574,2.5208001136779785
2024-06-20,82.16999816894531,85.70999908447266,2.740999937057495,2.5244998931884766
2024-06-21,80.7300033569336,85.23999786376953,2.7049999237060547,2.491499900817871
2024-06-24,81.62999725341797,86.01000213623047,2.811000108718872,2.521399974822998
2024-06-25,80.83000183105469,85.01000213623047,2.75600004196167,2.509399890899658
2024-06-26,80.9000015258789,85.25,2.628000020980835,2.5374999046325684
2024-06-27,81.73999786376953,86.38999938964844,2.684999942779541,2.547600030899048
2024-06-28,81.54000091552734,86.41000366210938,2.6010000705718994,2.516900062561035
2024-07-01,83.37999725341797,86.5999984741211,2.4779999256134033,2.6147000789642334
2024-07-02,82.80999755859375,86.23999786376953,2.434999942779541,2.629699945449829
2024-07-03,83.87999725341797,87.33999633789062,2.4179999828338623,2.6342999935150146
2024-07-05,83.16000366210938,86.54000091552734,2.319000005722046,2.602400064468384
2024-07-08,82.33000183105469,85.75,2.365999937057495,2.5790998935699463
2024-07-09,81.41000366210938,84.66000366210938,2.3440001010894775,2.5236001014709473
2024-07-10,82.0999984741211,85.08000183105469,2.3289999961853027,2.518399953842163
2024-07-11,82.62000274658203,85.4000015258789,2.2679998874664307,2.518199920654297
2024-07-12,82.20999908447266,85.02999877929688,2.3289999961853027,2.5095999240875244
2024-07-15,81.91000366210938,84.8499984741211,2.1579999923706055,2.5136001110076904
2024-07-16,80.76000213623047,83.7300033569336,2.187999963760376,2.4688000679016113
2024-07-17,82.8499984741211,85.08000183105469,2.0350000858306885,2.49399995803833
2024-07-18,82.81999969482422,85.11000061035156,2.125,2.486799955368042
2024-07-19,80.12999725341797,82.62999725341797,2.128000020980835,2.419100046157837
2024-07-22,79.77999877929688,82.4000015258789,2.250999927520752,2.434799909591675
2024-07-23,76.95999908447266,81.01000213623047,2.187000036239624,2.409899950027466
2024-07-24,77.58999633789062,81.70999908447266,2.117000102996826,2.452399969100952
2024-07-25,78.27999877929688,82.37000274658203,2.0409998893737793,2.4711999893188477
2024-07-26,77.16000366210938,81.12999725341797,2.00600004196167,2.4196999073028564
2024-07-29,75.80999755859375,79.77999877929688,1.906999945640564,2.375
2024-07-30,74.7300033569336,78.62999725341797,2.125999927520752,2.3368000984191895
2024-07-31,77.91000366210938,80.72000122070312,2.0360000133514404,2.4154999256134033
2024-08-01,76.30999755859375,79.5199966430664,1.968000054359436,2.406399965286255
2024-08-02,73.5199966430664,76.80999755859375,1.9670000076293945,2.31850004196167
2024-08-05,72.94000244140625,76.30000305175781,1.9420000314712524,2.2985999584198
2024-08-06,73.19999694824219,76.4800033569336,2.009999990463257,2.295799970626831
2024-08-07,75.2300033569336,78.33000183105469,2.111999988555908,2.355600118637085
2024-08-08,76.19000244140625,79.16000366210938,2.127000093460083,2.357800006866455
2024-08-09,76.83999633789062,79.66000366210938,2.1429998874664307,2.3396999835968018
2024-08-12,80.05999755859375,82.30000305175781,2.188999891281128,2.4065001010894775
2024-08-13,78.3499984741211,80.69000244140625,2.1480000019073486,2.38919997215271
2024-08-14,76.9800033569336,79.76000213623047,2.2190001010894775,2.3682000637054443
2024-08-15,78.16000366210938,81.04000091552734,2.197000026702881,2.3778998851776123
2024-08-16,76.6500015258789,79.68000030517578,2.122999906539917,2.328700065612793
2024-08-19,74.37000274658203,77.66000366210938,2.234999895095825,2.2634999752044678
2024-08-20,74.04000091552734,77.19999694824219,2.197999954223633,2.263200044631958
2024-08-21,71.93000030517578,76.05000305175781,2.177000045776367,2.2497000694274902
2024-08-22,73.01000213623047,77.22000122070312,2.052999973297119,2.2634999752044678
2024-08-23,74.83000183105469,79.0199966430664,2.0220000743865967,2.2997000217437744
2024-08-26,77.41999816894531,81.43000030517578,1.9559999704360962,2.3480000495910645
2024-08-27,75.52999877929688,79.55000305175781,1.9040000438690186,2.2862000465393066
2024-08-28,74.5199966430664,78.6500015258789,1.9299999475479126,2.229099988937378
2024-08-29,75.91000366210938,79.94000244140625,2.13700008392334,2.2839999198913574
2024-08-30,73.55000305175781,78.80000305175781,2.127000093460083,2.251499891281128
2024-09-03,70.33999633789062,73.75,2.203000068664551,2.2060000896453857
2024-09-04,69.19999694824219,72.69999694824219,2.1449999809265137,2.1575000286102295
2024-09-05,69.1500015258789,72.69000244140625,2.253999948501587,2.1689000129699707
2024-09-06,67.66999816894531,71.05999755859375,2.2750000953674316,2.115000009536743
2024-09-09,68.70999908447266,71.83999633789062,2.1700000762939453,2.139400005340576
2024-09-10,65.75,69.19000244140625,2.2320001125335693,2.058000087738037
2024-09-11,67.30999755859375,70.61000061035156,2.2699999809265137,2.0917000770568848
2024-09-12,68.97000122070312,71.97000122070312,2.3570001125335693,2.118799924850464
2024-09-13,68.6500015258789,71.61000061035156,2.305000066757202,2.0843000411987305
2024-09-16,70.08999633789062,72.75,2.372999906539917,2.0968000888824463
2024-09-17,71.19000244140625,73.69999694824219,2.3239998817443848,2.136699914932251
2024-09-18,70.91000366210938,73.6500015258789,2.2839999198913574,2.1475000381469727
2024-09-19,71.94999694824219,74.87999725341797,2.3480000495910645,2.171999931335449
2024-09-20,71.91999816894531,74.48999786376953,2.434000015258789,2.1614999771118164
2024-09-23,70.37000274658203,73.9000015258789,2.61299991607666,2.1451001167297363
2024-09-24,71.55999755859375,75.16999816894531,2.5510001182556152,2.180500030517578
2024-09-25,69.69000244140625,73.45999908447266,2.63700008392334,2.1602001190185547
2024-09-26,67.66999816894531,71.5999984741211,2.5850000381469727,2.1361000537872314
2024-09-27,68.18000030517578,71.9800033569336,2.9019999504089355,2.132699966430664
2024-09-30,68.16999816894531,71.7699966430664,2.9230000972747803,2.1317999362945557
2024-10-01,69.83000183105469,73.55999755859375,2.8959999084472656,2.1742000579833984
2024-10-02,70.0999984741211,73.9000015258789,2.885999917984009,2.1821000576019287
2024-10-03,73.70999908447266,77.62000274658203,2.9700000286102295,2.2946999073028564
2024-10-04,74.37999725341797,78.05000305175781,2.8540000915527344,2.312700033187866
2024-10-07,77.13999938964844,80.93000030517578,2.746000051498413,2.396199941635132
2024-10-08,73.56999969482422,77.18000030517578,2.7330000400543213,2.2971999645233154
2024-10-09,73.23999786376953,76.58000183105469,2.6600000858306885,2.276900053024292
2024-10-10,75.8499984741211,79.4000015258789,2.674999952316284,2.3508999347686768
2024-10-11,75.55999755859375,79.04000091552734,2.631999969482422,2.343899965286255
2024-10-14,73.83000183105469,77.45999908447266,2.49399995803833,2.274199962615967
2024-10-15,70.58000183105469,74.25,2.497999906539917,2.187700033187866
2024-10-16,70.38999938964844,74.22000122070312,2.367000102996826,2.1747000217437744
2024-10-17,70.66999816894531,74.44999694824219,2.3469998836517334,2.194499969482422
2024-10-18,69.22000122070312,73.05999755859375,2.257999897003174,2.1521999835968018
2024-10-21,70.55999755859375,74.29000091552734,2.312000036239624,2.183300018310547
2024-10-22,72.08999633789062,76.04000091552734,2.311000108718872,2.236999988555908
2024-10-23,70.7699966430664,74.95999908447266,2.3420000076293945,2.22160005569458
2024-10-24,70.19000244140625,74.37999725341797,2.5220000743865967,2.2023000717163086
2024-10-25,71.77999877929688,76.05000305175781,2.559999942779541,2.238100051879883
2024-10-28,67.37999725341797,71.41999816894531,2.309000015258789,2.1285998821258545
2024-10-29,67.20999908447266,71.12000274658203,2.3459999561309814,2.133699893951416
2024-10-30,68.61000061035156,72.55000305175781,2.8450000286102295,2.1875998973846436
2024-10-31,69.26000213623047,73.16000366210938,2.7070000171661377,2.2195000648498535
2024-11-01,69.48999786376953,73.0999984741211,2.6630001068115234,2.2342000007629395
2024-11-04,71.47000122070312,75.08000183105469,2.7809998989105225,2.28410005569458
2024-11-05,71.98999786376953,75.52999877929688,2.6700000762939453,2.3041999340057373
2024-11-06,71.69000244140625,74.91999816894531,2.746999979019165,2.2699999809265137
2024-11-07,72.36000061035156,75.62999725341797,2.693000078201294,2.286400079727173
2024-11-08,70.37999725341797,73.87000274658203,2.6689999103546143,2.2388999462127686
2024-11-11,68.04000091552734,71.83000183105469,2.9200000762939453,2.1975998878479004
2024-11-12,68.12000274658203,71.88999938964844,2.9070000648498535,2.2107999324798584
2024-11-13,68.43000030517578,72.27999877929688,2.9830000400543213,2.2193000316619873
2024-11-14,68.69999694824219,72.55999755859375,2.7850000858306885,2.2123000621795654
2024-11-15,67.0199966430664,71.04000091552734,2.822999954223633,2.1709001064300537
2024-11-18,69.16000366210938,73.30000305175781,2.9730000495910645,2.2513999938964844
2024-11-19,69.38999938964844,73.30999755859375,2.997999906539917,2.2402000427246094
2024-11-20,68.87000274658203,72.80999755859375,3.193000078201294,2.226300001144409
2024-11-21,70.0999984741211,74.2300033569336,3.3389999866485596,2.274399995803833
2024-11-22,71.23999786376953,75.16999816894531,3.128999948501587,2.274899959564209
2024-11-25,68.94000244140625,73.01000213623047,3.36899995803833,2.235300064086914
2024-11-26,68.7699966430664,72.80999755859375,3.430999994277954,2.2404000759124756
2024-11-27,68.72000122070312,72.83000183105469,3.2039999961853027,2.2035999298095703
2024-11-29,68.0,72.94000244140625,3.36299991607666,2.193000078201294
2024-12-02,68.0999984741211,71.83000183105469,3.2130000591278076,2.1777000427246094
2024-12-03,69.94000244140625,73.62000274658203,3.0420000553131104,2.2177000045776367
2024-12-04,68.54000091552734,72.30999755859375,3.0429999828338623,2.1673998832702637
2024-12-05,68.30000305175781,72.08999633789062,3.0789999961853027,2.1556999683380127
2024-12-06,67.19999694824219,71.12000274658203,3.0759999752044678,2.1326000690460205
2024-12-09,68.37000274658203,72.13999938964844,3.181999921798706,2.183500051498413
2024-12-10,68.58999633789062,72.19000244140625,3.1630001068115234,2.1861000061035156
2024-12-11,70.29000091552734,73.5199966430664,3.378000020980835,2.223299980163574
2024-12-12,70.0199966430664,73.41000366210938,3.4549999237060547,2.236599922180176
2024-12-13,71.29000091552734,74.48999786376953,3.2799999713897705,2.2699999809265137
2024-12-16,70.70999908447266,73.91000366210938,3.2139999866485596,2.2639999389648438
2024-12-17,70.08000183105469,73.19000244140625,3.308000087738037,2.2279000282287598
2024-12-18,70.58000183105469,73.38999938964844,3.374000072479248,2.255000114440918
2024-12-19,69.91000366210938,72.87999725341797,3.5840001106262207,2.2376999855041504
2024-12-20,69.45999908447266,72.94000244140625,3.747999906539917,2.2316999435424805
2024-12-23,69.23999786376953,72.62999725341797,3.6559998989105225,2.226300001144409
2024-12-24,70.0999984741211,73.58000183105469,3.946000099182129,2.2214999198913574
2024-12-26,69.62000274658203,73.26000213623047,3.7149999141693115,2.2053000926971436
2024-12-27,70.5999984741211,74.16999816894531,3.5139999389648438,2.244800090789795
2024-12-30,70.98999786376953,74.38999938964844,3.936000108718872,2.299499988555908
