date,kets_close,kets_volume,kets_ma7,kets_ma30,eu_ets_price
2022-01-03,20000.0,140327,,,
2022-01-04,20248.083103902878,443554,,,84.80000305175781
2022-01-05,20173.44134603375,252503,,,87.5199966430664
2022-01-06,20492.994870355204,193326,,,86.81500244140625
2022-01-07,21243.55401074115,232932,,,85.30000305175781
2022-01-10,21099.68843494548,61344,,,80.41999816894531
2022-01-11,20958.434406950066,444966,20602.31373898979,,81.7300033569336
2022-01-12,21726.406373140104,497972,20848.94322086695,,80.0199966430664
2022-01-13,22072.85588422636,117957,21109.625046627447,,80.875
2022-01-14,21793.647874944218,155423,21341.083122186083,,82.25
2022-01-17,22025.21932279996,370197,21559.972329678192,,80.2249984741211
2022-01-18,21748.896500896633,196968,21632.16411398612,,82.2300033569336
2022-01-19,21476.670132449734,236833,21686.01864220101,,81.6050033569336
2022-01-20,21563.46033133718,243624,21772.450917113456,,85.19999694824219
2022-01-21,20570.619495532224,301147,21607.338506026612,,84.4000015258789
2022-01-24,19690.994764707528,127454,21267.07263180964,,83.58999633789062
2022-01-25,19410.003707532618,307594,20926.552036465124,,87.2249984741211
2022-01-26,18909.086703351742,402744,20481.39023368681,,88.78500366210938
2022-01-27,19081.453293116592,434876,20100.32691828966,,89.84500122070312
2022-01-28,18638.96287442516,471151,19694.940167143293,,89.47000122070312
2022-01-31,17952.360533392297,87641,19179.06876743688,,88.87999725341797
2022-02-01,18718.192501705777,79711,18914.436339747386,,88.86499786376953
2022-02-02,18622.721323346203,382486,18761.825848124343,,93.1449966430664
2022-02-03,18675.537848538308,419040,18656.902153982297,,94.62999725341797
2022-02-04,17980.885875173142,193254,18524.30203567107,,95.33000183105469
2022-02-07,17739.487754311198,137833,18332.592672984585,,95.43499755859375
2022-02-08,17830.296280381277,368420,18217.06887383546,,95.23999786376953
2022-02-09,17288.05657976113,331685,18122.168309031003,,91.41000366210938
2022-02-10,17519.733498434634,406601,17950.95987999227,,90.7750015258789
2022-02-11,17258.334551999687,94813,17756.047484085626,19750.33600594774,92.31500244140625
2022-02-14,17155.814136747988,218270,17538.94409668701,19655.52981050601,90.80500030517578
2022-02-15,16900.06372598052,189892,17384.540932516633,19543.92916457526,89.68499755859375
2022-02-16,17876.14674919483,336214,17404.063646071438,19467.352678013965,89.06999969482422
2022-02-17,17899.54643471868,454338,17413.956525262496,19380.904396826085,85.74500274658203
2022-02-18,17400.097301820326,392703,17429.962342699524,19252.789173195386,88.66500091552734
2022-02-21,17849.94315430127,254615,17477.13515068047,19144.46433050725,89.01499938964844
2022-02-22,17268.823836092746,91786,17478.633619836623,19021.47731147867,89.0
2022-02-23,17413.90655413354,276006,17515.503965177417,18877.727317511784,94.42500305175781
2022-02-24,16471.546785768514,280876,17454.287259432844,18691.017014229856,86.51000213623047
2022-02-25,15863.502277658725,449953,17166.76662064197,18493.345494320336,87.1500015258789
2022-02-28,16029.320384286688,348206,16899.59147058026,18293.482196369896,81.13500213623047
2022-03-01,16462.350828242495,497453,16765.62768864057,18117.26400728142,69.4000015258789
2022-03-02,16602.897541313727,363715,16587.47831535663,17954.804920910225,67.37000274658203
2022-03-03,16596.851065731687,337654,16491.482205305052,17789.251278723375,66.33999633789062
2022-03-04,16497.923840458025,331570,16360.627531922839,17653.49475688757,64.66999816894531
2022-03-07,15811.44409449255,87265,16266.327147454842,17524.176401213736,57.720001220703125
2022-03-08,15517.758861830001,461066,16216.935230907882,17394.434906356983,67.75499725341797
2022-03-09,15359.276079935426,299321,16121.214616000556,17276.10788557644,72.26499938964844
2022-03-10,15962.569479665353,116150,16049.817280489538,17172.14509179473,74.87999725341797
2022-03-11,16196.771070472716,137312,15991.799213226537,17090.73869832965,75.91999816894531
2022-03-14,15372.137489190114,139613,15816.840130863453,17004.73126352291,77.7699966430664
2022-03-15,15607.284669309189,387054,15689.605963556478,16901.034335776356,76.41000366210938
2022-03-16,15482.871808317586,364519,15642.667065531483,16796.3726852754,77.63500213623047
2022-03-17,15214.753371998255,171826,15599.380566984091,16681.013202724065,79.25
2022-03-18,15596.022476375983,85435,15633.201480761312,16601.517756097495,78.08000183105469
2022-03-21,16178.50589768548,408587,15664.049540478476,16549.485027543305,78.0250015258789
2022-03-22,16699.20597627617,260017,15735.825955593255,16511.78201740647,79.9800033569336
2022-03-23,16323.96925952289,184055,15871.80192278365,16479.645773398526,76.36499786376953
2022-03-24,16220.965878187648,201734,15959.470666909143,16436.353519390294,78.16000366210938
2022-03-25,16439.98649550376,335654,16096.20133650717,16409.07525084043,78.01499938964844
2022-03-28,16975.945630524726,259259,16347.80023058238,16403.079633966317,80.125
2022-03-29,16773.55192775871,222070,16516.01872363705,16398.862574025596,80.93000030517578
2022-03-30,16721.689757036012,144071,16593.616417829988,16360.380674286966,77.72000122070312
2022-03-31,16210.252858453921,318784,16523.76597242681,16304.070888411476,76.00499725341797
2022-04-01,15663.834900203412,356691,16429.4610639526,16246.195475024242,77.5999984741211
2022-04-04,16131.889606547127,366764,16416.735882289668,16188.92702343244,78.0
2022-04-05,16862.166349249543,196389,16477.047289967635,16175.371773871,77.88500213623047
2022-04-06,16863.43850941959,165608,16460.97484409547,16157.022839047198,76.68499755859375
2022-04-07,17402.182763519675,319708,16550.779249204184,16188.044038305574,79.43000030517578
2022-04-08,17608.929723512825,208417,16677.52781584373,16246.224953167377,79.55999755859375
2022-04-11,17307.341936671513,163824,16834.25482701767,16288.825671580204,77.2699966430664
2022-04-12,17514.769613021057,304444,17098.674071705904,16323.90629773949,78.55999755859375
2022-04-13,18306.095243719647,129273,17409.27487701626,16380.679554486354,76.92500305175781
2022-04-14,18294.389086413565,387003,17613.878125182553,16437.264155175748,79.26000213623047
2022-04-15,19082.877927112844,261837,17930.94089913873,16523.429291397577,
2022-04-18,17762.580693238044,160017,17982.426317669928,16588.467178022423,
2022-04-19,18189.239235670484,173618,18065.32767654959,16677.516523817107,79.55000305175781
2022-04-20,18239.66291658301,495609,18198.516387965523,16773.52941837203,86.28500366210938
2022-04-21,18095.776941922526,175341,18281.517434951445,16844.6363337806,85.94000244140625
2022-04-22,18149.878777653194,341574,18259.200796941954,16909.739924019952,88.21499633789062
2022-04-25,17162.411813292834,256604,18097.489757924704,16969.415734823375,82.58000183105469
2022-04-26,17078.368728998634,77788,17811.131301051246,17018.451870146357,81.5
2022-04-27,17284.124763462205,276577,17742.780453940413,17078.493635317842,80.21499633789062
2022-04-28,18045.88244124865,491759,17722.300911880153,17172.864604292856,82.03500366210938
2022-04-29,17794.048861369047,457135,17658.6417611353,17246.132150459292,82.94000244140625
2022-05-02,17401.318342969047,381490,17559.43338985623,17286.892565302078,
2022-05-03,17169.53674198863,408266,17419.384527618437,17302.57025749249,87.38500213623047
2022-05-04,17650.696381068392,89974,17489.139465872086,17346.794494877344,87.04000091552734
2022-05-05,17828.63335074262,419453,17596.320126121227,17400.383410629172,87.96499633789062
2022-05-06,17573.481951707265,66371,17637.656867299094,17438.166592502625,90.7249984741211
2022-05-09,17844.12548128459,357228,17608.834444447086,17467.105920861286,86.12999725341797
2022-05-10,17900.987225784975,472845,17624.11135364936,17504.687097462163,86.50499725341797
2022-05-11,18392.221483385038,232256,17765.66894513736,17560.371488340465,87.73999786376953
2022-05-12,18038.008041025238,374060,17889.73627357116,17621.29666109284,87.25
2022-05-13,17877.800368549684,123972,17922.1797003542,17695.095510037718,87.37999725341797
2022-05-16,17687.75192844823,243259,17902.053782883573,17746.957587434423,88.63500213623047
2022-05-17,16965.52708704608,325128,17815.203087931975,17750.402945360973,90.73999786376953
2022-05-18,17137.290382467585,345183,17714.22664524383,17759.531341129237,83.83000183105469
2022-05-19,17287.811936935574,135431,17626.630175408205,17755.7189802431,82.0199966430664
2022-05-20,17307.07817994275,395835,17471.60970348788,17745.6572621241,79.65499877929688
2022-05-23,17205.28688527276,370750,17352.64953838038,17742.255427077474,77.18000030517578
2022-05-24,16514.865639555795,453832,17157.94457709554,17708.925294628632,80.41500091552734
2022-05-25,16335.34155579296,414809,16964.743095287642,17643.233505031076,80.68499755859375
2022-05-26,16198.099384221936,155373,16855.110566312767,17573.357181624688,84.37999725341797
2022-05-27,15833.546707132167,231144,16668.861469836276,17465.046140958664,83.36000061035156
2022-05-30,15795.95894455378,336718,16455.739613781734,17399.49208266919,82.7750015258789
2022-05-31,16041.517248864495,446646,16274.945195056269,17327.901349775657,83.36499786376953
2022-06-01,17022.95793668425,300195,16248.89820240077,17287.344517112364,85.45500183105469
2022-06-02,17128.691793955528,193748,16336.587653029303,17255.108345513465,
2022-06-03,17273.5232904241,454032,16470.613615119466,17225.89649593916,
2022-06-06,17248.638085910614,82733,16620.69057250356,17228.770705026418,80.79000091552734
2022-06-07,16301.813963118224,266752,16687.585894787284,17202.88554616374,80.17500305175781
2022-06-08,16319.781020103854,52050,16762.417619865864,17170.740754718463,79.40499877929688
2022-06-09,16380.486806042152,159996,16810.841842319816,17115.227566878246,80.28500366210938
2022-06-10,17641.210454931075,83933,16899.163630640793,17110.132953330314,81.30500030517578
2022-06-13,17548.096174400795,74951,16959.078542132975,17115.02554771137,80.75499725341797
2022-06-14,17703.52436043575,82413,17020.50726642035,17132.82513499294,83.26000213623047
2022-06-15,17687.440454127835,215873,17083.193319022812,17134.049937428255,85.75
2022-06-16,17104.421119386196,236691,17197.85148420395,17109.909529716377,82.26499938964844
2022-06-17,17688.53862480393,476129,17393.38828487539,17113.744752152932,81.53500366210938
2022-06-20,18064.706971390962,424717,17633.991165639505,17121.09746848981,83.05500030517578
2022-06-21,18452.627435621653,483816,17749.90787716673,17139.485475484365,83.55500030517578
2022-06-22,17982.305817046097,238847,17811.937826116056,17125.821619939736,80.81500244140625
2022-06-23,18677.207541104734,271888,17951.035423354486,17147.128269942383,82.88999938964844
2022-06-24,17955.614571215265,311044,17989.346011509835,17149.722076697904,82.66999816894531
2022-06-27,18241.98562121164,271165,18151.855226056327,17168.19653312335,83.69000244140625
2022-06-28,19324.154543610202,293662,18385.51464302865,17246.817448342154,86.54499816894531
2022-06-29,18793.91013948772,216472,18489.68652418533,17302.038106909495,87.29499816894531
2022-06-30,18486.11594860891,447710,18494.470597469222,17341.98157396527,88.81500244140625
2022-07-01,18517.178216290144,261760,18570.880940218376,17382.318241843517,84.70999908447266
2022-07-04,18245.23381120761,172744,18509.17040737593,17416.98313937468,83.71499633789062
2022-07-05,17454.86043314902,401575,18437.634101937892,17448.31629916112,82.375
2022-07-06,17489.63375298494,255763,18330.155263619792,17486.792705734188,82.7249984741211
2022-07-07,16958.00428955534,93001,17992.13379875481,17512.1228692453,84.1500015258789
2022-07-08,17204.681514972235,117364,17765.10113810974,17557.82736283997,82.125
2022-07-11,16749.09494563808,437132,17516.955280542483,17589.598562876112,83.52999877929688
2022-07-12,17537.02545471354,357172,17376.93345746011,17639.448836404412,84.75
2022-07-13,17142.329532327865,288506,17219.375703334434,17643.427889592534,83.1050033569336
2022-07-14,16985.849443852443,278731,17152.37413343492,17638.66647792243,83.20500183105469
2022-07-15,17400.01435133146,480789,17139.571361770137,17642.882846619344,84.6449966430664
2022-07-18,16782.88327595087,181878,17114.55407411236,17627.357686287352,83.98500061035156
2022-07-19,16906.98297499419,436487,17072.02571125835,17647.529986683217,82.56999969482422
2022-07-20,17568.168117293055,237710,17189.036164351917,17689.142889922856,78.375
2022-07-21,16758.54258972137,178301,17077.824326495895,17701.74474937883,77.19999694824219
2022-07-22,16860.89414664515,438439,17037.619271398362,17675.734205769302,75.9000015258789
2022-07-25,16998.001222480292,210829,17039.35523977377,17657.39770737195,75.53500366210938
2022-07-26,17393.062222960438,84636,17038.36207857791,17647.048969456107,76.0199966430664
2022-07-27,16770.561239500545,261169,17036.601787656433,17616.48632896853,75.29000091552734
2022-07-28,16118.483352004014,229352,16923.958984372126,17583.62173672246,77.92500305175781
2022-07-29,16400.37213900526,336406,16757.13098747387,17540.6828538625,77.33000183105469
2022-08-01,16563.322786266406,392579,16729.24244412316,17490.63671435835,79.62000274658203
2022-08-02,16699.494536535934,243283,16706.1853569647,17432.198951055492,81.0250015258789
2022-08-03,16880.64655877288,498058,16689.4204050065,17395.47697577972,83.07499694824219
2022-08-04,16544.665102424617,440727,16568.220816358524,17324.392227823715,83.33000183105469
2022-08-05,16671.268511970324,295596,16554.03614099706,17281.58069251555,84.01499938964844
2022-08-08,16824.927323585736,481413,16654.95670836588,17234.34541592802,83.31999969482422
2022-08-09,16471.52704070358,353988,16665.121694322785,17139.257832497802,84.76499938964844
2022-08-10,17414.983755461886,376898,16786.787547064996,17093.29361969694,85.0
2022-08-11,17643.3265682058,477373,16921.620694446403,17065.200640350165,86.13999938964844
2022-08-12,17034.26034303488,389273,16943.565520769545,17015.77004457499,83.5
2022-08-15,17360.482077477398,352186,17060.110802919946,16986.27832011732,89.73500061035156
2022-08-16,16864.28776519775,111665,17087.684981952432,16966.592564518945,91.23500061035156
2022-08-17,17258.626503545842,296584,17149.64200766102,16958.892322870975,95.04000091552734
2022-08-18,17830.55998215671,166953,17343.789570725752,16987.97751262435,95.62999725341797
2022-08-19,17401.14186991306,208448,17341.812158504494,16994.52619112238,96.41500091552734
2022-08-22,17871.519425904084,236626,17374.411138175674,17031.94034046458,90.8550033569336
2022-08-23,18056.917857018634,195271,17520.505068744784,17049.270087208082,88.28500366210938
2022-08-24,18442.97396343715,168533,17675.14676673903,17092.624901578394,88.11499786376953
2022-08-25,19358.401386454287,494164,18031.448712632824,17171.709966331786,87.67500305175781
2022-08-26,19184.15573907993,123781,18306.52431770912,17231.181345923404,89.05999755859375
2022-08-29,18758.399062667533,116262,18439.072757782098,17297.03187214729,
2022-08-30,18272.994414546625,358744,18563.623121301178,17342.56558679904,79.5999984741211
2022-08-31,17833.875959115438,126898,18558.245483188515,17351.422514859783,79.22000122070312
2022-09-01,17772.6201879658,199369,18517.631530466682,17385.22510146793,79.6500015258789
2022-09-02,17921.442401751792,80448,18443.127021654487,17420.576709971487,76.87999725341797
2022-09-05,18034.235665710534,338316,18253.960490119665,17455.11785807916,73.19000244140625
2022-09-06,18419.74531664036,486090,18144.759001199727,17489.340627868492,68.74500274658203
2022-09-07,18390.180123369795,57657,18092.156295585763,17543.32792399747,68.9000015258789
2022-09-08,19081.198354001604,306689,18207.614001222188,17642.08509073072,66.5
2022-09-09,18899.026792220404,468641,18359.77840595147,17725.373579171228,65.3499984741211
2022-09-12,20212.089743780394,469901,18708.274056782124,17846.999144421694,71.16999816894531
2022-09-13,20451.366554294138,424999,19069.691792859605,17972.061545013632,69.13500213623047
2022-09-14,19944.171403904224,467794,19342.539755458703,18074.179039851344,70.9000015258789
2022-09-15,19339.978713096953,209903,19474.001669238216,18167.356160207088,71.0999984741211
2022-09-16,19524.278360155236,57906,19636.015703064706,18262.45648847992,71.88999938964844
2022-09-19,19351.102496179617,373557,19674.57343766157,18346.66232756638,
2022-09-20,19649.847816589743,104028,19781.833584000044,18452.60635342925,70.17500305175781
2022-09-21,19821.962823229653,319431,19726.10116677851,18532.83898902151,68.91000366210938
2022-09-22,19717.328288518816,345804,19621.238557382032,18601.97237969861,69.18000030517578
2022-09-23,19227.53006919369,372648,19518.86122385196,18675.081370570573,65.06999969482422
2022-09-26,18412.679143138117,240792,19386.38985671498,18710.154606092598,69.16000366210938
2022-09-27,18148.017399310334,152979,19189.781148022852,18752.945593896355,67.13999938964844
2022-09-28,18539.83179095162,84701,19073.885332990285,18795.652436809873,64.41500091552734
2022-09-29,18602.3833970607,133300,18924.247558771847,18821.37988397334,65.20999908447266
2022-09-30,17933.493737023768,291249,18654.466260742432,18839.124946210366,65.72000122070312
2022-10-03,17986.619804660935,198746,18407.222191619883,18842.96162550226,65.07499694824219
2022-10-04,18144.477605281452,133560,18252.50041106099,18845.880283777686,66.61000061035156
2022-10-05,17664.316869321832,292615,18145.59151480152,18819.925047307177,66.1449966430664
2022-10-06,17712.276646551996,467090,18083.342835836043,18765.05422264377,68.22000122070312
2022-10-07,17711.245061885053,93642,17964.97330311225,18715.957200070607,69.00499725341797
2022-10-10,17108.822682964917,377304,17751.607486812853,18660.971320747183,65.97000122070312
2022-10-11,17268.553608109898,329746,17656.616039825156,18627.489960532628,65.38999938964844
2022-10-12,17526.314525159214,415464,17590.858142753477,18617.237912734086,65.72000122070312
2022-10-13,18039.779609668327,138801,17575.90128623732,18626.14322679084,67.93499755859375
2022-10-14,18528.07682431433,338075,17699.295565521963,18646.364374209592,67.16500091552734
2022-10-17,17790.050466863195,144377,17710.406111280703,18638.224867581343,66.47000122070312
2022-10-18,17286.43282797933,341336,17649.718649294173,18600.447784625976,66.87999725341797
2022-10-19,17519.04372283229,358686,17708.32165498951,18571.409904608056,66.62000274658203
2022-10-20,17746.10376903723,439159,17776.543106550558,18526.906751775918,65.98500061035156
2022-10-21,17968.979509412246,354664,17839.78096144385,18495.90517568231,68.22000122070312
2022-10-24,19855.41771934588,376916,18099.15783425493,18484.01610820116,71.4000015258789
2022-10-25,20062.93270249733,362250,18318.422959709646,18471.068313141262,76.00499725341797
2022-10-26,20548.360978126726,131121,18712.467318461575,18491.207965615347,74.44000244140625
2022-10-27,20933.024777297094,75559,19233.40902550697,18544.309501088686,79.01499938964844
2022-10-28,21158.41607178761,417739,19753.319361072015,18598.780758143097,80.44999694824219
2022-10-31,20895.14737460703,83742,20203.182733296275,18650.24892075734,78.76000213623047
2022-11-01,21173.989311334124,381813,20661.04127642797,18701.053637248824,75.76499938964844
2022-11-02,20681.083219208518,202826,20778.99349069406,18729.690983781453,75.86499786376953
2022-11-03,20465.764580221465,185044,20836.540901797507,18754.63886017154,75.70500183105469
2022-11-04,20130.205870866866,382975,20776.804457903247,18784.728053560648,75.54499816894531
2022-11-07,20084.155261498854,162217,20655.53738421778,18840.443924172672,77.0
2022-11-08,21155.14390535906,91873,20655.069931870847,18940.681474374294,75.23999786376953
2022-11-09,20113.47692410669,418676,20543.40272465651,18993.136312146133,72.04000091552734
2022-11-10,20369.132001359758,438411,20428.423108945888,19052.02793228944,72.30500030517578
2022-11-11,19469.911973682945,453119,20255.398645299378,19103.241873511408,74.68000030517578
2022-11-14,19158.246431451556,184092,20068.610338332248,19142.296094404428,74.17500305175781
2022-11-15,19632.98145884045,353899,19997.578279471334,19191.91288952306,75.83999633789062
2022-11-16,19585.61252414288,398100,19926.35788842048,19255.956078017094,72.53500366210938
2022-11-17,18967.90459702414,136988,19613.895130086916,19297.810343032834,71.4000015258789
2022-11-18,18543.4973901797,95648,19389.61233952592,19325.55208730932,71.25
2022-11-21,18824.207138761252,175991,19168.908787726134,19382.7315691692,73.6500015258789
2022-11-22,18394.046529442527,452732,19015.213724263216,19420.24799988029,73.03500366210938
2022-11-23,18445.627770356994,427149,18913.41105839256,19450.891774720214,75.09500122070312
2022-11-24,18410.460039011352,52396,18738.76514127412,19463.247789031648,77.62999725341797
2022-11-25,18027.135595935066,134082,18516.125580101576,19446.549748085672,77.90499877929688
2022-11-28,19048.427942377657,462345,18527.62891515208,19488.49566393615,77.79000091552734
2022-11-29,19294.007935785,178322,18634.844707381406,19555.41483419634,80.33000183105469
2022-11-30,18204.871552233646,182663,18546.36819502032,19578.27576184306,84.05000305175781
2022-12-01,18243.042374464098,61303,18524.796172880546,19594.84038202395,84.04000091552734
2022-12-02,17856.05541787829,211633,18440.571551097873,19591.076245639484,86.79499816894531
2022-12-05,18233.09618239829,383863,18415.233857296007,19536.998861074568,86.69999694824219
2022-12-06,17779.845122410687,299690,18379.906646792526,19460.895941738345,86.7699966430664
2022-12-07,17674.277259502996,309820,18183.599406381858,19365.09315111755,87.40499877929688
2022-12-08,17880.408641474398,149616,17981.656650051773,19263.339279923464,87.70999908447266
2022-12-09,18262.527380798467,436309,17989.893196989604,19166.809656890495,86.48500061035156
2022-12-12,17603.156026914883,136231,17898.48086162543,19057.07661196742,89.0250015258789
2022-12-13,17389.595713113646,319458,17831.843760944765,18930.930158693405,87.88999938964844
2022-12-14,17109.81059532569,69623,17671.374391362966,18811.88773789731,85.68499755859375
2022-12-15,16746.155246584374,248747,17523.704409102065,18687.90076010941,84.4000015258789
2022-12-16,17598.890768642552,155228,17512.934910407716,18603.523590035264,82.4800033569336
2022-12-19,17753.513397791274,476346,17494.807018452982,18525.835527911677,83.19999694824219
2022-12-20,17071.83676910628,232828,17324.708359639815,18389.725290036586,85.5999984741211
2022-12-21,17492.89265108716,409768,17308.956448807283,18302.372480935934,83.76000213623047
2022-12-22,18507.400567804612,207364,17468.642856620278,18240.314766484094,85.28500366210938
2022-12-23,18956.498885354227,423929,17732.455469481498,18223.200996873136,85.54000091552734
2022-12-26,18119.875705492053,398350,17928.70124932545,18188.588639341157,
2022-12-27,17817.278963168264,119274,17959.899562829123,18128.06522281875,
2022-12-28,18396.032794114646,183541,18051.68804801818,18088.41256515114,82.15499877929688
2022-12-29,17975.64726843666,103947,18180.8038336368,18055.33732086489,80.57499694824219
2022-12-30,18139.139927551998,203606,18273.12487313178,18041.8587387773,80.94499969482422
2023-01-02,18463.948128318363,244692,18266.917381776602,18029.850105095873,
2023-01-03,17931.203929962954,98874,18120.446673863564,18014.422018446552,79.49500274658203
2023-01-04,17842.543200730055,99708,18080.827744611848,17994.319199458987,73.9000015258789
2023-01-05,16164.510721475437,124553,17844.717995798586,17919.45422220779,75.25499725341797
2023-01-06,15628.204768570564,118344,17449.313992149433,17839.48986129564,73.8949966430664
2023-01-09,15487.712761886134,361282,17093.89477692793,17720.799355279258,78.37999725341797
2023-01-10,14852.149107446809,235374,16624.324659770045,17572.73739433465,77.49500274658203
2023-01-11,15669.119996441772,97638,16225.063498073388,17488.21234247492,75.3499984741211
2023-01-12,14938.201154107963,128249,15797.491672951248,17378.05096846305,76.57499694824219
2023-01-13,14716.675161649913,418009,15350.939095939799,17273.404959922103,76.09500122070312
2023-01-16,14784.150303224344,52719,15153.744750475356,17158.44009728297,74.29499816894531
2023-01-17,15505.268325254558,203962,15136.182401430213,17082.6208707111,76.05500030517578
2023-01-18,14773.12229411865,479725,15034.098048892001,16985.91570519829,79.77999877929688
2023-01-19,15354.858162669922,92534,15105.913628209588,16901.73068923814,80.66000366210938
2023-01-20,15348.219995679741,142241,15060.070770957871,16804.58710973418,81.5
2023-01-23,14845.021818187375,462003,15046.75943725493,16712.649302776597,81.49500274658203
2023-01-24,15073.419694297729,176209,15097.722941918904,16635.443435482735,79.05500030517578
2023-01-25,15165.453750938235,492061,15152.194863020888,16570.63154066982,81.30000305175781
2023-01-26,14855.73486747706,239004,15059.404369052674,16507.617528032908,85.4000015258789
2023-01-27,14886.945870156776,142124,15075.66487991526,16417.21936475005,85.49500274658203
2023-01-30,14689.152894048788,141659,14980.5641272551,16315.074014625303,86.11000061035156
2023-01-31,14744.457275916722,214134,14894.312310146097,16237.49469818565,89.3949966430664
2023-02-01,15072.68826217946,125713,14926.836087859252,16156.821218555391,91.36000061035156
2023-02-02,15856.023726926354,268335,15038.636663949055,16068.441990526118,89.25
2023-02-03,15211.50235228947,125418,15045.21503557066,15943.608772757292,89.73999786376953
2023-02-06,16264.473924078662,178232,15246.463472228032,15881.762046710179,87.05000305175781
2023-02-07,15253.551504739948,478048,15298.835705739915,15796.304464762568,86.72000122070312
2023-02-08,15162.724913428727,213038,15366.48885136562,15688.52753540637,86.33999633789062
2023-02-09,15443.49203210107,456203,15466.350959391957,15604.122360861853,87.20999908447266
2023-02-10,15564.707166422455,218383,15536.639374283812,15518.307935490866,89.12000274658203
2023-02-13,15230.83038647138,343719,15447.326039933101,15410.537344095968,88.33000183105469
2023-02-14,15110.645804248246,375996,15432.917961641497,15316.518739905478,88.01499938964844
2023-02-15,14850.151598916056,308722,15230.871915189698,15216.772353178345,90.73500061035156
2023-02-16,14546.411393945082,182079,15129.85189936186,15162.835708927332,93.54000091552734
2023-02-17,14967.955447453405,252053,15102.027689936815,15140.827398223426,92.2699966430664
2023-02-20,15133.953396555353,126242,15057.807884858852,15129.035419379068,94.34500122070312
2023-02-21,14771.394873459672,228589,14944.477557292743,15126.343611579496,96.25
2023-02-22,15212.068283570117,79257,14941.797256878275,15111.108554483773,92.37999725341797
2023-02-23,15347.504075597293,485423,14975.634152785284,15124.751985200088,92.66500091552734
2023-02-24,15732.73847816236,194353,15101.717992677612,15158.620762417167,93.16999816894531
2023-02-27,16017.829636410233,373390,15311.920598744062,15199.743406856696,95.94999694824219
2023-02-28,15567.633072467568,313579,15397.58883088894,15201.822231763797,95.04000091552734
2023-03-01,15260.573452563567,279947,15415.677410318689,15218.07060371196,92.41999816894531
2023-03-02,15613.118375115022,281758,15535.923624840882,15226.67927746013,88.79499816894531
2023-03-03,15889.876756767811,141357,15632.753406726264,15244.734502829733,88.02999877929688
2023-03-06,15844.642123280519,207732,15703.773127823868,15278.055179666173,89.01000213623047
2023-03-07,15869.152698496697,448300,15723.260873585916,15304.579613139469,91.48500061035156
2023-03-08,16473.067845845635,456723,15788.29490350526,15348.166749636383,93.55000305175781
2023-03-09,16130.012575332727,253667,15868.634832485996,15390.642673231572,94.75499725341797
2023-03-10,16362.87882263027,133807,16026.10702820981,15439.84043831402,95.80999755859375
2023-03-13,16215.620810371676,488755,16112.178804675046,15490.722702191451,93.62000274658203
2023-03-14,16063.289710358851,428097,16136.952083759485,15534.683783339522,88.83999633789062
2023-03-15,16571.96028735075,188563,16240.854678626656,15584.6595175119,85.44499969482422
2023-03-16,16933.50322870049,308778,16392.904754370054,15620.575500904371,84.19999694824219
2023-03-17,17281.5879821268,231264,16508.407630981652,15689.578355232281,83.75499725341797
2023-03-20,17867.87370825321,435941,16756.673507113148,15743.025014704766,84.08000183105469
2023-03-21,17799.922264493565,376032,16961.965427379335,15827.904040029887,86.55500030517578
2023-03-22,18063.53044183748,123609,17225.952517588736,15924.597557643512,85.83499908447266
2023-03-23,17825.482619087565,321221,17477.694361692837,16003.997243876394,89.1050033569336
2023-03-24,17909.13833473086,298512,17668.719797032853,16082.144949486676,84.44999694824219
2023-03-27,17763.144314825004,303973,17787.239952193497,16166.555413765129,84.09500122070312
2023-03-28,17733.365712394727,333097,17851.77962794606,16253.979410703345,85.83000183105469
2023-03-29,17952.989239632414,426826,17863.938989571656,16357.407332060558,86.55000305175781
2023-03-30,17461.257469387416,380033,17815.558304556493,16454.568867908634,87.21499633789062
2023-03-31,18434.390341404043,204893,17868.538290208864,16570.11669770699,88.375
2023-04-03,17838.036309579536,480783,17870.33167456486,16660.252794807795,91.98500061035156
2023-04-04,17149.249770144765,165374,17761.77616533827,16739.514624697298,91.40499877929688
2023-04-05,17660.11473203985,74860,17747.05765351182,16821.116172979626,92.8499984741211
2023-04-06,17977.264332325725,202267,17781.900313501963,16908.774848203906,92.83999633789062
2023-04-07,18204.025529547755,127475,17817.76264063273,16991.151083250083,
2023-04-10,18427.542431123187,399410,17955.803349452122,17071.47484307385,
2023-04-11,18326.018881008775,202499,17940.3217122528,17163.42103669189,94.32499694824219
2023-04-12,17783.74802997445,412876,17932.566243737787,17247.52685593892,92.30500030517578
2023-04-13,17738.57808819785,339227,18016.756003459657,17318.37551304168,90.7699966430664
2023-04-14,17317.554437801125,268118,17967.81881856841,17365.964769076127,90.2249984741211
2023-04-17,17730.270065069046,369516,17932.53392324603,17428.819033802407,89.34500122070312
2023-04-18,17573.368849728922,173786,17842.440111843338,17485.626238843484,91.84500122070312
2023-04-19,17080.111778447677,487280,17649.950018603977,17505.861036596885,91.0250015258789
2023-04-20,16848.50155355908,57813,17438.876114682593,17529.81066920443,88.31500244140625
2023-04-21,16988.40820852982,81598,17325.256140190504,17550.661648734414,86.36000061035156
2023-04-24,16636.366809053125,307951,17167.79738602697,17564.686515357127,85.30000305175781
2023-04-25,16161.844343581997,143106,17002.695943995666,17567.971669797902,83.36000061035156
2023-04-26,16229.492158346726,339226,16788.299100178192,17556.556065497763,82.44499969482422
2023-04-27,16296.152724021824,341385,16605.839653648607,17535.311048675143,82.80999755859375
2023-04-28,15985.251232540755,277286,16449.431004233335,17492.09982368894,84.25
2023-05-01,15697.69828795749,487785,16285.03053771882,17419.760643012418,
2023-05-02,15767.16655115113,61745,16110.567443807578,17352.002119234337,85.18499755859375
2023-05-03,14994.904337050677,338173,15876.072804950085,17249.714582408113,81.91500091552734
2023-05-04,14258.123678189879,194097,15604.112709894067,17130.80261771152,81.5199966430664
2023-05-05,13880.314436465616,282732,15268.515892482481,16996.508487769348,81.90499877929688
2023-05-08,13761.737996537915,435539,14906.456645699067,16863.128277159776,
2023-05-09,13907.436471460955,195360,14609.62596554481,16735.597302461985,83.48999786376953
2023-05-10,14632.171329958566,139186,14457.40782868782,16624.90337213952,85.97000122070312
2023-05-11,15033.28922180972,449756,14352.568210210475,16543.971097220267,85.27999877929688
2023-05-12,14917.311706638387,409912,14341.483548723005,16426.735142728077,85.36499786376953
2023-05-15,14873.292984992631,263030,14429.364878266255,16327.910365241847,83.79000091552734
2023-05-16,14338.12408680949,249950,14494.766256886809,16234.206175797337,85.63999938964844
2023-05-17,14305.392708309982,91846,14572.431215711389,16122.382108339674,85.19999694824219
2023-05-18,14137.969233313852,388076,14605.36446740466,15994.40560503928,86.8550033569336
2023-05-19,14279.308854844017,198554,14554.955542388298,15863.58171588249,86.31999969482422
2023-05-22,13842.025014190152,335555,14384.77494129979,15710.731135318054,84.69999694824219
2023-05-23,14086.501606643375,494191,14266.087784157644,15569.413892839208,82.2699966430664
2023-05-24,14832.510894025494,390941,14260.261771162337,15471.039321640908,81.86000061035156
2023-05-25,14742.576492327515,364451,14318.040686236342,15371.172601778564,79.98999786376953
2023-05-26,14909.402741338654,446309,14404.327833811867,15290.900878563149,79.31500244140625
2023-05-29,15216.286682367438,334186,14558.373183676664,15207.101432473097,
2023-05-30,14971.07674017443,102930,14657.197167295293,15120.358362154611,77.58000183105469
2023-05-31,15043.153501070672,298656,14828.786951135367,15052.459752908711,78.30000305175781
2023-06-01,15007.764713631937,487629,14960.395966419446,14991.101858244474,76.27999877929688
2023-06-02,15015.351578222757,294459,14986.516064161915,14925.333303900905,76.24500274658203
2023-06-05,14586.62184651139,274695,14964.236829045327,14857.00847181618,79.6500015258789
2023-06-06,14564.952715888716,410027,14915.029682552477,14803.778750893072,78.76499938964844
2023-06-07,14780.18705376901,345900,14852.729735609846,14755.46858074048,80.75
2023-06-08,15467.415390563754,103268,14923.635257094034,14727.844002958544,81.125
2023-06-09,15894.688797164945,482430,15045.283156536072,14724.825255112684,83.7699966430664
2023-06-12,16909.550633539067,262943,15316.966859379949,14765.220333298737,84.30000305175781
2023-06-13,16443.576250383165,308916,15520.998955402863,14787.76732327314,87.11000061035156
2023-06-14,16806.481482092004,471818,15838.121760485808,14848.153228107849,89.71499633789062
2023-06-15,16817.36532107276,234403,16159.894989797815,14933.461282870612,90.19999694824219
2023-06-16,17830.987974410826,98901,16595.723692746647,15065.150400802118,88.9000015258789
2023-06-19,17324.465647587498,412130,16861.01658660718,15183.907989170437,88.8949966430664
2023-06-20,16812.088016285084,244488,16992.073617910057,15280.729707331244,91.5
2023-06-21,16429.84856337436,213268,16923.54475074367,15340.652281778435,87.63500213623047
2023-06-22,15292.728387486213,440530,16759.137913186965,15349.30025396765,86.97000122070312
2023-06-23,14977.146993827615,317770,16497.80441486348,15351.294763540627,84.7699966430664
2023-06-26,14550.366490297502,188496,16173.947439038442,15340.530547050788,83.17500305175781
2023-06-27,14586.610848250204,325001,15710.464992444066,15348.813439098814,85.68000030517578
2023-06-28,14717.537441091588,291531,15338.046677230366,15362.551596858199,84.5250015258789
2023-06-29,15612.77896119277,296693,15166.716812217177,15411.71192112083,84.91500091552734
2023-06-30,16026.968177774266,463198,15109.162471417165,15469.967231885172,85.98999786376953
2023-07-03,15668.38794529169,445196,15162.828122532232,15530.845996255224,84.37000274658203
2023-07-04,15155.949837013048,229362,15188.371385844439,15566.494270600879,84.33499908447266
2023-07-05,15348.65343972467,76431,15302.412378619749,15583.699022124185,82.8949966430664
2023-07-06,14631.152808515746,397120,15308.77551580054,15579.984899330459,82.83499908447266
2023-07-07,15503.574203765758,288360,15421.066481896849,15599.790614744696,83.06999969482422
2023-07-10,16031.715930736018,394855,15480.91462040303,15626.971589690314,83.06999969482422
2023-07-11,15724.712964151136,76385,15437.735304171152,15652.092797156207,83.87999725341797
2023-07-12,14801.596645802127,481374,15313.907975672642,15644.040901980588,82.75499725341797
2023-07-13,15430.172132845504,466235,15353.082589362994,15658.121149287706,82.8949966430664
2023-07-14,15311.696027836259,330783,15347.802959093222,15667.999297608156,83.16000366210938
2023-07-17,15870.945605732017,135530,15524.916215838402,15710.810089582177,83.71499633789062
2023-07-18,15002.614234083207,280983,15453.350505883753,15725.398806855326,85.06999969482422
2023-07-19,14648.90183518493,333707,15255.805635090739,15721.022632902524,85.92500305175781
2023-07-20,14604.299072997857,482557,15095.74650778313,15692.252088983661,87.81999969482422
2023-07-21,14581.182840475067,427816,15064.258821307836,15648.468557093996,88.40499877929688
2023-07-24,14309.183982172519,448992,14904.11765692598,15561.789668715113,88.00499725341797
2023-07-25,14578.808830346652,479660,14799.419485856035,15499.630754713897,88.95999908447266
2023-07-26,13997.532028089518,451927,14531.78897476425,15405.999106247147,87.7699966430664
2023-07-27,13890.227261455437,255390,14372.87655010314,15308.427837593237,87.93499755859375
2023-07-28,13916.132175917894,395114,14268.19517020785,15177.93264431014,85.80500030517578
2023-07-31,14137.768675456307,293373,14201.547970559055,15071.709411905766,83.84500122070312
2023-08-01,14453.286494416285,397697,14183.277063979229,14993.08269451014,81.69499969482422
2023-08-02,13844.091499430942,211779,14116.835280730433,14906.890792378692,80.75
2023-08-03,13042.07039229369,220182,13897.301218151439,14831.868859205608,81.875
2023-08-04,13661.711231013509,242860,13849.326818569152,14788.021000445138,80.95500183105469
2023-08-07,13795.455930191252,132879,13835.788056959984,14762.857315108262,80.3949966430664
2023-08-08,13385.85148851463,482043,13760.03367304523,14722.832003117075,81.73999786376953
2023-08-09,14133.98441910834,288260,13759.493064995522,14703.380235717636,81.26499938964844
2023-08-10,14149.142047872603,448871,13716.043858346424,14654.59233860696,82.12999725341797
2023-08-11,14695.533826344325,357003,13837.678476476907,14610.2111935593,84.13500213623047
2023-08-14,14674.286500111533,496841,14070.852206165171,14577.07447871996,85.31500244140625
2023-08-15,15649.804869536598,364242,14354.86558309704,14593.536313137412,84.25499725341797
2023-08-16,16452.835357751028,196323,14734.49121560558,14630.342377071622,85.5199966430664
2023-08-17,16237.378768137292,172413,15141.852255551672,14683.88324239234,86.13500213623047
2023-08-18,16636.224887429806,312670,15499.315179597597,14721.638265181142,85.38500213623047
2023-08-21,16863.174665843646,380904,15887.034125022034,14749.353556351396,85.2249984741211
2023-08-22,17446.93928006007,97837,16280.092046981426,14806.761100215028,87.22000122070312
2023-08-23,16851.9771203332,310550,16591.19070701309,14875.107116032732,85.44499969482422
2023-08-24,17094.127691487396,323680,16797.52253872035,14930.572301320793,82.71499633789062
2023-08-25,17517.347792041346,78541,16949.595743618964,15004.094026794297,82.26000213623047
2023-08-28,16522.699586139646,129083,16990.355860476444,15025.819159474551,
2023-08-29,15835.41085863191,494243,16875.95385636246,15053.579046959507,82.375
2023-08-30,14733.607100524428,84531,16571.729918459714,15056.402555804156,83.41000366210938
2023-08-31,14538.478116634127,320856,16156.235466541722,15054.208523925367,83.38999938964844
2023-09-01,14840.45228493915,416245,15868.874775771143,15062.850838740838,82.80000305175781
2023-09-04,15527.972450219888,377599,15645.138312732928,15103.477121009082,81.5999984741211
2023-09-05,15487.337103754146,124744,15355.136785834757,15133.761396789332,81.4000015258789
2023-09-06,16224.500874190735,302859,15312.536969842056,15207.99369165937,81.3949966430664
2023-09-07,15442.288894722762,179749,15256.376689283605,15259.729079434948,80.7750015258789
2023-09-08,14513.806691671278,317253,15224.976630876014,15279.651563293395,79.3550033569336
2023-09-11,14426.989585101872,361412,15209.049697799974,15289.29226028158,79.45500183105469
2023-09-12,14561.441421979076,281809,15169.191003091391,15292.897424533674,78.70999908447266
2023-09-13,14484.550150999297,366759,15020.13067463131,15314.246046252618,80.7300033569336
2023-09-14,13391.549056863483,132503,14720.732382218357,15325.895335071611,80.7750015258789
2023-09-15,13309.29504227119,304346,14304.27440622985,15314.1481287802,79.70500183105469
2023-09-18,12620.18945966649,472975,13901.117344078957,15274.97257976271,78.5250015258789
2023-09-19,12931.66304077859,135708,13675.096822522857,15259.832964838175,79.0199966430664
2023-09-20,13085.096026299114,241184,13483.397742693893,15224.8700184112,80.45500183105469
2023-09-21,12581.947363294386,152471,13200.612877167508,15172.630195591926,82.07499694824219
2023-09-22,12301.594135442343,304225,12888.762017802228,15092.832205895193,83.2750015258789
2023-09-25,11753.352752062992,207661,12654.733974259301,14995.46774762691,82.7750015258789
2023-09-26,11714.06943605638,211087,12426.8446019429,14864.276566510902,80.50499725341797
2023-09-27,12184.208522654364,210081,12364.561610941166,14721.989005341014,80.08499908447266
2023-09-28,11674.236671499257,395453,12184.92927247269,14569.884268786413,80.55999755859375
2023-09-29,11919.076565691206,438590,12018.355063814419,14412.645991395128,79.30500030517578
2023-10-02,11641.045677245957,243118,11883.940537236072,14238.575025108536,78.80500030517578
2023-10-03,11236.99382702192,418805,11731.854778890296,14031.576843340597,77.70999908447266
2023-10-04,11183.670277353518,207215,11650.471568217514,13842.63328190794,79.7249984741211
2023-10-05,10667.033244843336,56154,11500.894969472794,13628.396800353139,78.5999984741211
2023-10-06,10401.251488916714,202876,11246.186821795987,13391.193590248986,78.43000030517578
2023-10-09,9817.849156679573,484904,10980.988605393175,13167.698575933648,79.63999938964844
2023-10-10,10827.142411237051,114288,10824.998011899723,13000.75629435382,82.81999969482422
2023-10-11,10851.245037628312,101195,10712.169349097205,12871.344225590617,81.69999694824219
2023-10-12,10507.09710890685,332725,10607.89838936648,12736.964858666375,83.2750015258789
2023-10-13,10626.410875520482,495864,10528.289903390332,12596.496811685753,83.48999786376953
2023-10-16,10579.362468781095,342231,10515.765506810012,12431.543145637792,82.15499877929688
2023-10-17,10478.660282652561,231002,10526.823905915133,12264.587251601073,80.44000244140625
2023-10-18,10797.26631743218,214053,10666.740643165505,12083.679433042455,79.93499755859375
2023-10-19,11180.896763915409,119298,10717.276979262413,11941.63302868221,79.6500015258789
2023-10-20,10912.576200037316,358311,10726.038573892272,11821.592012294412,79.66500091552734
2023-10-23,10626.14158311149,256376,10743.044927350076,11694.897078894732,78.62999725341797
2023-10-24,10495.544957667958,486624,10724.349796228287,11559.367196751027,78.72000122070312
2023-10-25,9353.851558338589,89499,10549.276809022214,11388.343910329004,78.20500183105469
2023-10-26,8628.083105661583,437960,10284.908640880645,11229.561711955608,77.5
2023-10-27,9357.588714256914,495485,10079.24041185561,11097.838167688464,77.55000305175781
2023-10-30,10210.729015900499,219631,9940.64501928205,11017.522819562932,76.91500091552734
2023-10-31,10099.530662379642,295198,9824.495656759525,10923.118406949632,77.19000244140625
2023-11-01,10403.078804632534,292997,9792.629545548245,10833.71783289408,76.69499969482422
2023-11-02,10567.628607181516,146347,9802.92720976447,10766.573874356985,77.18000030517578
2023-11-03,12112.428768032627,360931,10197.009668292189,10760.268362109995,75.66999816894531
2023-11-06,12645.858059348167,347632,10770.977518818841,10790.0185390195,74.25
2023-11-07,12544.598540776984,386585,11226.26463689314,10817.702842510187,73.7300033569336
2023-11-08,12031.278815414655,255735,11486.343179680875,10812.605185602197,73.88500213623047
2023-11-09,11202.498572128261,72431,11643.910023930677,10796.88058228983,75.87999725341797
2023-11-10,11294.974939167252,373825,11771.323757435637,10776.07719473903,76.86000061035156
2023-11-13,10904.872670481482,244555,11819.501480764202,10751.53809451355,75.52999877929688
2023-11-14,10189.346992410003,172720,11544.775512818114,10716.61653335982,76.86000061035156
2023-11-15,9875.698267974785,99153,11149.038399764775,10673.017466380528,78.06500244140625
2023-11-16,9350.560985739598,318512,10692.747320473718,10629.135057743735,75.3550033569336
2023-11-17,10219.997295889854,470640,10433.99281768446,10623.093251309509,74.66999816894531
2023-11-20,10668.472022967331,424504,10357.70331066147,10651.447346852432,75.0999984741211
2023-11-21,10662.897083767484,226076,10267.40647417579,10645.972502603448,74.0199966430664
2023-11-22,11401.118060852217,269724,10338.298672800182,10664.301603377577,73.49500274658203
2023-11-23,11423.012730171311,424899,10514.536635337512,10694.832124086392,75.11499786376953
2023-11-24,10974.869279013341,106985,10671.561065485876,10706.447404202821,75.02999877929688
2023-11-27,11727.070918369272,362213,11011.062484432972,10744.704352522427,71.48999786376953
2023-11-28,11971.847535542847,364470,11261.3268043834,10794.477260952104,71.4000015258789
2023-11-29,11423.376548764652,158737,11369.170308068731,10815.34760199652,69.45500183105469
2023-11-30,11309.054747240705,262133,11461.478545707763,10819.619534774027,69.45999908447266
2023-12-01,10854.105621493924,204470,11383.333911513722,10817.670515489248,71.13999938964844
2023-12-04,10153.84282166407,279465,11202.023924584113,10801.927223441,69.08999633789062
2023-12-05,10621.79994447606,100861,11151.585448221647,10806.13572300127,67.30000305175781
2023-12-06,11571.743498698317,388041,11129.395816840082,10880.065454346597,67.82499694824219
2023-12-07,10848.422102088753,262977,10968.906469203783,10954.076754227503,68.33999633789062
2023-12-08,11120.061566063496,177118,10925.575757389332,11012.825849287723,67.4000015258789
2023-12-11,10778.640420044325,380721,10849.802282075563,11031.756229425848,66.1500015258789
2023-12-12,10525.532317021365,246713,10802.863238579483,11045.956284580574,66.8499984741211
2023-12-13,10224.578133219036,59078,10812.968283087335,11040.006262200124,67.55500030517578
2023-12-14,9793.570637769542,468219,10694.64981070069,11014.20432988639,65.33000183105469
2023-12-15,9827.16551843862,374912,10445.424384949305,10938.028888233257,65.76000213623047
2023-12-18,9419.530711508165,101047,10241.297043437793,10830.484643305257,67.80000305175781
2023-12-19,9570.478099209016,383770,10019.927976744295,10731.347295252992,67.82499694824219
2023-12-20,9557.785098938624,369804,9845.520073729194,10648.897504703791,71.21499633789062
2023-12-21,9450.717017362262,285458,9691.975030920754,10590.50478621159,73.53500366210938
2023-12-22,9011.208517227094,493002,9518.636514350475,10514.379238813586,74.57499694824219
2023-12-25,8745.064435023045,445141,9368.84991395812,10442.385630964971,
2023-12-26,9150.05054005738,265048,9272.1192027608,10407.742415886549,
2023-12-27,9419.425931287602,286293,9272.104234157861,10392.533337996978,74.98999786376953
2023-12-28,8943.903625879013,167832,9182.593595110719,10378.97809266829,75.74500274658203
2023-12-29,9016.061569089745,442550,9105.204519418021,10338.846901774954,76.5999984741211
2024-01-01,9411.981844599322,175150,9099.670923309028,10296.963895829354,
2024-01-02,8589.31353974939,207087,9039.400212240786,10227.844444362085,71.8949966430664
2024-01-03,8889.20736514437,83320,9059.992059400975,10144.114087838487,73.31999969482422
2024-01-04,8579.83736576582,377025,8978.533034502181,10049.34157569164,71.3550033569336
2024-01-05,8892.992007541603,140827,8903.328188252752,9979.94566664258,72.1449966430664
2024-01-08,8532.132726105814,414359,8844.503773999439,9873.447726900466,68.19999694824219
2024-01-09,7657.405185635,469505,8650.410004934474,9729.632981903536,68.25499725341797
2024-01-10,6888.56805476154,309931,8289.922320671934,9578.472698770101,65.95999908447266
2024-01-11,6972.647386175083,446605,8058.970013018462,9433.92578673458,64.24500274658203
2024-01-12,7160.589935887665,468899,7812.0246659817885,9310.80859721437,62.095001220703125
2024-01-15,6761.932153384831,456845,7552.323921355934,9197.74490827173,63.439998626708984
2024-01-16,7142.428095870204,373694,7302.243362545734,9081.765846651535,61.92499923706055
2024-01-17,6364.983886379963,74826,6992.650671156326,8908.207192907588,59.83000183105469
2024-01-18,6400.534720287609,150734,6813.09774753527,8759.944280180884,59.93000030517578
2024-01-19,5862.632364356793,207702,6666.535506048878,8584.696640123995,59.95000076293945
2024-01-22,5614.256183716523,279834,6472.47961998337,8412.550498913068,59.34000015258789
2024-01-23,5720.190943645605,227235,6266.708335377361,8252.372453133876,59.584999084472656
2024-01-24,5369.827017473183,148511,6067.836173104269,8090.5474159423475,62.1150016784668
2024-01-25,5264.1253077485335,323797,5799.507203372601,7939.565904941647,59.76499938964844
2024-01-26,5855.68783633777,209033,5726.750624795145,7807.183315538286,59.97999954223633
2024-01-29,5643.004857178207,131941,5618.532072922374,7681.299120393955,58.53499984741211
2024-01-30,6140.593555793242,255209,5658.240814556151,7566.969635613427,60.45500183105469
2024-01-31,5645.257024471855,345806,5662.669506092629,7436.552033131202,60.88999938964844
2024-02-01,5989.308767460608,148818,5701.114909494771,7321.171758134481,59.0099983215332
2024-02-02,6782.087724358154,499662,5902.866439049767,7246.867731705515,60.1349983215332
2024-02-05,5601.5826239169355,202360,5951.074627073825,7142.085004668645,60.869998931884766
2024-02-06,5281.788275210208,303627,5869.088975484173,7013.14292917374,60.36000061035156
2024-02-07,5655.099532200383,145081,5870.816786201626,6887.665382537499,59.19499969482422
2024-02-08,5630.611834836248,86877,5797.962254636342,6777.2223228360735,57.525001525878906
2024-02-09,5893.4355485238075,423706,5833.416329500906,6673.134788817209,55.64500045776367
2024-02-12,5662.615340085832,458529,5786.745839875938,6548.155905333426,53.85499954223633
2024-02-13,5781.425050308237,261957,5643.794029297378,6454.559622352054,53.32500076293945
2024-02-14,5776.451082290964,122715,5668.775237636525,6350.801079590273,53.57500076293945
2024-02-15,6433.03226955724,191398,5833.238665400387,6279.240909716655,55.189998626708984
2024-02-16,6619.527251296155,160091,5971.014053842641,6203.45875117514,54.10499954223633
2024-02-19,6843.061324979065,182632,6144.2211238630425,6147.156371137582,50.64500045776367
2024-02-20,6687.110930486743,391292,6257.603321286319,6114.813229299307,51.39500045776367
2024-02-21,6496.140942306515,133186,6376.678407317847,6101.732325550805,52.099998474121094
2024-02-22,6336.240399413588,469961,6455.937742904323,6080.518759325422,49.915000915527344
2024-02-23,6592.7690598747395,212962,6572.554596844864,6061.591396791658,49.665000915527344
2024-02-26,6435.626917719168,201094,6572.925260867996,6050.714555602803,51.040000915527344
2024-02-27,6636.733314662306,435773,6575.383269920303,6033.8580628958725,52.994998931884766
2024-02-28,7726.356581938354,495795,6701.568306628774,6079.23715274782,54.97999954223633
2024-02-29,8191.775363659269,120316,6916.5203685105635,6138.94517419354,53.08000183105469
2024-03-01,8049.037679343259,78380,7138.362759515811,6211.825351359757,53.654998779296875
2024-03-04,8671.951558071243,160198,7472.035782181192,6313.748530504914,54.185001373291016
2024-03-05,8477.48853902918,314500,7741.281422060397,6405.658450351034,57.130001068115234
2024-03-06,7471.616226687066,120326,7889.279894770096,6475.718090658163,56.525001525878906
2024-03-07,7000.60650011928,404591,7941.261778406808,6533.6007970705205,56.3650016784668
2024-03-08,6107.390190425885,164994,7709.980865333598,6541.990875540125,55.48500061035156
2024-03-11,5990.855507610411,270971,7395.563743040903,6553.585897221198,53.290000915527344
2024-03-12,6061.343477463938,332193,7111.6074284867145,6550.944227943555,53.720001220703125
2024-03-13,6959.15718186052,417505,6866.922517599468,6594.740899856511,53.06999969482422
2024-03-14,7163.985670310871,328226,6679.27925063971,6633.896796618184,55.310001373291016
2024-03-15,7091.429665102961,312805,6624.966884699124,6644.208194643013,57.0
2024-03-18,7543.755917187167,218484,6702.559658565964,6708.947304418687,58.154998779296875
2024-03-19,6466.491226531262,315064,6753.859806581019,6748.437402796055,58.119998931884766
2024-03-20,6633.872790643961,295378,6845.7194184429545,6781.063178077508,57.654998779296875
2024-03-21,7065.258068760866,391705,6989.135788628229,6828.8847192083285,56.3650016784668
2024-03-22,6363.01594887929,321090,6903.972755345197,6844.537399220178,58.5
2024-03-25,6985.166898080511,275314,6878.427216455146,6888.622451153334,61.915000915527344
2024-03-26,7191.97203783871,488716,6892.790412560252,6935.640684071016,60.5
2024-03-27,7017.474941501398,285612,6817.607416033715,6977.008146044697,59.31999969482422
2024-03-28,7370.228704491636,328453,6946.712770028053,7008.248027209178,58.994998931884766
2024-03-29,8534.608915468385,105230,7218.246502145827,7072.084082681585,
2024-04-01,8630.46630304443,423966,7441.847678472051,7131.664248617096,
2024-04-02,8757.309735887135,473243,7783.8896480446,7200.670875463777,56.28499984741211
2024-04-03,8527.551584549956,424484,8004.230317540235,7268.384563538558,57.625
2024-04-04,8106.872888674506,109321,8134.930439088207,7327.405646513921,55.77000045776367
2024-04-05,8534.423887118344,182028,8351.637431319197,7392.127474088708,57.78499984741211
2024-04-08,8109.39212655853,281447,8457.232205900184,7447.919647716687,60.505001068115234
2024-04-09,8156.412060171303,386275,8403.204083714885,7498.575605900321,60.89500045776367
2024-04-10,7927.605780516825,491124,8302.795437639516,7505.283912519603,59.915000915527344
2024-04-11,8181.420290108451,338107,8220.525516813988,7504.938743401243,65.2249984741211
2024-04-12,8357.225676675784,151757,8196.193244260534,7515.21167664566,68.20999908447266
2024-04-15,8880.631957189027,482659,8306.730254048323,7522.167689949586,67.4749984741211
2024-04-16,8619.517967932941,411403,8318.886551307553,7526.902004246378,70.67500305175781
2024-04-17,8483.423017639927,351207,8372.31953574775,7560.628897278139,66.88999938964844
2024-04-18,7995.331603505563,426369,8349.30804193836,7593.78640072435,68.43000030517578
2024-04-19,7783.963272904246,428544,8328.787683707993,7649.672170140296,65.23999786376953
2024-04-22,7986.797267667217,392962,8300.984394787814,7716.203562142188,63.25
2024-04-23,8375.14467173244,316847,8303.54425122448,7793.330268617806,63.14500045776367
2024-04-24,7915.874184702128,246200,8165.72171229778,7825.220835379192,63.70500183105469
2024-04-25,8361.400756951327,122099,8128.847825014693,7865.134671600541,65.25
2024-04-26,9040.758794502448,469065,8208.467221709338,7930.112309247191,64.05500030517578
2024-04-29,9234.606275703702,212932,8385.506460594786,7986.473987864408,62.80500030517578
2024-04-30,10155.983289345373,81585,8724.366462943519,8109.4570566248785,65.72000122070312
2024-05-01,9733.366284280652,465231,8973.876322459724,8212.773506412768,64.54499816894531
2024-05-02,9083.494894610561,93585,9075.069211442313,8280.048067274425,69.51499938964844
2024-05-03,8179.314187334703,339102,9112.70349753268,8340.591341889605,68.3949966430664
2024-05-06,8929.777456592874,338161,9193.900168910044,8405.411693840018,
2024-05-07,9244.118160295578,436821,9222.951506880492,8473.81656458858,67.63500213623047
2024-05-08,9196.922913689234,488566,9217.568169449854,8546.464830328176,68.65499877929688
2024-05-09,9318.174248027413,455417,9097.881163547287,8611.396348446033,70.21499633789062
2024-05-10,8733.997746266992,341570,8955.114229545336,8618.042642805985,68.2300033569336
2024-05-13,9946.303370191163,329922,9078.372583199709,8661.903878377545,66.82499694824219
2024-05-14,9975.82351021331,226313,9335.016772182365,8702.521004188418,67.19499969482422
2024-05-15,9994.566081147106,92229,9487.129432832971,8751.42148740832,66.45999908447266
2024-05-16,10320.845742706388,136652,9640.947658891659,8825.220582542717,67.08000183105469
2024-05-17,10517.947142350753,440411,9829.665405843303,8891.338024383798,67.22000122070312
2024-05-20,10581.721992465222,299474,10010.172226477278,8973.749019914021,70.86000061035156
2024-05-21,10136.768133112439,229436,10210.567996026626,9039.76088901206,72.79499816894531
2024-05-22,10331.410784634627,438647,10265.583340947122,9119.887722482654,72.91500091552734
2024-05-23,11227.164680193151,310116,10444.346365229954,9221.412535485475,72.5999984741211
2024-05-24,11836.427300077736,397022,10707.469396505758,9337.385922932208,72.26499938964844
2024-05-27,12556.566039998619,369200,11026.85801040465,9459.917059025862,
2024-05-28,12209.826880983055,470706,11268.55511592355,9579.5940227942,71.56999969482422
2024-05-29,11630.553960631363,69975,11418.388254233,9684.49838756058,70.83499908447266
2024-05-30,11494.501476163434,207795,11612.350160383141,9801.13738331584,72.125
2024-05-31,11451.651984976292,466495,11772.384617574806,9923.393673718243,70.69499969482422
2024-06-03,11928.0708688958,259373,11872.514073103755,10054.769460425863,70.93000030517578
2024-06-04,11001.359328441296,454777,11753.218648584267,10142.309948982826,69.69499969482422
2024-06-05,11703.91552078086,247133,11631.411431553157,10268.577993518782,68.87000274658203
2024-06-06,11548.367507651092,400541,11536.917235362878,10374.810218542108,68.70999908447266
2024-06-07,11261.219896496963,230225,11484.155226200819,10448.825588608592,68.58000183105469
2024-06-10,10686.381667101323,345286,11368.709539191945,10497.218101655179,68.08499908447266
2024-06-11,9801.390081388055,339060,11132.957838679342,10485.3983280566,67.44000244140625
2024-06-12,10172.837982700155,114324,10882.210283508537,10500.047384670585,68.0199966430664
2024-06-13,10161.656644996518,226037,10762.252757302138,10535.986109683452,68.11499786376953
2024-06-14,9468.785527979484,438076,10442.948472616228,10578.968487704942,65.73500061035156
2024-06-17,8786.390979333293,185720,10048.380397142257,10574.188938462958,65.33999633789062
2024-06-18,8597.017385444029,216205,9667.780038420407,10552.618912634573,65.38500213623047
2024-06-19,9413.56040311957,493893,9485.948429280159,10559.840162282251,67.22000122070312
2024-06-20,9249.192149512364,146059,9407.063010440774,10557.540758998415,66.23500061035156
2024-06-21,8466.06148749731,148317,9163.237796840367,10548.609550372757,65.2699966430664
2024-06-24,8326.471465430419,251207,8901.068485473781,10494.615153547402,64.51499938964844
2024-06-25,8175.909018371262,347190,8716.371841244036,10434.618003819334,65.06500244140625
2024-06-26,6816.002311053599,490280,8434.887745775508,10328.665878149548,64.55500030517578
2024-06-27,6804.31565349143,151459,8178.7874983537085,10211.448208509051,64.05999755859375
2024-06-28,6704.268924632331,287697,7791.745858569817,10084.325601251769,64.56500244140625
2024-07-01,7068.971660053243,250422,7480.285788647086,9967.233923504704,65.18499755859375
2024-07-02,8002.48123322896,358037,7414.060038037321,9896.091026841921,67.75499725341797
2024-07-03,8555.85110963963,151520,7446.828558638636,9836.905704342087,67.68000030517578
2024-07-04,8400.152755868052,437962,7478.863378281036,9742.67197353125,67.3499984741211
2024-07-05,7828.475787475745,111272,7623.502446341342,9609.073589777852,67.15499877929688
2024-07-08,9107.353296638832,273224,7952.507823933827,9494.099831665859,66.07499694824219
2024-07-09,9103.308598398231,379793,8295.227777328955,9390.549222246364,65.6449966430664
2024-07-10,9076.426250468932,376818,8582.007004531197,9305.411631907617,65.55999755859375
2024-07-11,9030.780387384004,194832,8728.906883696205,9223.28759561497,65.6050033569336
2024-07-12,9096.878392896964,202999,8806.196495590108,9144.795142545658,66.6500015258789
2024-07-15,8989.609934145547,398619,8890.404663915464,9046.846444720652,64.86499786376953
2024-07-16,8669.56207448827,111367,9010.559847774397,8969.119869588882,64.80000305175781
2024-07-17,8369.042732241323,279027,8905.086910003325,8857.957443304233,64.0999984741211
2024-07-18,8331.312639748772,455804,8794.801773053403,8750.72228104082,63.790000915527344
2024-07-19,8038.727426044449,433894,8646.559083849905,8643.30586535907,63.61000061035156
2024-07-22,7666.461493034293,282750,8451.65638465709,8542.641859556836,62.10499954223633
2024-07-23,7711.004911266131,285806,8253.674458709827,8472.962353886105,63.01499938964844
2024-07-24,7573.679765974216,430298,8051.398720399637,8386.323746661908,66.13999938964844
2024-07-25,8318.312253987171,233305,8001.220174613764,8324.87893362826,64.2249984741211
2024-07-26,6970.296721149278,94738,7801.39931588633,8241.59597340059,65.22000122070312
2024-07-29,7519.65791131766,83397,7685.448640396171,8199.371537800067,65.94999694824219
2024-07-30,8135.047075367519,394333,7699.208590299467,8183.972527464183,65.69999694824219
2024-07-31,7078.116771080751,388511,7615.159344306104,8106.124406396223,66.66999816894531
2024-08-01,6907.402419440879,252332,7500.358988331068,8028.064748727174,68.375
2024-08-02,6725.451746273344,432729,7379.18355694523,7970.044424019708,67.65499877929688
2024-08-05,6028.282754399926,388763,7052.0364855756225,7893.4381336520255,66.18499755859375
2024-08-06,5659.630673324708,161453,6864.798478743542,7809.56218881714,67.30500030517578
2024-08-07,5131.6980823307795,69816,6523.6613603168435,7753.4187145263795,68.4000015258789
2024-08-08,6045.473314998715,485456,6225.1508231213,7728.123969909955,68.30000305175781
2024-08-09,6532.403045272472,449492,6147.191719434404,7722.395107264627,67.45500183105469
2024-08-12,7176.710614055883,295011,6185.664318665119,7725.986405731382,69.84500122070312
2024-08-13,7532.916543385423,391674,6301.016432538272,7710.334249403264,68.83499908447266
2024-08-14,6956.362463895402,466715,6433.599248180483,7657.01796121179,69.00499725341797
2024-08-15,6693.331245861169,421000,6581.270758542834,7600.1239108782265,69.11000061035156
2024-08-16,6942.234093338727,263567,6839.918760115399,7570.582521073659,69.76499938964844
2024-08-19,6329.585780998583,121635,6880.506255258238,7477.990270552316,70.2750015258789
2024-08-20,6696.479581834668,419947,6903.945760481408,7397.762636666866,70.3949966430664
2024-08-21,6579.099619886031,266184,6818.572761314286,7314.518415647436,69.81500244140625
2024-08-22,6396.545579877896,348090,6656.234052241782,7226.710588730565,69.01499938964844
2024-08-23,6760.259035943727,367348,6628.219276820115,7148.823276832124,68.83499908447266
2024-08-26,6982.527976721297,232958,6669.533095514418,7081.920544917983,
2024-08-27,6797.462827428016,327707,6648.851486098602,7019.517236682641,69.05999755859375
2024-08-28,7375.972993109524,142324,6798.335373543022,6986.414912044914,68.34500122070312
2024-08-29,6822.442417392591,273536,6816.330064337011,6936.119237966374,68.6500015258789
2024-08-30,7128.207947859337,282944,6894.774111190341,6905.768588693537,67.51499938964844
2024-09-02,7415.619075420588,321991,7040.356039125012,6897.4071747730795,68.11000061035156
2024-09-03,7245.684159186688,76155,7109.702485302578,6881.896483037099,65.90499877929688
2024-09-04,7396.71369945278,391815,7168.871874264218,6875.997614153051,64.8550033569336
2024-09-05,6755.8253769971,166891,7162.923667059801,6823.914718253382,64.13999938964844
2024-09-06,7215.051146183895,395454,7139.934831784711,6832.0731990878685,64.18499755859375
2024-09-09,7109.805904353791,199381,7180.9867584934545,6818.411465522407,64.2249984741211
2024-09-10,6837.481152719525,181691,7139.454359187766,6775.159268100807,63.52000045776367
2024-09-11,7356.1950466931685,493324,7130.965212226707,6784.428543954554,64.04000091552734
2024-09-12,6987.584231994775,84707,7094.093794056433,6787.101271039684,63.189998626708984
2024-09-13,6274.01285807721,463553,6933.70795957421,6772.053308099814,62.529998779296875
2024-09-16,5499.807055249605,393681,6754.276770753139,6754.43745146147,61.7599983215332
2024-09-17,5822.130958310583,247576,6555.288172485523,6759.854127627665,62.540000915527344
2024-09-18,5194.51475878664,228686,6281.675151690215,6761.94801684286,61.625
2024-09-19,6096.788677890761,272500,6175.861941000393,6763.658528939262,60.73500061035156
2024-09-20,5062.381351076017,403299,5848.174270197941,6714.657805799379,61.474998474121094
2024-09-23,5937.033141076229,312425,5698.095542923865,6673.335223366725,61.82500076293945
2024-09-24,6051.198472129987,208492,5666.264916359975,6623.944620991544,61.79999923706055
2024-09-25,6008.941234423423,220102,5738.998370527663,6592.363913342477,63.150001525878906
2024-09-26,5743.152181398973,444274,5727.715688111718,6560.691277860405,63.0
2024-09-27,5954.432537412782,267285,5836.275370772596,6527.76455932954,63.97999954223633
2024-09-30,5942.279960109637,388404,5814.202696803864,6514.854365299909,63.26499938964844
2024-10-01,6500.5647539705,209476,6019.6574686459335,6508.323871037768,61.82500076293945
2024-10-02,6552.872762674164,284554,6107.634557445637,6507.44964246404,61.064998626708984
2024-10-03,6621.897695000935,210928,6189.163017855774,6514.9613796348085,60.4900016784668
2024-10-04,6432.311169240564,190272,6249.644437115364,6504.029784078036,60.13999938964844
2024-10-07,6399.027750433575,376322,6343.340946977451,6484.579776535113,60.04499816894531
2024-10-08,6548.50972370655,346141,6428.209116447989,6476.281339744397,58.599998474121094
2024-10-09,5685.7430041369835,468827,6391.560979880467,6419.940340111979,60.61000061035156
2024-10-10,5020.949131631524,169273,6180.187319546328,6359.890563919943,62.845001220703125
2024-10-11,5414.901922037649,222307,6017.6200565982535,6302.780363059221,62.48500061035156
2024-10-14,5513.954410880045,298500,5859.342444580984,6239.39154090787,63.70000076293945
2024-10-15,5433.3274901025425,216129,5716.63049041841,6178.979651938397,62.7599983215332
2024-10-16,5455.2477698468865,182311,5581.8047789060265,6114.264120951533,61.47999954223633
2024-10-17,5641.029557541743,284746,5452.164755168196,6077.104260303023,61.349998474121094
2024-10-18,5379.151044044446,295546,5408.365903726405,6015.907590231708,60.45500183105469
2024-10-21,5002.4156604624,246733,5405.718264987959,5945.661248768662,59.86000061035156
2024-10-22,5120.016002199253,176945,5363.591705011045,5888.412410417985,60.709999084472656
2024-10-23,5000.0,95272,5290.169646313896,5809.872575528212,62.724998474121094
2024-10-24,5223.304460049017,401537,5260.166356306249,5751.063249796687,64.69999694824219
2024-10-25,5000.0,373356,5195.1309606138375,5708.596154527447,64.80000305175781
2024-10-28,5532.660010443644,196470,5179.64959674268,5709.691253033915,64.30999755859375
2024-10-29,5776.113770619374,170030,5236.358557681955,5708.157346777542,67.18000030517578
2024-10-30,5906.140608939267,368647,5365.462121750078,5731.878208449296,63.755001068115234
2024-10-31,6396.623562705841,449854,5547.834630393877,5741.872704609798,62.584999084472656
2024-11-01,7218.414615052876,56570,5864.7510039728595,5813.740480075694,62.05500030517578
2024-11-04,7697.395738822528,380929,6218.192615226219,5872.419233333903,63.21500015258789
2024-11-05,6738.901119339159,59110,6466.607060846099,5895.342654907542,62.29499816894531
2024-11-06,6079.9510519406895,129141,6544.791495345677,5897.709648824785,61.915000915527344
2024-11-07,5761.285207807461,62115,6542.673129229689,5898.314083038401,63.775001525878906
2024-11-08,5774.173521907414,89062,6523.820688225139,5892.305449188222,65.86499786376953
2024-11-11,6031.766137046294,335055,6471.698198845203,5895.288321752777,65.80000305175781
2024-11-12,5662.231510468361,154061,6249.386326761701,5867.343880302707,65.3499984741211
2024-11-13,5756.06889263452,344700,5972.053920163414,5840.783751301385,64.33999633789062
2024-11-14,5376.680706139415,440479,5777.4510039920215,5799.276518339335,66.2300033569336
2024-11-15,5076.538875452159,51969,5634.106407350803,5754.084108546388,65.69000244140625
2024-11-18,5000.0,355897,5525.351377664024,5707.449850198601,67.34500122070312
2024-11-19,5000.0,447686,5414.755160248678,5655.832859408383,66.58499908447266
2024-11-20,5000.0,171863,5267.3599978134935,5632.974759270483,66.62000274658203
2024-11-21,5000.0,322369,5172.755496318014,5632.276454882766,67.83499908447266
2024-11-22,5538.053775016248,173008,5141.610479515403,5636.381516648719,67.1449966430664
2024-11-25,5063.004214004061,204268,5096.799552067496,5621.34984341952,67.9000015258789
2024-11-26,6388.0721484440455,155823,5284.161448209193,5653.174665364237,67.26000213623047
2024-11-27,6616.832669614239,325813,5515.13754386837,5691.894162023149,66.36499786376953
2024-11-28,6686.5031191652815,480596,5756.066560891982,5726.743280743933,65.94999694824219
2024-11-29,6232.90923518452,436542,5932.196451632628,5755.201887115269,66.54499816894531
2024-12-02,6566.899140870257,160677,6156.039186042665,5807.351336462197,66.82499694824219
2024-12-03,6255.961423016157,296958,6258.597421471223,5845.216183822761,66.55999755859375
2024-12-04,6299.792307357967,98320,6435.281434807495,5888.542594068027,66.04000091552734
2024-12-05,7561.509963221917,490630,6602.915408347192,5966.482777507123,65.37999725341797
2024-12-06,7469.647074369126,196649,6724.74603759789,6048.804346652761,66.55000305175781
2024-12-09,8001.466138490336,175354,6912.597897501469,6131.097884254316,64.4749984741211
2024-12-10,7596.1499730206,138009,7107.3465743351935,6191.765757667691,66.3550033569336
2024-12-11,7532.76012557198,307437,7245.326715006869,6245.986408222116,66.91500091552734
2024-12-12,8373.25866553583,498625,7547.797749652536,6311.874244983114,64.3550033569336
2024-12-13,7997.789415386024,78625,7790.368765085116,6337.85340499422,62.900001525878906
2024-12-16,8848.715440323344,262112,7974.255261813892,6376.23072837758,61.48500061035156
2024-12-17,9130.00066088845,336233,8211.448631316653,6455.934046429223,60.77000045776367
2024-12-18,8770.276848764644,86487,8321.27873278441,6545.611572990022,61.21500015258789
2024-12-19,9014.910797755469,278071,8523.958850603678,6654.065759321622,64.0199966430664
2024-12-20,9424.45145044934,422592,8794.200468443301,6775.741690273019,64.125
2024-12-23,9649.60712857635,362282,8976.535963163375,6896.336389990688,65.49500274658203
2024-12-24,8773.968379484253,223895,9087.418672320264,7000.060952291217,65.62000274658203
2024-12-25,8337.112204804052,480424,9014.332495817509,7086.095729363535,
2024-12-26,8148.528451151397,366205,8874.122180140786,7178.490654197269,
2024-12-27,8049.985003194784,473875,8771.223345059378,7277.605525122022,67.5199966430664
2024-12-30,8300.143269714446,151376,8669.113698196375,7387.61030077917,67.65499877929688
2024-12-31,8323.538849992265,475106,8511.84046955965,7498.394929112245,
