datetime,total_demand_mw,solar_generation_mw,wind_generation_mw,thermal_generation_mw,hvdc_import_mw,reserve_margin_pct
2024-01-01 00:00:00,899.3428306022465,8.060320781548382,94.69971927233219,236.90098853712368,22.445507260009435,13.624677395831156
2024-01-01 01:00:00,772.347139765763,16.249026439826007,339.1236705883849,367.5927189351276,-95.38153249260746,11.950375906275092
2024-01-01 02:00:00,929.5377076201385,19.00434659478442,323.70983068463505,302.95020595179744,74.87781704127894,6.006990539387065
2024-01-01 03:00:00,1104.605971281605,7.736630562996069,298.06064421004174,418.7520462648344,-24.06953824611737,6.055305157192052
2024-01-01 04:00:00,753.1693250553328,4.180682222184724,62.65613318366674,395.6874945775819,35.0762738428671,18.840225118933095
2024-01-01 05:00:00,753.1726086101639,25.047907103978975,156.094924580865,453.68130889697204,187.2743045251452,14.158579888680558
2024-01-01 06:00:00,1115.8425631014784,29.532065421106566,142.089399468795,407.7478480007676,19.710595292730414,9.530432520722114
2024-01-01 07:00:00,953.4869458305818,59.14014550905215,176.0477426150317,328.97932321704445,151.94048199932803,17.279406126504654
2024-01-01 08:00:00,706.1051228130095,30.902271452694627,80.67496136734349,401.88998671832974,-43.43781827522466,10.057162365002224
2024-01-01 09:00:00,908.5120087171929,63.311453415753284,377.935238060872,282.61435227662554,101.73814940750864,16.55263508688845
2024-01-01 10:00:00,707.3164614375075,4.965482667816018,243.83078424933169,291.8940496334638,193.10208633168304,12.184174939653808
2024-01-01 11:00:00,706.8540492859486,267.4324009189459,156.93350873030823,436.695547976238,-69.43206973811897,21.47104453223638
2024-01-01 12:00:00,848.3924543132068,35.32532486704234,188.9435309759992,333.92585492047465,-97.50401733184239,21.413923215335586
2024-01-01 13:00:00,417.34395106844045,168.63106908791917,206.5208891766925,439.5141021555057,30.074837789784304,14.547007962448026
2024-01-01 14:00:00,455.01643349739345,73.99490958554561,260.20801667621606,446.72671210048355,-72.21235508458984,12.016382186700312
2024-01-01 15:00:00,687.5424941518055,128.84638558492196,230.4877996937742,457.2687012983851,124.5153049028694,12.25119593118189
2024-01-01 16:00:00,597.4337759331153,117.25566990333556,371.7871906250461,474.9905707523622,174.36459915456768,21.11429051336436
2024-01-01 17:00:00,862.8494665190548,93.34595291706016,223.93721901704058,329.2955661539889,30.20629181262765,11.56358965595224
2024-01-01 18:00:00,618.3951848957578,6.1926381528180965,397.2553051881594,295.66004549634164,-22.386507353367712,9.18118747413692
2024-01-01 19:00:00,517.5392597329417,0.32987485975441433,347.99873521078354,374.65962397823415,30.320995701982934,6.6937668375061365
2024-01-01 20:00:00,1093.1297537843109,4.106568902064218,122.97868002506753,311.35172703128825,117.0343453550003,14.333862417688168
2024-01-01 21:00:00,754.8447399026928,27.000559255443154,375.70832512537066,380.3222500400699,-97.2837515258887,14.642641978396838
2024-01-01 22:00:00,813.5056409375848,26.21670232687546,90.72823925991663,411.6757587931474,76.83619684540915,21.818174208058142
2024-01-01 23:00:00,515.0503627573087,17.92239306510925,336.10739797191707,406.5215055476411,83.98750546621372,9.42477392892128
2024-01-02 00:00:00,691.1234550949634,18.015505813009604,183.21815271680302,312.3658661060364,91.30647406878066,12.619825473367998
2024-01-02 01:00:00,822.1845179419732,19.951100236387667,357.29101215577435,250.05806050962585,-27.393376005736837,21.168114777873818
2024-01-02 02:00:00,569.8012845155395,5.261138358703488,353.8198415376076,329.15880153866226,114.21581701343803,21.47247221497947
2024-01-02 03:00:00,875.1396036691344,27.4323583777488,332.0738900411674,242.77824322457263,-72.58255410046708,12.692221519575364
2024-01-02 04:00:00,679.872262016239,12.563115746762193,326.5106527074715,467.0291105551425,-40.21889905995975,14.182480465733619
2024-01-02 05:00:00,741.6612500413446,11.494155847484924,156.63769868431427,303.7632382213572,163.24101399634458,11.065717816985659
2024-01-02 06:00:00,679.6586775541206,15.567531158485128,78.32174906793826,246.33792416699714,121.61694521796991,23.65109756838624
2024-01-02 07:00:00,1170.4556369017876,5.283671262193692,191.04306256780652,207.63432797172527,-95.87633379659643,7.372875314831607
2024-01-02 08:00:00,797.3005550524132,29.93100637609429,110.73358024527803,393.74671588594526,-25.48712188905994,23.6749884600294
2024-01-02 09:00:00,588.4578142088201,171.59281581913112,293.2328811158616,391.070695236423,-35.678055102050635,18.677329036706865
2024-01-02 10:00:00,964.5089824206378,22.355640339784145,171.13490428822493,302.1812499743875,-18.758101588908225,15.631443053734625
2024-01-02 11:00:00,555.8312700057955,176.42199201891856,391.4635703009702,221.5135666542953,-25.73206891603408,5.6531812156899175
2024-01-02 12:00:00,841.772719000951,73.60473290439629,274.3402270708662,322.8886684685696,-81.24211127714628,14.511923836440166
2024-01-02 13:00:00,408.0659752240449,113.86896710727814,337.86819727202635,293.36524851901805,37.6821549790461,13.154962100054647
2024-01-02 14:00:00,534.3627902203139,77.94730892808896,96.38363545964695,403.1361919205028,119.82004243584954,8.224376239502451
2024-01-02 15:00:00,839.3722471738247,82.69390657810067,351.7050687954179,381.7337748358071,82.01951741523092,18.12819207001314
2024-01-02 16:00:00,947.6933159990821,129.42826293316418,372.965016679688,309.378118459262,101.86150057942393,24.423018147365717
2024-01-02 17:00:00,834.2736562379941,33.42619300760718,220.47167158662756,265.36776627649704,-75.65524643912825,16.243776221290503
2024-01-02 18:00:00,776.8703435223518,16.992139208906917,262.18852821284213,496.4107898466776,185.44721305303617,19.295065528878915
2024-01-02 19:00:00,739.7792608821422,14.28151206597299,317.68343031604843,336.20048635883444,151.54755015290746,6.369009051320336
2024-01-02 20:00:00,504.2956019265145,19.910134960879446,111.1935195411444,406.4822707340711,141.5270955486988,13.353339916339895
2024-01-02 21:00:00,656.0311583210582,28.10489217974274,225.89812676220484,242.16589027350824,146.89514151253024,7.3271697032899175
2024-01-02 22:00:00,707.8722458080425,21.97716291630751,189.53205972030958,345.6769098978193,179.8131524398284,17.255916710730208
2024-01-02 23:00:00,1011.4244452437831,6.448211357722703,101.23089725678719,208.26101596083964,63.27618983410931,23.769643164283092
2024-01-03 00:00:00,868.7236579136923,0.9354940518385402,178.637047802036,351.63653537313496,-39.91539463971223,18.23555464943277
2024-01-03 01:00:00,447.3919689274532,7.867921328994753,73.86030828492275,489.2052221353107,85.03508235576234,6.536060966288431
2024-01-03 02:00:00,864.8167938789591,17.852337921007646,59.034167432320444,315.26201389574004,122.8644481003817,12.093324099701658
2024-01-03 03:00:00,722.9835439167367,1.5427744045275107,97.30820120418797,211.69880377247347,121.37521800620762,16.01326758881703
2024-01-03 04:00:00,664.6155999388083,14.89098741603709,387.09028905621085,209.28673727580306,56.43470725006403,13.064155122665044
2024-01-03 05:00:00,922.3352577681736,17.905285467506676,242.33533756325593,316.3960279840608,-79.46238419992659,21.672880209503447
2024-01-03 06:00:00,1006.1999044991902,10.027316724508825,388.037756403627,248.00748093895822,11.333881529038347,21.293420094199785
2024-01-03 07:00:00,986.2560238232397,86.72762292140493,201.3742574155462,207.00562889845577,176.2299825390072,17.23662040206443
2024-01-03 08:00:00,632.1564953554723,19.187685564078922,159.13564657984085,426.86408418505306,75.33467292722781,12.469158902654105
2024-01-03 09:00:00,738.1575248297571,17.46953425357554,227.14965199408545,337.5569026645672,61.49958297671403,10.106727475264883
2024-01-03 10:00:00,866.2526862807129,196.61096417497288,203.82909102151854,286.77343159179634,-19.343945685341946,7.117486364262586
2024-01-03 11:00:00,995.1090254244718,144.93120999031305,86.98263949161037,470.0249549049442,10.534675974973673,12.09795366973108
2024-01-03 12:00:00,704.165152430942,206.5207189283208,274.2892101415722,234.84168806015768,168.60382674595078,13.263450344154391
2024-01-03 13:00:00,762.8682046672366,127.18699654159578,125.61336387835986,486.7756486865958,99.93891425805072,18.516458502081473
2024-01-03 14:00:00,578.7330051987943,66.52854897455883,266.8557842142404,294.19001521320587,136.21610802569987,18.16319648595147
2024-01-03 15:00:00,560.7586751838659,190.44128885925144,277.57038233935367,466.52110169260436,36.30362692029654,6.4021627928251394
2024-01-03 16:00:00,962.5051644788396,143.89485821441625,103.20869859502683,380.88286294383846,89.07416583684737,12.905186308623156
2024-01-03 17:00:00,1071.2480057141647,78.15335297112298,71.47236948873386,448.01220792244624,-25.484917377037743,8.635577344347238
2024-01-03 18:00:00,785.5979756839332,8.164354116898881,323.26655512395394,495.2039489631393,111.63824908504589,8.136254106336114
2024-01-03 19:00:00,1000.7065795784049,17.706920006072615,210.93014831926206,286.52163134562375,28.280400111001192,21.54604299474492
2024-01-03 20:00:00,872.3272050095268,10.829216908200806,70.35732842691652,488.3406456222779,32.76365444442367,5.838304334325151
2024-01-03 21:00:00,670.9760490789752,2.7474621997990245,398.2032110094185,316.84456847072613,94.7966973730645,13.383657518042426
2024-01-03 22:00:00,872.2791211016828,27.519407263867283,70.22319634872832,315.6535714210767,180.884186440678,8.364073115330363
2024-01-03 23:00:00,1107.6073132931938,4.104558927568842,293.2623301004936,302.1161312763517,-80.79809601741373,22.58660431356948
2024-01-04 00:00:00,792.8347921780097,28.507120614624075,394.28762384219476,362.4222822042756,147.42297120410228,16.140810265500704
2024-01-04 01:00:00,1112.9287311628013,13.380173188738674,133.71303647557397,246.24351295354612,-12.285066876342066,9.62761272753696
2024-01-04 02:00:00,276.05097918205115,5.553987865158589,99.78727904051865,366.1134456074034,33.17583635191335,15.048545743327528
2024-01-04 03:00:00,964.3805008750447,16.257028421350746,92.48472879785011,362.5114437230012,-93.4260013674973,19.629727194062315
2024-01-04 04:00:00,817.4094136476342,26.18837507629225,156.14630164865844,428.570543781461,-9.686176649706091,24.162360178388674
2024-01-04 05:00:00,740.1985299068265,21.96674659228684,85.36603385372634,450.0949885812757,50.78937278903914,9.40892008490838
2024-01-04 06:00:00,818.3521553071005,24.196834435843492,292.2564695929462,332.1324050937272,-83.1471767957683,22.723635442586904
2024-01-04 07:00:00,402.4862170798214,74.11312875495568,71.80212934552195,290.6999748054481,47.328718814949546,23.686082283349805
2024-01-04 08:00:00,756.0656224324977,124.60978161321344,228.2977448524264,277.80046919512836,178.1331886575282,23.328410890641326
2024-01-04 09:00:00,871.4225143023493,197.43798898893672,398.84389884854187,258.3871510114616,-68.38203456765844,17.708287137238198
2024-01-04 10:00:00,1095.5788089483033,67.41036239198019,334.8895943271066,217.29427465970747,129.3322184226513,17.596413088694153
2024-01-04 11:00:00,696.3459563452706,143.15680186561858,265.3268033808538,302.734393650414,22.90131601279779,13.064212663676456
2024-01-04 12:00:00,638.3012794213624,66.36283254588066,157.1887672753141,281.074307639235,96.5521143573014,20.04795764607576
2024-01-04 13:00:00,699.6485912830926,288.8928923390192,268.36354270207346,489.9252157599222,-21.929020604431194,15.625880367018638
2024-01-04 14:00:00,983.0804235404148,254.8960217153856,234.46451236907808,367.31264787501317,-52.15232123759252,18.54876142456589
2024-01-04 15:00:00,865.750221931937,9.166733643177622,199.12918436163002,304.1831117091523,-51.86121571863207,13.56915807697591
2024-01-04 16:00:00,694.0479592465922,127.00353105282392,95.74863185906982,374.1402802981088,-78.8524163070566,19.629929280862783
2024-01-04 17:00:00,902.6534866226713,104.09043570926238,360.31147533416333,241.75901040370866,-44.30598852962709,21.48943035209098
2024-01-04 18:00:00,819.4155098696081,5.417260353820006,207.42462708746288,333.2131247606609,99.26581549669048,7.928725132056322
2024-01-04 19:00:00,993.7289981065778,17.038356916578884,118.11787913726778,387.87029642631916,164.5071835530524,21.65859431148456
2024-01-04 20:00:00,659.5893812245295,27.46464892764126,178.71577280705137,346.6693495377354,144.23770567734854,15.805930635806146
2024-01-04 21:00:00,734.4675706804463,1.0183793575739652,194.94541338512445,320.53364019629726,105.54029296234523,21.893318181804485
2024-01-04 22:00:00,721.5783693735684,20.9226080174052,339.638263448406,498.15451666990947,-66.8704409766692,13.626034126820292
2024-01-04 23:00:00,507.2970103735763,8.920470221176522,306.7650331964907,464.0944286446781,-13.243766111215049,12.5808097076607
2024-01-05 00:00:00,859.2240554129152,27.73188586129591,319.25671277446895,387.021787447832,-7.057937403259307,23.30121465034445
2024-01-05 01:00:00,852.2110544359779,29.131747354961036,53.86094255002652,370.81320835468483,-25.01291608071363,10.023385350968026
2024-01-05 02:00:00,801.0226913284922,28.327994673403015,195.65389936291652,386.19814394737523,54.50169791291694,21.884246505722864
2024-01-05 03:00:00,753.0825733249706,14.226426499723914,218.47045307236326,260.39363234673,60.66614446390177,14.680411450188082
2024-01-05 04:00:00,516.9258515899171,25.861279529679408,56.71729688806984,318.54132297929556,7.065792551333061,15.281908851025195
2024-01-05 05:00:00,715.8709354469282,25.33648195605211,140.93462306076196,211.8378598672698,6.136747620930805,11.16936562978968
2024-01-05 06:00:00,731.4570966946461,9.57301419729767,316.10143809274723,342.663811246048,148.5666793718244,16.460844012380313
2024-01-05 07:00:00,639.5445461556762,93.25299084195117,97.98839700514966,362.90737518729895,136.7878544959057,11.504223925524226
2024-01-05 08:00:00,767.7428576667982,6.661374248788672,237.35854600840707,268.32492083096287,-7.661250495776306,5.785388284833046
2024-01-05 09:00:00,880.8101713629077,138.63274674707733,125.32065520603312,489.20865414965414,174.13653316197778,10.43997210688712
2024-01-05 10:00:00,1177.237180242106,62.10238606767982,54.24227112536265,472.8363832811726,185.8445051007518,5.127580868131814
2024-01-05 11:00:00,834.9155625663678,35.26581408985405,134.42051015983952,416.64297063677174,-1.9772373909877516,24.567095741137134
2024-01-05 12:00:00,851.5100781445528,23.085960488762748,391.55581421851883,360.0159886296088,6.327484637916458,24.31494419639495
2024-01-05 13:00:00,785.1108168467666,203.66446694435587,330.53798915904633,460.9907478943055,51.69024602658765,12.9031059494461
2024-01-05 14:00:00,416.2457569401917,91.76624021737784,385.8518255123617,239.19570314703887,182.33624376010206,19.56741708679292
2024-01-05 15:00:00,794.6972249101566,168.50827438043703,220.74891537422687,437.15293828246547,162.89582994269347,11.9161219682085
2024-01-05 16:00:00,812.0460419882053,11.764141343809627,88.40766953712622,237.4462441900545,-69.22961122492306,18.42186314171952
2024-01-05 17:00:00,1292.6484224970573,35.470163005943654,241.78582114079254,438.26319876482165,17.819222981424865,21.10860086091958
2024-01-05 18:00:00,761.5278070437755,16.18473877126012,209.03206709598632,282.7302704754071,66.01135692493155,23.935124893844815
2024-01-05 19:00:00,860.3094684667225,23.721694945168906,345.5249789588656,463.12717430545666,50.93974176546201,13.00424551699344
2024-01-05 20:00:00,793.0576460589514,9.562575087962099,84.32890327448561,483.21262814761934,-41.8410796189322,20.665959659120954
2024-01-05 21:00:00,566.2643924760936,18.776741293110273,220.88439795762235,244.63879082153468,157.6450313504464,10.318569012642376
2024-01-05 22:00:00,1028.5645629030041,26.579332447085616,102.51703264289449,338.80268151961803,103.0822348990512,24.806646075872965
2024-01-05 23:00:00,950.3866065373549,18.475895645469137,163.636574411521,494.29621344880553,151.37251245554108,5.515391975287023
2024-01-06 00:00:00,958.2063894086093,6.988784242609014,308.07497708572987,345.02223079194397,157.62928380484166,17.07057613002242
2024-01-06 01:00:00,618.1225090410522,0.7320234466961406,216.60634527906828,459.06425675436356,124.50675609972193,18.19011963302654
2024-01-06 02:00:00,1080.5588621872198,26.102966217027898,181.56089980101927,376.61945663939593,31.7631803749152,18.760911141482577
2024-01-06 03:00:00,519.6297874415438,0.6380823255116141,188.06669749951237,312.5989723758806,83.16402650462736,7.407751575781781
2024-01-06 04:00:00,917.3714187600541,26.24105018052598,210.80636894209533,285.7350666577611,-51.890378164077056,23.770595669462608
2024-01-06 05:00:00,1238.0911251619957,15.868114020816359,324.75579034296993,260.9669273258262,102.09362524247231,8.623665581001656
2024-01-06 06:00:00,601.8927349738624,28.172030955386887,362.22964112908204,428.53945741330915,-46.224023278215775,17.455068064796823
2024-01-06 07:00:00,686.7404540794456,89.86311402453732,384.36714027637487,315.9621520469084,108.18487715304704,9.453521582461699
2024-01-06 08:00:00,819.9302730175283,179.62813989600073,325.41618518935326,353.3826386602253,-31.120551773809403,11.144328340425417
2024-01-06 09:00:00,699.3048691767601,81.54049709252261,160.39241351180445,347.69764400035456,-64.734609954934,15.929170834562488
2024-01-06 10:00:00,489.8673137867735,207.14083801140424,290.8471471302897,373.18370876993936,-50.41465295711277,13.34386837129153
2024-01-06 11:00:00,813.7125949612055,117.56479223070332,203.16109341938719,459.67314368736567,-99.40235943427892,8.204512019530126
2024-01-06 12:00:00,587.539257254779,143.96268609117266,139.1347177161179,494.22180307502884,115.62188535605907,8.418728048416966
2024-01-06 13:00:00,894.7184861270363,183.54534799137326,344.30505279907294,322.2752625721451,119.72031471751373,13.362895763255993
2024-01-06 14:00:00,616.1151531532394,235.89282083031145,63.44922213681375,448.25567663189094,54.480004973977834,20.145659565510016
2024-01-06 15:00:00,1109.986881003508,228.79940658883615,365.61669724739824,429.3583383964153,-51.59115968338489,22.95929293695577
2024-01-06 16:00:00,643.3493415327525,138.28921449561327,211.51711261865697,372.05868543667196,-74.93369874679307,6.682553245187657
2024-01-06 17:00:00,735.5876967588649,46.99876299382504,273.02051688289816,486.81414308357995,-94.2613100688139,12.86207815118802
2024-01-06 18:00:00,962.7034434739339,12.640710068312107,280.77387277202394,260.14235465852084,-50.27554691043379,7.004911274457532
2024-01-06 19:00:00,553.8271367132089,22.127469047666747,363.2912092472877,232.77926309288642,167.25666049494401,5.331849612651958
2024-01-06 20:00:00,845.4919869208259,7.1633143730490705,272.83438875852255,456.1885900866266,-27.53894748949547,18.234373652879132
2024-01-06 21:00:00,1061.4285508564856,3.3142233939418397,264.8767546660216,331.7449449901245,6.281398165164697,17.048988839331756
2024-01-06 22:00:00,478.5033530877545,10.638664729223297,73.32821419624149,454.09065626211816,-68.39635465560005,8.260382276297724
2024-01-06 23:00:00,836.9267717064608,8.617169749622454,231.44280768082143,467.9270615586245,-33.29160857554891,9.676256661861283
2024-01-07 00:00:00,851.9765588496847,8.889243613679703,102.55915028596458,218.73727808572144,55.767371234061535,5.474155072890367
2024-01-07 01:00:00,956.364574355462,7.008232531497298,308.10181905251994,465.0394288958182,82.32580492869576,21.698944113888075
2024-01-07 02:00:00,552.6098578243837,1.2627956890908565,229.27767228443608,334.49571661082666,-26.39430575013668,24.49381192097103
2024-01-07 03:00:00,535.9086773831448,0.5362180420024143,288.07972272292363,353.12974670126965,-82.68035223246484,7.7091907358938165
2024-01-07 04:00:00,904.3883131233795,29.63167169208095,64.58551521083449,387.97775332796306,17.309860738219594,9.629504275305962
2024-01-07 05:00:00,859.3969346466372,12.833194012075872,79.67720561603113,477.914782019026,-29.73898872209976,22.36819047893868
2024-01-07 06:00:00,850.0985700691754,11.529799414790451,300.7131858219388,205.7348283289292,-34.13382303105942,23.529275959123698
2024-01-07 07:00:00,869.2896418993952,76.46031930297033,75.22951759953568,343.05304049534516,187.95884081403656,13.392547656136207
2024-01-07 08:00:00,663.9950556843019,39.28569981571155,74.9398547178405,406.3166127291682,84.89014577771722,6.012449445381483
2024-01-07 09:00:00,846.4507394322007,220.86597526842738,54.237966332210604,416.81208730946855,67.06353295162877,5.787836673856388
2024-01-07 10:00:00,858.6144946597362,212.31315389219904,384.775489404818,407.7597294611324,24.732531056996578,16.47899732138021
2024-01-07 11:00:00,657.1297163947264,26.152718176335906,308.1279258106524,240.33053882243655,28.68330002904328,12.857902177863581
2024-01-07 12:00:00,1173.1549022289514,125.2742327354785,173.63799297572245,289.81867651150435,62.271501151424246,5.57304855155309
2024-01-07 13:00:00,894.7665841823575,257.14210496193317,153.78745345067932,307.61465762510403,108.92894211083217,16.665047846251134
2024-01-07 14:00:00,561.7393005594703,255.07764601868075,172.39613041104735,441.3311623038515,110.64382885454883,5.226050731780449
2024-01-07 15:00:00,931.3107217267659,108.67085136559471,321.12873591341366,283.6279617243659,-48.49182768836513,20.747439162985458
2024-01-07 16:00:00,605.0636659545357,110.41405005792738,281.47971387464503,263.21148916016097,50.03382562298809,11.128656454067432
2024-01-07 17:00:00,957.4169207484904,18.791318935358458,114.81844875361378,487.23440571142885,23.58742851023059,5.805160060184642
2024-01-07 18:00:00,1031.7191158014807,29.7350587841093,110.93826736692952,202.65898553404068,161.15808988081525,16.767044419663065
2024-01-07 19:00:00,635.8635363296579,6.950151041503303,84.43847739968906,499.3462567045935,89.42567636551291,12.953688288661095
2024-01-07 20:00:00,992.6752258488643,28.28195322405377,281.10595189546837,403.0463896572187,59.75121992479454,24.47600826714299
2024-01-07 21:00:00,882.5561853872997,19.489399469771055,317.5304317776076,448.5407898347351,-65.38160734632478,15.883973250074044
2024-01-07 22:00:00,964.412031998898,18.232103846365774,142.7662499137514,288.38581890385797,81.69136679702343,10.504783620740167
2024-01-07 23:00:00,1179.3585965307896,15.380655330495259,57.330736360819486,204.294583300118,-64.83882829592997,19.188777292679497
2024-01-08 00:00:00,750.9223767994259,6.920094351532761,78.76008361674957,421.360855568459,1.1619726697256194,10.429840050854226
2024-01-08 01:00:00,649.2527671285021,5.295840960165248,388.75101219576067,450.24337910020273,-57.14741055570044,23.0848658281513
2024-01-08 02:00:00,622.0971140748953,6.614586272105261,153.40567211709708,422.14283958605574,107.62209410731067,12.494439410147528
2024-01-08 03:00:00,636.8379430069124,5.593147864327636,319.22810174334677,242.85508619025157,-38.124365849154216,15.997371255524104
2024-01-08 04:00:00,784.5796581171792,23.387534207002602,268.6322490989923,426.0283766770907,17.557811956407797,6.011462076484577
2024-01-08 05:00:00,868.2303949633288,10.503757775001903,183.67887387851357,430.6768346322923,168.7024332856336,13.522424759044615
2024-01-08 06:00:00,855.3381598660038,1.735280296901891,121.99054176844429,397.5621547010165,-38.70508498030891,21.6472707932199
2024-01-08 07:00:00,965.4366498072047,109.02404589084124,92.48524635579226,429.83477983867584,52.341519187633736,21.11297610726684
2024-01-08 08:00:00,802.6003783755814,159.08145929341663,265.25453881360335,453.77643190331963,25.781498349806597,9.486371177070525
2024-01-08 09:00:00,1090.7068154314634,215.70240584288703,321.1218232232258,384.0812342712375,-94.56278768628108,9.521581420211254
2024-01-08 10:00:00,747.0686333524088,268.6251121145375,275.3664887393957,226.58141419090373,137.82743407184384,21.346106244264735
2024-01-08 11:00:00,1344.0338333179238,50.86436039670003,235.6057466372054,346.2883429001633,-79.28622810562008,23.60796840338651
2024-01-08 12:00:00,925.1334695530013,118.87260567079763,64.6829282010727,223.29480040148152,42.27650629308608,6.907218425460071
2024-01-08 13:00:00,628.5684887167436,221.7847541434467,388.9710721580343,322.26290930972925,68.20348848168499,14.001172788524505
2024-01-08 14:00:00,585.8215003877775,187.9255668745239,329.5499670791011,322.1319467376883,88.52793698437613,11.749085579284579
2024-01-08 15:00:00,896.4944830486371,35.7807982240163,152.48771284533765,219.80295324207248,106.58948879236267,22.413769109148788
2024-01-08 16:00:00,755.3074429348299,146.84996249831119,392.9896152755977,304.6461601908438,-24.018284943185474,6.670498293600375
2024-01-08 17:00:00,942.8000988184184,25.249564331624317,260.6585563727127,233.29942963739444,-97.00636700246518,9.222518851160748
2024-01-08 18:00:00,894.6475249147089,6.714528444678692,253.84793037253627,442.47056300276665,117.0330987064736,20.049366751729888
2024-01-08 19:00:00,785.4342174686254,16.109232686802407,311.8256128003362,484.3064077893412,60.696979804273575,6.025876979624312
2024-01-08 20:00:00,630.641256386319,17.788198045251097,334.11942583154814,221.6949425773816,150.83531096217462,14.850707614285785
2024-01-08 21:00:00,497.0305550628271,17.402586235134336,279.7675125660259,486.5345621875104,146.41650887020828,13.8421406935944
2024-01-08 22:00:00,710.6970095865958,2.7446051219326466,94.83351122817001,356.77297980102355,152.99785033636496,11.688023579774974
2024-01-08 23:00:00,971.2797588646945,26.323825878911414,168.39362709807443,289.86970338616214,45.52839799386204,12.891446306378477
2024-01-09 00:00:00,842.8187488260407,7.968001277661182,374.8292741141174,223.05862258284904,0.08851875105969631,15.59881173860466
2024-01-09 01:00:00,550.8522442576024,3.885447638484125,128.61546414534817,350.18728042112537,137.467460777411,8.227347167767663
2024-01-09 02:00:00,834.6361851702364,26.662442396069316,180.25845834312966,438.35466334722463,35.38823390877648,16.439917565671855
2024-01-09 03:00:00,877.0634759457673,28.669544946892604,201.2269090304686,412.1259431800095,-44.967341078969646,21.108646585999725
2024-01-09 04:00:00,623.2285127597734,25.863828517963523,203.79174639305828,215.06780343919212,156.4922058684423,20.20321859580318
2024-01-09 05:00:00,830.7450211891056,24.285482241746344,264.5288538730839,221.87055061037105,164.76796303170417,8.077998093875474
2024-01-09 06:00:00,811.6417436892,19.657259419170654,380.0765432106477,320.8619847897911,39.89292684205103,7.984989394829478
2024-01-09 07:00:00,571.4059404338753,61.97145419352815,134.24244914137674,288.587148214383,-77.29008180706376,10.363487354898266
2024-01-09 08:00:00,871.5574720696567,15.657616784053824,92.52548170532133,269.71529691681434,16.34782697507937,12.221494526820745
2024-01-09 09:00:00,912.1569052736469,94.96537203893746,119.11467145097807,284.3013496726141,141.061297838781,13.169111628169652
2024-01-09 10:00:00,1016.6102486350554,100.62589959332476,360.42371507324435,441.0448229890654,170.5322085638686,18.593944336666905
2024-01-09 11:00:00,1010.7604104069806,75.97798174989542,276.0337844293221,478.7684160895562,-38.95817725072125,6.133608643316708
2024-01-09 12:00:00,524.4661264085818,217.02603410657548,150.06737623370606,321.53080835826995,-79.90791639241854,5.693454084521328
2024-01-09 13:00:00,612.4349920169755,145.04365251054045,335.58142863901605,471.8333006397491,163.2051359398516,12.83821125887818
2024-01-09 14:00:00,903.007053441732,21.88247829506494,351.4794987272026,296.44871037436457,16.821481693662587,18.94327384275961
2024-01-09 15:00:00,902.7571901824417,51.19259445333114,346.2800185415973,342.9310959031375,62.52828928026898,8.868706859129652
2024-01-09 16:00:00,903.0095372612095,122.98657745872725,371.62428677384406,267.8086993447999,190.41974361522767,17.830089625125034
2024-01-09 17:00:00,1570.5462981309443,8.564721692658768,138.28435706067654,392.1428126527532,-80.03058162573315,10.196562758805989
2024-01-09 18:00:00,914.1781021386334,25.53620742146306,314.2646750611974,493.6943345524427,94.49540223562866,22.721722176270326
2024-01-09 19:00:00,1027.1131280361199,14.854395810419229,211.188824045949,381.0479288130136,-77.76837322753988,22.91379888533233
2024-01-09 20:00:00,990.8003526986405,14.417597319799441,344.69949351152155,307.34422523406465,12.640678539950112,10.94574408562653
2024-01-09 21:00:00,930.2782502611597,17.772233539785528,304.97173700656464,394.3452337971585,141.14436355803403,9.59987507926481
2024-01-09 22:00:00,736.9461510719309,24.740428977754476,321.7566062749036,236.87620353961626,30.04166982669032,13.226079441324625
2024-01-09 23:00:00,951.7938440986534,10.434276237065792,279.656643188375,466.5977240796196,199.15470617088513,9.810631703602974
2024-01-10 00:00:00,645.4349570924857,20.340484576771907,112.1000693143974,350.9251852339509,67.71778548398065,18.447676865834072
2024-01-10 01:00:00,752.6362786519983,16.97195891987373,240.75942161392842,334.8049226118926,-3.651354209213953,21.52129369096571
2024-01-10 02:00:00,702.9272904341793,8.01084810508264,394.6344088335779,375.7594365360558,-33.96660222857406,18.46184261822434
2024-01-10 03:00:00,816.3748278772645,26.35889959065474,378.08582327399165,387.43515883682073,5.156160285848543,21.48700894498699
2024-01-10 04:00:00,1262.9317133347017,23.922780648207844,65.11080752895408,221.53274186795392,11.759982127865243,12.939843244149483
2024-01-10 05:00:00,426.5469614816503,19.75355503975277,107.685185505303,404.78516636702074,-79.3858966828117,8.126339414177217
2024-01-10 06:00:00,937.2520380749027,25.51745187282726,96.10507070909667,272.5795040946589,10.87225982803195,19.759018947951844
2024-01-10 07:00:00,477.4568257620696,97.57059760797773,304.09296849485344,414.1857897519769,39.27155592176747,12.209490102831078
2024-01-10 08:00:00,705.6136268421133,127.50533580870626,336.2248654499308,446.760438315259,116.82132567164139,18.42541650458265
2024-01-10 09:00:00,1017.7901193934732,194.60559884455375,124.72897820873517,441.1875522657561,97.01884541648239,10.412878839635313
2024-01-10 10:00:00,812.8560038190925,188.31729465070654,227.04844253314016,365.75029022236674,112.62969656874627,6.624592696133453
2024-01-10 11:00:00,584.4510444141388,198.94117573988788,344.24605980392,356.05096769322535,-97.49089543694286,24.851635909755267
2024-01-10 12:00:00,656.9392581480064,185.5834134645553,306.4805406681877,242.8627884018235,-34.69978012583918,8.124030158611985
2024-01-10 13:00:00,935.9195497869351,220.16961707061006,239.7830219221469,432.60384512094066,98.50528651995695,24.768419879269622
2024-01-10 14:00:00,653.9266736565727,42.823378429129896,256.6216916605705,281.4228141340143,45.196810453924144,24.545598651328945
2024-01-10 15:00:00,843.291717916395,204.80245151375087,227.926191420698,349.00862684538396,-98.40595729949622,20.876362078160792
2024-01-10 16:00:00,809.1143679807627,156.93183499414175,154.1419579615872,285.282227878255,141.3483927295467,18.18845924163995
2024-01-10 17:00:00,669.6799304788367,3.290319341387903,247.75769750065564,240.14850889990794,131.8428719871012,16.556141005021694
2024-01-10 18:00:00,1228.788817865065,24.77450251694288,291.10985571753173,388.867309067521,64.5257488980688,22.322030907556695
2024-01-10 19:00:00,926.7838044636022,3.8660960242033564,355.66302055128267,216.29961044687116,-80.06100226711837,10.788790432389758
2024-01-10 20:00:00,394.9714826684786,10.053565627774258,272.7019738927368,424.59357023786,129.9545148597754,14.35362424969754
2024-01-10 21:00:00,837.2908629538855,22.305247688748235,316.3925379651053,295.276038578335,75.11407631940918,17.387799387330038
2024-01-10 22:00:00,667.6427070463224,4.822796881449246,106.02507223410055,200.0404079013456,134.58799314738775,13.223809517389821
2024-01-10 23:00:00,970.4866669592448,24.539010723571867,211.54511604692647,353.33874177116894,125.52409771875213,13.54972908180536
2024-01-11 00:00:00,641.4958523134599,24.96402533873226,53.266066939482656,214.05557255828094,140.90062158735114,11.605693350041689
2024-01-11 01:00:00,777.0527117066202,15.224032012825086,136.33760258256805,282.85086734626987,55.40241992138745,16.28463633369072
2024-01-11 02:00:00,900.9974557960915,0.1915761515050074,304.26160028955167,412.09294623671485,-57.902644541945506,22.01149056030232
2024-01-11 03:00:00,973.1510388340243,8.611143995247383,397.1334829722772,218.80688648655976,101.34724201390661,9.030567560126258
2024-01-11 04:00:00,559.9407185888448,18.507807551272265,84.71233485552557,451.8015477068007,86.14213551559118,23.68866077506883
2024-01-11 05:00:00,733.0997528318103,29.43558534082271,190.52301055145088,201.14597679757495,122.67595615972616,18.781753074964595
2024-01-11 06:00:00,705.0109377678087,18.954405810500052,330.0248390447058,274.04716076057065,-49.035698184779406,21.465464253600604
2024-01-11 07:00:00,669.3341534852576,29.227902869717965,121.4124721201146,422.27121684562144,-41.507440029913234,16.123813852600232
2024-01-11 08:00:00,1153.0908480562193,114.12102655793004,244.27973225580018,294.88104491879204,167.12285516579854,20.59033402848127
2024-01-11 09:00:00,880.9963421921912,125.5466007839364,306.57495361038616,230.56771641980407,124.99333953562125,5.324007946789344
2024-01-11 10:00:00,547.823209132991,210.55825669080875,265.5949075910627,308.07017564012835,172.46854661009687,21.367608495590705
2024-01-11 11:00:00,983.5723894109552,31.291836856885336,115.80865711539565,281.1179859153577,127.61459634917621,5.802777181707331
2024-01-11 12:00:00,1224.4312394025267,228.3083707506084,174.3845990400088,452.8135706481665,79.14659179709057,22.79826752725725
2024-01-11 13:00:00,1006.4930521102294,158.32047426276225,324.327124569889,294.00437527554294,96.2398211083621,24.839254944772865
2024-01-11 14:00:00,496.1260068091973,260.0078410419285,243.97927994620582,436.67974153280215,166.73837718200298,10.881349243535556
2024-01-11 15:00:00,703.1531854267497,79.48527860399452,51.830364740019455,467.5616434432204,73.64202635358215,9.206371125715872
2024-01-11 16:00:00,1053.3822298373245,113.87194076411065,316.34676600983283,330.14522587295886,89.71739729851622,20.307267277160815
2024-01-11 17:00:00,658.4661068762439,104.85316186987694,62.35897422908367,472.9829431563176,-53.056985198919826,10.060526818405064
2024-01-11 18:00:00,888.7638856292457,3.075291839720378,311.0068239559312,313.19541618895784,42.176366034830814,22.31124766344407
2024-01-11 19:00:00,954.9268106858674,28.116854617093534,120.86819605783309,489.22352494703244,114.91913358742968,7.056851843149534
2024-01-11 20:00:00,614.6139056843834,20.636571669024402,385.3257180417831,226.7868573576719,-18.717190505090375,7.519103927587166
2024-01-11 21:00:00,788.09492878764,2.0351117731551573,178.77926295572956,406.1057799509728,-39.323745842639525,24.583031102012313
2024-01-11 22:00:00,151.74653198618546,9.028907008404488,164.4260657183277,348.1442121370786,-5.851957532675334,18.476777965400093
2024-01-11 23:00:00,595.122471733142,21.24516265935845,102.11081761635563,316.2946416366941,-27.549811602149965,21.937744488579057
2024-01-12 00:00:00,749.486369721368,2.020518044063151,156.96147542157522,389.8135636245803,-35.526208889081246,11.48658754703036
2024-01-12 01:00:00,550.44336360703,17.465113805288198,356.8277666398702,411.15712749029933,27.455252860426082,18.52967499041209
2024-01-12 02:00:00,1126.482260786327,10.376491708588702,398.7170181695366,201.30898089509273,172.35155416506024,16.884836546171943
2024-01-12 03:00:00,513.9717244078735,18.627465533024314,178.9083356773969,250.0859266241596,52.117894021615484,17.06300240245894
2024-01-12 04:00:00,711.9911026606032,1.3722610143753855,207.0137208340899,413.9138151902956,-43.623885755403094,18.650649190754432
2024-01-12 05:00:00,826.1481154572183,26.14610418457129,302.724828370958,399.9156240734619,-76.90849918573778,16.50718346258197
2024-01-12 06:00:00,1088.254657813223,29.20466907532191,360.16852316277607,489.8142515386032,108.84684354137757,13.581247386053318
2024-01-12 07:00:00,512.8275697641121,108.99875871964026,257.56551696537446,428.3113370752349,14.839629330916349,10.518453887610937
2024-01-12 08:00:00,1032.632750430992,134.93732971372646,187.03399436224026,485.2318123194014,146.54928397560778,20.37162661826404
2024-01-12 09:00:00,802.0466122039174,30.245050830371937,194.4176442970183,410.7621504604421,97.85323059223106,9.525448600063724
2024-01-12 10:00:00,603.6982697904098,204.7310629008361,293.4663512738824,289.4156625918329,138.87243516241057,18.847086123088282
2024-01-12 11:00:00,892.4206948526542,7.191673064199442,51.126392261497536,231.60947667525693,-18.416188174465375,9.666656452986533
2024-01-12 12:00:00,839.811939114694,6.637065458699176,266.85626811094426,434.54715900348066,107.70767673831743,17.506603399089077
2024-01-12 13:00:00,679.9566245682411,94.6559891012408,174.42255365447508,393.2447664427748,-20.781404591884368,19.941565342580578
2024-01-12 14:00:00,813.9604169980038,131.93366140925974,327.96906594697947,214.45580371798886,181.72054383508748,9.374277778130784
2024-01-12 15:00:00,722.9372806276481,179.11972464031194,82.54672393809625,308.0151397702935,90.91228446001232,6.198866017226166
2024-01-12 16:00:00,822.7034690502496,122.99316778917093,255.87079343193668,487.03994464528586,-2.6464599473973727,7.619474859883482
2024-01-12 17:00:00,932.4261349042092,50.16405446738417,218.34051146014332,350.1203437130604,-19.146441312318206,17.11993934542051
2024-01-12 18:00:00,1117.2033632290704,8.208799988449977,274.8139340668296,329.8187408059114,-42.722024478506945,21.98892812451471
2024-01-12 19:00:00,552.4369002346302,29.913735004731336,72.69875806903892,337.30988154778817,108.39228766811834,5.899936424708487
2024-01-12 20:00:00,1226.6066749312533,12.785439067079189,252.99432559984595,262.6648172015491,-34.38531610062181,19.683025180832924
2024-01-12 21:00:00,409.58244009549963,13.541610729890264,246.5196057858333,310.6121512594386,78.59097977824672,11.826372919001042
2024-01-12 22:00:00,769.6429809928834,4.908714635750076,246.2310330456598,310.943976796153,-20.6094919223928,14.57056739839045
2024-01-12 23:00:00,917.6634412969153,23.844286462497884,261.2206833087592,215.70650605624172,98.59068343816058,23.577190996911312
2024-01-13 00:00:00,856.1983735470066,20.81046677344466,286.7637780292268,430.2702885553755,144.48191856216175,11.639430094716909
2024-01-13 01:00:00,675.4600960358812,6.623088383662813,331.74614988826943,324.9513295711637,133.40757294339593,14.30673867878972
2024-01-13 02:00:00,758.375549928545,2.4714313684752813,144.437252044875,446.65396604492696,128.25539927923452,5.273648295213622
2024-01-13 03:00:00,701.3998130682334,20.414979062241393,338.7672935630217,455.1044003359686,-43.68327829232438,6.631974400096768
2024-01-13 04:00:00,682.1270486111576,19.63533642843406,224.38948879220877,263.5982164095974,-73.48451590464438,10.17183182269568
2024-01-13 05:00:00,969.920419404205,8.19778580994628,76.97039769701591,397.20604465103855,109.68464854621568,5.557044816421488
2024-01-13 06:00:00,871.4030971930094,28.52590686751231,70.49282523539271,341.6845412488945,10.504164138305395,17.62750652096502
2024-01-13 07:00:00,661.4180809478692,16.99401282535127,166.9834115436213,464.0470213764455,29.70386792100419,13.527967136032451
2024-01-13 08:00:00,979.9199750866501,77.82026418766834,324.7139419890136,264.72220375293625,-90.65527216198268,15.96290405456044
2024-01-13 09:00:00,861.4599041753219,219.39070143896677,297.6883271593205,403.34396009301327,-22.127065217485242,8.492943717926591
2024-01-13 10:00:00,962.5724237677921,113.326375570053,326.01523763534226,382.3256366758168,-89.8970788376608,10.918640588732323
2024-01-13 11:00:00,925.9257683847225,186.768839691745,231.04416975456328,288.5904432715498,163.7557317803743,18.276489497054502
2024-01-13 12:00:00,634.2009978155855,119.27831938883828,204.0696492844217,240.98027109535178,-26.98099503444086,24.306054472607997
2024-01-13 13:00:00,687.963791960606,80.20794668698598,101.60838434719938,395.491928143183,67.20115087190241,6.008335472044184
2024-01-13 14:00:00,949.4587210246524,265.67396494915357,164.86746376325905,421.5792374396992,-88.30620380166087,22.807686417105323
2024-01-13 15:00:00,922.074053086693,95.17015646824751,201.90677816085633,294.688203129005,100.05421739169742,16.53762402622417
2024-01-13 16:00:00,795.8196812071703,160.93785666224417,81.01015038786603,393.4497812066941,-3.0917962737718407,16.278391335112474
2024-01-13 17:00:00,823.4654766617564,25.869893162747186,127.21418344892393,318.539272283451,169.37575608729975,15.005570704155208
2024-01-13 18:00:00,1055.532979157685,6.3931411207524995,259.37885292230857,413.96206498478534,166.43545668021073,6.387881718083667
2024-01-13 19:00:00,681.685722232834,0.9340224865353408,307.48208998371643,259.7645824682159,-2.4128144914756677,6.797537034723213
2024-01-13 20:00:00,909.4194762340076,19.550004761276554,399.42162898753236,467.0645007908523,170.28826870714036,17.018240113181722
2024-01-13 21:00:00,759.5614695132213,11.055790311712835,376.58966597024516,286.22287893967393,198.84730204963364,11.819171428711165
2024-01-13 22:00:00,756.4637593545559,25.93074749518911,274.89781983731706,310.33579632684587,147.62469923718442,23.34536133155361
2024-01-13 23:00:00,1019.7553703974381,14.196297200746717,197.4368186529252,217.42758562410495,153.4614043265687,13.131810747189444
2024-01-14 00:00:00,965.0832697976059,29.045802837441656,272.66207764788146,233.45366369638293,-25.297379167273025,7.865629174052822
2024-01-14 01:00:00,962.7019272001277,5.565765471093634,324.9780663280812,354.75857081369844,73.01071965732689,19.29437667004072
2024-01-14 02:00:00,1061.0957614308659,26.058695038668322,91.41766682318556,280.27780301839147,-79.82322580978965,10.867068428820197
2024-01-14 03:00:00,804.2007683265518,23.297905583752254,193.46671139370088,450.6440677226583,-71.52461895349909,15.509406147117863
2024-01-14 04:00:00,936.3905942589928,23.127655339321564,343.93079997246605,204.40801659648616,199.66778360998717,18.9566557101034
2024-01-14 05:00:00,737.9466486813088,25.34349684350663,184.3415331765654,313.7282146015809,-2.0082251722267186,23.00528222404141
2024-01-14 06:00:00,864.8332704976884,22.830719728289967,250.1552949295153,301.2036640307278,124.45517361465392,20.843823896033523
2024-01-14 07:00:00,773.9713891264631,70.44978618353421,255.71927630176938,205.7982892752803,141.99951590804494,18.527221357454483
2024-01-14 08:00:00,819.3991929985436,23.624077982829764,114.56668859677377,237.31051970015307,157.40698130216876,18.59266364790287
2024-01-14 09:00:00,919.0314050873827,7.562336731716071,176.78240457830094,324.0928024755906,199.28848922064697,23.91849288064173
2024-01-14 10:00:00,636.3558633533055,248.6289189102354,167.07895105967626,347.859375334234,-27.551054422939647,10.91648194993072
2024-01-14 11:00:00,1218.477455137092,180.37021699731588,59.16884798622268,321.28692417646073,-87.89475194209008,5.022241883923748
2024-01-14 12:00:00,598.7965237000597,238.96118729285288,58.46711736197434,359.28130352362814,23.35745539837579,10.439091187963975
2024-01-14 13:00:00,557.1622774424536,140.84528781742088,341.0939652865207,378.53950247170445,-60.97579905131592,9.35782759253488
2024-01-14 14:00:00,1031.6221747000136,31.67321101984651,145.57478349048435,202.97714633835068,-93.27223325138347,18.236691702279963
2024-01-14 15:00:00,958.3325387925872,29.10569668709298,231.3275681835854,339.2285478360512,8.12804814244583,17.67423199531058
2024-01-14 16:00:00,924.823963410431,123.40175170121483,154.55395075607058,489.0497722662765,135.12147532257092,16.869227654094477
2024-01-14 17:00:00,925.669101852856,48.40941317618953,379.2377357903692,355.7096840388646,69.85420736752125,5.3248688641890745
2024-01-14 18:00:00,797.5506454306171,6.015741801010102,140.7538656030208,403.26268023768597,-6.166603236893787,19.57556108901295
2024-01-14 19:00:00,620.5491257028336,14.747836402243108,200.3798844586273,293.55915737506496,96.3026016478159,11.47060824970983
2024-01-14 20:00:00,815.1609116387452,1.9262681122540226,355.4555876696106,432.1974134458288,-30.394545907356786,18.301119780132623
2024-01-14 21:00:00,664.5676576975777,17.459142057431965,344.67674837713304,431.87644456283454,-95.68556617837449,16.131568570043065
2024-01-14 22:00:00,995.0239466835502,8.06980213305293,115.13549624619706,356.38881429624166,129.3060159309282,11.854618508558143
2024-01-14 23:00:00,770.5885236995723,23.926773019115647,330.92515842849866,492.8041469837641,87.12292545920273,7.691525342082155
2024-01-15 00:00:00,634.9005606414977,9.310858767707215,210.36541035826244,237.665064428796,128.690787350288,6.888377953209619
2024-01-15 01:00:00,735.7228316694013,13.656604472454035,219.03910522987434,205.08429946687428,-88.31859499370032,21.63036666224447
2024-01-15 02:00:00,882.5862908551248,0.34861619724301907,96.71799034558032,431.0474635271288,151.13588834919565,23.36795084163116
2024-01-15 03:00:00,687.255089439205,2.1734066338367666,78.21052981499363,442.14666120946475,85.857860010891,17.995760935285993
2024-01-15 04:00:00,635.5559208867137,11.774806692200546,304.7787574408178,236.06216873617288,69.01860521379204,7.0686822972096675
2024-01-15 05:00:00,848.7374422983825,14.398165041513705,223.76140332435492,279.67484988758184,87.38421443435948,13.040544337764814
2024-01-15 06:00:00,848.9933142217445,18.000616443579112,202.89774591531284,205.26570900998868,159.32997406050922,19.578784002103145
2024-01-15 07:00:00,698.6113649257741,32.8120401047966,305.3278800283389,287.9925832341694,76.08095196767212,20.596417680201363
2024-01-15 08:00:00,705.7923388763354,125.09673950277765,317.92951464688844,431.94256217560144,74.28511396645379,7.364372445821772
2024-01-15 09:00:00,846.4099874715273,199.97845734649007,105.61785868427374,355.38815831377366,197.20374711972974,5.000614376907649
2024-01-15 10:00:00,510.38313170053516,210.55976700120442,263.57880231717445,304.4286779504864,127.0190501205704,19.2427409176121
2024-01-15 11:00:00,518.507245124689,11.588506414394464,97.37392879718993,311.5217884718991,32.688141635340585,12.131923519724113
2024-01-15 12:00:00,656.3111557495129,144.15208417734868,312.981280110166,200.40608771464045,112.21910000987832,10.089626632365205
2024-01-15 13:00:00,757.3105696576306,30.692077187316148,279.93430469349886,289.94015826957076,16.769141507536546,5.257949395790509
2024-01-15 14:00:00,862.1815131196009,65.35215428288241,384.8151173792103,393.93762249137916,-31.337361254950302,15.805988135229994
2024-01-15 15:00:00,1095.0712433899105,229.39905293461155,74.13530572474741,492.2583331449071,79.05556306632782,22.023014708519636
2024-01-15 16:00:00,971.5319246404039,25.64919772227238,69.96915240293902,454.11824809516986,178.45462943418545,24.15263292545176
2024-01-15 17:00:00,768.0122940073146,56.12491726327754,148.76547614262006,207.07848939365874,178.74185600463883,16.314899012265784
2024-01-15 18:00:00,796.1967584194622,18.544672029543573,141.5969893075671,469.5681814024518,2.5715834316470954,15.289226554797883
2024-01-15 19:00:00,599.4941270724382,21.07394911632312,136.44257967519994,434.9595239895878,58.30323986650849,6.7011277097848225
2024-01-15 20:00:00,796.297372801522,16.789460504607423,367.1891031823628,434.1128370712941,-36.50923042904164,15.977456030851995
2024-01-15 21:00:00,742.2682722159724,0.2931254225755098,137.34116994732713,337.39872770107144,198.68933284966502,12.599581579307893
2024-01-15 22:00:00,864.5437120676179,9.793839247319758,145.18240414502085,319.40158788635085,194.33537236038072,17.142705617671538
2024-01-15 23:00:00,634.5538112895354,15.531349301541344,315.7893918462873,290.8747186499578,94.8526789122342,12.774526957530934
2024-01-16 00:00:00,903.8693028482345,2.635994974345001,207.408944857689,219.70845768630974,141.32421790324202,9.805982469007335
2024-01-16 01:00:00,1106.5477826005156,10.518807936275422,321.8486949343134,268.47060904810974,114.53004838511,6.89930550456753
2024-01-16 02:00:00,778.2479703086285,0.996093263740997,72.87815514753484,273.9810904934074,77.94746571184047,11.298368891777915
2024-01-16 03:00:00,880.3423444197883,2.3573549146506223,220.6499177856845,345.2231209130605,-83.9956009033307,6.932896685755045
2024-01-16 04:00:00,938.0287983422224,11.907698286047882,61.76476006414892,424.23332197900817,36.42930276579832,8.53793901647968
2024-01-16 05:00:00,719.7559056228328,3.9814726212918106,71.92862120937409,342.142948519384,102.43589065022316,24.74672317159092
2024-01-16 06:00:00,844.8184963620834,17.026225447846745,367.25310867054384,217.35333483414817,103.25948416510539,13.882071138132373
2024-01-16 07:00:00,802.5184801563589,77.56480902794237,98.7358798911583,487.33694029646114,11.936785526715077,15.637435330100331
2024-01-16 08:00:00,819.5352197097664,144.1056058396349,236.347238796326,482.81729572823366,182.50759599740917,22.472370574744307
2024-01-16 09:00:00,645.3980432289068,46.53493178691835,193.8834609102473,435.5568629445225,-49.7928903289657,24.911378009813756
2024-01-16 10:00:00,804.9020348517886,45.22029720994883,171.57016419059494,497.3983704692662,50.10783386466818,16.65428898689363
2024-01-16 11:00:00,899.5996582490899,30.586093297812074,364.9416709905454,363.3446998400789,107.26519296524684,21.249476420883433
2024-01-16 12:00:00,1090.2287215590084,190.92907486309102,57.63818887142133,488.8305050759618,109.14074176754276,11.538820486733506
2024-01-16 13:00:00,991.8541652170413,206.6441499974186,282.3263901614562,222.68151218502524,94.59168703064466,11.114879148945821
2024-01-16 14:00:00,1230.6364915023114,8.52825910292335,387.1880519747426,309.7042244784114,-17.41353596444195,13.054074419891204
2024-01-16 15:00:00,646.5304874223901,217.6693472516579,246.05886421164467,267.6143804020297,-53.13802939401341,18.450145253472982
2024-01-16 16:00:00,974.4641273441357,9.354831057265033,377.88786171158216,258.749925240281,90.78209804801325,18.643833785101975
2024-01-16 17:00:00,836.6684011476704,60.895837721370405,68.29025775010832,242.24088466780282,79.79063484183132,11.304788692989016
2024-01-16 18:00:00,1237.9605866435345,21.271815583527495,196.57766167595648,386.724092469799,-46.19319691322771,7.664198482732574
2024-01-16 19:00:00,638.3403429289697,26.12907371238257,141.0552268367179,434.3965567241915,111.541743671169,17.64792512931017
2024-01-16 20:00:00,632.0556315638448,21.422607963972837,305.7873377432554,373.4895198261082,36.55159752009693,7.566517243775291
2024-01-16 21:00:00,680.1214709111956,24.051842492093755,393.45398167403636,244.0888128764629,100.32817748094588,16.5698501645866
2024-01-16 22:00:00,375.22085513803864,10.183505776284182,139.78552185548673,443.33713098004125,151.21012393104522,18.86844256112618
2024-01-16 23:00:00,694.8489956638477,24.444753412395368,278.96111051592607,390.7864121491185,-49.08147142692305,19.01222992788903
2024-01-17 00:00:00,648.1734676892604,2.4034453915402545,119.33417146590905,316.44971183809866,-94.256539600949,20.069442213191934
2024-01-17 01:00:00,830.0787572952415,26.844499681815833,247.86558910006346,402.2390886608189,133.73077591873604,22.45718843131329
2024-01-17 02:00:00,868.3511951554319,16.42777128461209,212.37637034091767,277.97149377284984,82.90922754578477,14.999179839295769
2024-01-17 03:00:00,1175.2341678431771,24.51893309887481,390.20186537103797,303.5576625482631,109.89187088663651,19.604983790591422
2024-01-17 04:00:00,990.08476763721,13.569548535549004,262.9845454437633,475.2457529395971,151.44649249659275,17.383454707316734
2024-01-17 05:00:00,684.6192688675194,19.30733085589575,172.32723023038656,287.1513517014261,140.84328044735014,8.732798795953652
2024-01-17 06:00:00,620.3170657303284,15.792079828083397,89.93352471077668,340.996480447381,188.2760440786474,5.513792897388163
2024-01-17 07:00:00,898.3838343013011,82.30382119747482,102.9363900572271,467.0423412188044,60.78052365563546,10.690827713538676
2024-01-17 08:00:00,535.9533585958716,14.693396765506124,128.8609254829323,412.3164050802582,46.54868979797161,13.860674126752388
2024-01-17 09:00:00,1166.2917531708708,14.031859527806084,137.8383314691043,218.66096784941084,20.566159967219022,17.342118888573125
2024-01-17 10:00:00,1035.8880241442573,66.71787318273952,347.7156202443982,244.1909132836911,-53.89268714673864,21.999186610064108
2024-01-17 11:00:00,706.1648695790591,46.666818933107585,246.42797589888372,202.35247723157505,71.78216986460673,8.924914334123313
2024-01-17 12:00:00,457.3730941818244,261.5350699776605,233.18681898102827,389.276537068749,-16.896242702206365,7.510995797969542
2024-01-17 13:00:00,1070.7744748330826,64.12009130222796,90.16910515422612,334.3020276231255,176.39225366389263,24.26959894948655
2024-01-17 14:00:00,777.0920309494765,263.4836190711654,351.04889267230226,240.28245527068265,74.95724128312928,7.160891187528142
2024-01-17 15:00:00,1047.5632623946924,78.32827158678234,302.9850061229693,487.3802363170311,77.85205415243304,14.569821402143784
2024-01-17 16:00:00,481.1144682411266,32.78122482396587,73.68392666500056,358.897917183686,6.477398263103007,16.71127457586604
2024-01-17 17:00:00,680.1249954092455,88.84108205352888,297.74228403041906,272.56798823386674,-84.40319440668776,15.827488418148764
2024-01-17 18:00:00,801.0487399436366,19.761233265026284,240.23837606992612,350.18107134641224,-90.4768703881034,6.720643140658864
2024-01-17 19:00:00,809.3961187529484,14.945871493594169,78.60387101137239,403.88609982053237,27.000543245959253,6.140538280072388
2024-01-17 20:00:00,709.9869057041512,16.660906528128937,210.40522453502976,222.87176539206934,-74.63038657082865,7.1096685492207135
2024-01-17 21:00:00,924.5699864694998,21.576053348167918,219.64370049551644,282.4111445143676,82.05408666204174,16.71175367745225
2024-01-17 22:00:00,586.4759141234811,6.853642239938963,108.02108905714651,442.0896472651981,164.29190169189724,15.886897752686423
2024-01-17 23:00:00,771.5241029957413,29.89001748170226,380.9943514500988,337.8994611207984,164.87444495561664,9.674815840734885
2024-01-18 00:00:00,824.0591263423797,29.243794864403494,347.49138001823167,363.97314260968847,97.71362303966971,17.75548283691183
2024-01-18 01:00:00,902.8877668117498,19.50977059040811,284.15781806518794,329.8448006628408,-36.6304505581207,21.401350041112988
2024-01-18 02:00:00,942.322975617778,5.986273527874355,211.8034463502125,213.16998279290152,158.8990494076616,5.831579196931875
2024-01-18 03:00:00,575.0715816324262,20.40684727293874,194.117939554578,249.72493394604678,165.82803059396244,14.962598870960848
2024-01-18 04:00:00,493.17716585287553,2.1659522693752753,277.840713502834,333.66249162256725,-41.00392451411239,18.786208242053807
2024-01-18 05:00:00,1055.5353643797018,0.9195750661741819,240.90115429241692,262.75563962237834,121.22782573120318,10.046238541393741
2024-01-18 06:00:00,866.4628023959183,7.730486655336411,71.79558705865996,214.99370859790363,-14.044135321863116,11.155418105862982
2024-01-18 07:00:00,650.3026926886893,52.04508263317307,229.3759270696161,453.0948992155471,140.7920937058789,17.272758059787677
2024-01-18 08:00:00,1110.2303951045046,156.28905097350847,332.2412660314938,494.35775874923473,199.1713699710808,22.958705868874738
2024-01-18 09:00:00,823.1349268585717,169.06680872066661,210.7339571589353,437.9428621990218,-90.99219840118215,21.198488406057987
2024-01-18 10:00:00,1035.8594368127654,200.5307607239949,68.18480214399395,456.1354765114001,169.20975973727957,16.66260438199167
2024-01-18 11:00:00,813.5036962820218,124.45680032606204,325.1973697844116,272.5931390951136,86.78916007959742,19.604434355144985
2024-01-18 12:00:00,1212.1495849763974,103.78049776408888,120.47732374759104,488.1880926539599,192.01478574944636,12.296449404155974
2024-01-18 13:00:00,1151.0681684886408,108.52883817299629,140.51729221081357,259.0777113360285,39.50285525792828,17.819310561975154
2024-01-18 14:00:00,750.2071703041853,266.6653822087356,107.64722370130356,485.4289431085497,154.21637917141211,14.323631822551139
2024-01-18 15:00:00,994.314190190871,9.325387003402177,165.57527270502413,498.44578818978533,-81.28177942051683,8.79872272915122
2024-01-18 16:00:00,929.0751899170295,156.06566930204073,314.86302699102225,413.5168417238146,0.5837150234887178,19.034765477545143
2024-01-18 17:00:00,1073.7263115064698,65.10098346439425,231.78505082637807,494.34311953754656,-79.89503867463701,16.12929274697644
2024-01-18 18:00:00,607.0153078839792,13.158462575687714,121.7084459527494,370.8619338701311,192.60294004372116,12.172431639071828
2024-01-18 19:00:00,937.2102919996878,21.757729812454098,357.2405273532143,277.8625349528271,145.092172181551,23.226783801572616
2024-01-18 20:00:00,1011.6848973699175,14.600068242741086,357.85364923303524,331.0987656996863,155.76422637379116,5.418682356534665
2024-01-18 21:00:00,448.25210271537713,26.20269714244982,354.7024487661024,378.0682806136358,181.38956943016825,11.31546302498992
2024-01-18 22:00:00,563.348297466845,27.02105592033776,133.57867398353875,221.9244686081045,-74.4689541640644,6.137627955552931
2024-01-18 23:00:00,392.1535644479799,12.651627806203663,207.93377046334584,386.7029793851738,15.67927775400001,20.330546324432543
2024-01-19 00:00:00,746.1186331110885,8.304833917051548,394.7463796493063,494.35335102868834,-78.68953328679936,19.042149082275852
2024-01-19 01:00:00,943.5084511591924,17.770509857800867,320.20436670849665,257.0322949351183,-36.76206953499141,11.62704437472634
2024-01-19 02:00:00,1100.4714104192055,27.37090036850073,59.50859742894593,437.778534886515,-31.190266888698293,18.51325804414146
2024-01-19 03:00:00,814.8189560839551,6.319865670169998,72.82160694117222,472.3696381338858,40.732163314273606,12.918744523918997
2024-01-19 04:00:00,1125.7231091142585,18.68899750690448,212.37598188431647,483.11047784606626,-19.431349763907225,20.125075828448686
2024-01-19 05:00:00,523.9797083570218,18.946806602775617,368.22707205154603,488.04068132163417,-69.70656795467167,14.083673254734121
2024-01-19 06:00:00,459.32351212896907,21.993390672458432,238.54562928344998,356.43789161644156,-49.75267327176769,13.24559455663331
2024-01-19 07:00:00,788.8904602206762,14.801364576816724,224.23437781200158,493.1923723974511,-55.81733093437272,23.694598309766018
2024-01-19 08:00:00,876.8130897878615,128.84849364277594,86.9157949848207,427.1930621403317,191.92303937368948,10.017581997814005
2024-01-19 09:00:00,793.4610503811814,211.35006105476157,279.87303665350294,248.50143087108856,127.78775207554209,7.408946799931309
2024-01-19 10:00:00,386.5115799920247,48.51443939496533,337.7361062100789,343.070031940391,190.3284395808686,16.690862265189164
2024-01-19 11:00:00,782.1759920974423,69.4814225402342,183.14700262764683,415.4993526116012,31.92214595237256,24.386436245683576
2024-01-19 12:00:00,539.1060998990293,291.4185282124919,321.4641478238646,274.202094745725,-16.48945550120302,12.556784274543734
2024-01-19 13:00:00,933.9345097660077,52.93575866752576,387.56682886528404,392.1845550646662,139.487959162756,6.24073527257563
2024-01-19 14:00:00,873.3196492193697,230.68397520978633,121.31826069469118,399.9801437139858,-2.1238245876559647,11.786105346191349
2024-01-19 15:00:00,612.024042734529,114.45460162416808,233.16537091815945,248.80992314256977,-10.184987888395513,15.118633086391169
2024-01-19 16:00:00,697.2266165326613,44.50159339257187,150.49828532960143,369.5255937358269,-30.248202337650643,8.238460132644274
2024-01-19 17:00:00,588.1572956222096,97.95936389315749,327.49904666184375,431.4880732935823,-61.09630653272939,18.16204436112984
2024-01-19 18:00:00,787.4641805453656,13.359157650079965,252.15767805840514,349.66869936078257,-23.06108169497021,24.95498778020401
2024-01-19 19:00:00,991.0284641002477,15.444520617890706,272.1038461426063,203.63093503283224,6.595924542166309,14.034789519628877
2024-01-19 20:00:00,602.8547907328913,10.777001081992971,329.2699558655629,202.71154072378766,102.19826244371913,12.094571134604253
2024-01-19 21:00:00,900.8093031035689,17.78852554304782,188.5896654318592,307.10880319100363,-81.23054733416453,13.014083336689332
2024-01-19 22:00:00,693.9484763255118,4.9057161775506835,370.2815239424651,477.8582205295346,-36.847918100397116,7.302923567904022
2024-01-19 23:00:00,641.4254335475312,11.732446099552822,236.56010353614897,268.60303388108264,142.70709208750293,22.665472028524476
2024-01-20 00:00:00,778.5939280090885,29.082369670058625,105.2841879923718,390.3091066615061,-55.923422924868774,13.296513110427039
2024-01-20 01:00:00,592.9515355161252,7.744002981033827,293.5646913590809,266.6227612079962,2.7935439567564613,12.745488228496827
2024-01-20 02:00:00,689.2701389305636,19.702099936238767,327.64147265338903,296.5009968978646,159.39767655744203,18.193805458609486
2024-01-20 03:00:00,560.4244214822303,9.755701926740848,160.86658697363433,454.4126268804452,-53.522406656967206,13.84066841862247
2024-01-20 04:00:00,1192.945026583278,23.20419377059802,350.0127399495635,418.65843268098405,-75.17894931454303,17.96466937615692
2024-01-20 05:00:00,807.0527103943457,3.9262098215504952,367.15013916801826,228.6197831939632,45.36139852400325,6.22892580261575
2024-01-20 06:00:00,660.0548984014829,29.09463135235634,146.91657058223313,328.6106062959301,-9.274146616439083,21.27446687444455
2024-01-20 07:00:00,842.7959821468444,51.051323405659396,394.2325154503277,208.75092909357934,69.02250934515624,23.81007905758805
2024-01-20 08:00:00,777.5343900618341,42.489083402363505,99.24903481706545,344.2670439809027,141.14146714504255,17.97530772318772
2024-01-20 09:00:00,755.8060800933555,17.08799375422794,120.70548394087149,398.73020351032045,-58.85545355417705,24.091318577176214
2024-01-20 10:00:00,922.833340008685,45.83463437363599,114.47869373330914,235.55078707944546,74.2097253662855,8.028646287399265
2024-01-20 11:00:00,951.501542009461,152.03387995263515,362.89639850275466,286.6654816727497,51.65262811695918,14.548323789607075
2024-01-20 12:00:00,693.8997704778945,101.10095292938588,279.00239331373666,319.3509876506471,-56.77636419604013,17.036134678908944
2024-01-20 13:00:00,684.836351871064,242.44838452066327,103.23649912779551,475.8593073968149,87.19954565869472,16.634732948423732
2024-01-20 14:00:00,744.9896605696712,116.3396313886876,204.11319642892215,497.9765046268892,-17.907874641768508,13.029235581780865
2024-01-20 15:00:00,339.61576705288303,57.82606837662396,265.3543087744307,213.47338969868477,46.350295563203744,11.761688187325227
2024-01-20 16:00:00,496.96178756028957,111.08609758872541,79.21242974628416,428.3023770486176,-75.31830271688143,7.5364804510083765
2024-01-20 17:00:00,1073.3748534889048,79.51243689961262,358.84572894256854,311.517219920703,37.87521716408692,12.834849011245563
2024-01-20 18:00:00,1128.9935427002567,5.011257237028496,331.2612374045373,317.737455868844,-8.060959587153905,8.253216302109703
2024-01-20 19:00:00,750.1927920887243,5.028576488649531,226.82237075182337,426.2794920041068,146.7143633556063,19.687313529844367
2024-01-20 20:00:00,915.3113926111532,1.1001428080062892,388.49431534070965,475.5279296436226,-82.90638190078951,9.1766187098918
2024-01-20 21:00:00,862.2500309087072,22.092060451969218,196.21634274628488,485.2785783507645,25.582182475498982,6.171306105690677
2024-01-20 22:00:00,1415.7761616910475,19.914135828654153,394.43861166277424,373.13677581149625,37.5294272394314,16.047322756344688
2024-01-20 23:00:00,1023.9149822869153,14.238926272494417,283.7719995812695,307.13634779015086,117.50182288973562,16.90459465438803
2024-01-21 00:00:00,774.4164817038467,25.325113469075916,272.1349456388795,436.26472575763376,72.2862725270633,22.43826122561011
2024-01-21 01:00:00,608.8919118799149,24.170104588501598,108.08421335352475,275.30041497869007,100.16370115825431,16.539632248353637
2024-01-21 02:00:00,478.7107359484855,17.560630931902566,358.6747154066254,369.22220865005534,133.11478569552685,11.909617074468915
2024-01-21 03:00:00,840.6927271734446,26.048138415397762,199.6213907722153,307.57353845746195,158.66089209745664,21.06023763052641
2024-01-21 04:00:00,648.7298509431394,6.175236301103048,106.78169202386778,396.98932211236286,-5.837350983258849,15.805577863748422
2024-01-21 05:00:00,515.5492580804652,3.3575885819318367,54.41263199151567,272.1196738680521,61.40681160917089,6.585605692623835
2024-01-21 06:00:00,670.6854231514947,8.09248834550969,245.9144892734339,257.4778837204477,152.03242353175997,16.317011206264933
2024-01-21 07:00:00,583.690399277121,6.422271310047919,234.58986774293672,475.4717260026311,196.83533928951692,23.160370908433247
2024-01-21 08:00:00,1137.428327014513,95.61051504018575,301.7737678292055,230.54110488486106,166.85579331312894,12.92625250996441
2024-01-21 09:00:00,976.3279513898901,217.76082345857853,361.5903185562307,351.7873723204795,11.440178787313037,10.926516037996002
2024-01-21 10:00:00,798.4054717366765,10.622755980497603,77.79230462506034,266.25583488890265,-41.45004483440488,7.869389140360401
2024-01-21 11:00:00,1095.9888277780053,35.71714984793284,306.0237716191268,211.67898899770023,46.81776122197662,8.028910438707147
2024-01-21 12:00:00,815.4736615295236,135.6597084850306,115.59418043415377,210.8056454874279,122.49243555081267,13.655429686836378
2024-01-21 13:00:00,627.7431597343473,273.1584426269122,350.3619686050074,252.5665316317482,47.77072122598928,16.91359648323059
2024-01-21 14:00:00,1104.6248154539314,85.36214834372262,336.67222985157963,460.0311063518001,44.95425899410055,6.612308103392035
2024-01-21 15:00:00,907.7820087369317,117.93209302005124,239.27781424494054,284.743623193108,151.46912632454018,23.791371780503315
2024-01-21 16:00:00,592.5507691347087,7.4831146290705775,298.58497951815906,485.1377511725887,8.421133720155904,20.10267234890392
2024-01-21 17:00:00,761.9322643832784,16.688610108234993,160.02253961431194,374.48668789675804,157.9384024434937,16.732478365673252
2024-01-21 18:00:00,624.8763493230485,29.59890368876541,214.90876462648512,330.98425693062984,22.041440285517066,21.568773418779816
2024-01-21 19:00:00,523.4400538071327,28.95356089308137,337.5729141986651,374.0266504008364,-1.530068296498177,6.603735136242266
2024-01-21 20:00:00,985.2355095063283,0.14819942803228847,210.74281901062486,355.0095155678803,36.1969733599097,14.536777554662487
2024-01-21 21:00:00,1181.8833280940262,28.55435356269717,175.22939286390462,427.63287612719756,128.73408760246053,17.601862537233266
2024-01-21 22:00:00,520.2864852361718,19.17359813446501,222.97435653760496,284.7488197918557,-62.199391640801714,21.573058122365786
2024-01-21 23:00:00,912.5938473381142,26.037548835600667,339.8872383530264,305.9151174800907,-41.074235238394785,20.669391200985356
2024-01-22 00:00:00,669.8714861756346,13.642195669015775,167.32281657980545,468.2282907599752,185.43344769892758,10.541384994267993
2024-01-22 01:00:00,702.5749232470607,15.467880857377509,110.81655759751033,483.9369539451216,-47.35251178559279,23.817603391184086
2024-01-22 02:00:00,681.5212151522262,14.665397407707605,299.20490711577327,467.7674682459423,70.31819537931638,7.486916828617407
2024-01-22 03:00:00,627.2018460640368,20.00592772638313,339.0923744478286,325.8343981871941,73.79433999858136,22.502672372423042
2024-01-22 04:00:00,809.7043255889654,4.189537642689387,85.22311748323666,434.1096509020645,46.88733861507344,24.418804992092372
2024-01-22 05:00:00,633.8099767177924,0.8992076961803387,133.95593946458067,342.90071999032966,93.42357457304557,8.543070464452512
2024-01-22 06:00:00,854.0913651559678,9.237898247735727,99.69019641634786,349.2619556438307,-31.05198226071447,19.441321284075705
2024-01-22 07:00:00,789.9523781101726,79.27658580787273,171.77949405375833,261.4040327171852,65.79868033302446,5.805710375559969
2024-01-22 08:00:00,752.2103906267181,36.3336213821307,207.62284261689442,377.3390909775549,11.651976574069145,13.108456502783099
2024-01-22 09:00:00,618.4872675916804,156.57304074804327,312.0892179371573,255.8407693260044,98.50017788875671,15.325665983953481
2024-01-22 10:00:00,684.6457338863335,261.876252448963,277.90165470858597,299.4694097201581,-57.632936988055164,16.612904518192682
2024-01-22 11:00:00,951.0782451651512,27.465959368404878,267.3249986174509,456.50906048598057,71.26322505184287,23.71874496497119
2024-01-22 12:00:00,900.1834375248761,201.78063546753788,173.33123131337905,262.12274276325655,-44.41889338500289,18.445013745883895
2024-01-22 13:00:00,604.4889510402897,129.79693914658708,344.506643579666,221.34748555202984,-16.40708106548908,14.62555902438474
2024-01-22 14:00:00,819.8664610858452,234.3984086819264,214.9505085893576,220.7022777838449,-34.38705990292503,21.193500725317787
2024-01-22 15:00:00,950.2774246743578,41.18732604651722,392.6867283053041,482.2353561509324,-45.148666039354865,24.01065641908818
2024-01-22 16:00:00,466.11894377572565,124.67267140070962,271.9497484035079,352.0761313885504,147.7132854682001,5.441322973645817
2024-01-22 17:00:00,908.672038475987,94.28797008541237,94.19265954757596,322.8236215451055,-14.287729701732898,24.650425445120774
2024-01-22 18:00:00,667.4752482108306,28.3384265842207,286.6621467264019,443.2635743023755,178.1371345593348,6.722642781273606
2024-01-22 19:00:00,914.1197337186319,20.497440848689376,163.78640540109464,450.7477783731548,190.97795760355726,21.287735585375227
2024-01-22 20:00:00,647.3481686914967,14.91524292025282,290.2145188401341,299.6573099346814,71.3781409811292,10.60669505102825
2024-01-22 21:00:00,439.0235798670962,18.535417206036417,74.37440185684201,408.0854172421386,-57.09966320028208,7.6435931550774345
2024-01-22 22:00:00,474.49151242336745,26.067149534361548,111.20850301158579,431.33684475556595,12.364473013874377,13.797112794276698
2024-01-22 23:00:00,809.6169893322764,17.11829239916489,349.50804061702524,396.39520605978635,139.3196790044642,17.87913158895227
2024-01-23 00:00:00,851.9445003442963,0.9116117909051058,129.5128449582302,245.47852244002982,10.217218609121137,12.6190369004695
2024-01-23 01:00:00,619.1366749791183,27.92846086520933,342.964393835029,462.7649250551171,-73.89483450916337,6.091308165653979
2024-01-23 02:00:00,927.7184917554748,20.685802530946834,147.74663095904364,361.7283658208026,67.03547327845638,16.98922279317433
2024-01-23 03:00:00,467.695987546208,20.295401573317395,275.0086685205477,284.74172791100113,153.53625544881044,23.048065522213495
2024-01-23 04:00:00,786.7840402705367,6.470254571931516,292.95270072844085,327.56845563130815,138.7779161430507,12.664307318945035
2024-01-23 05:00:00,557.7967600475088,19.766564106979715,229.42916360076853,211.2713271196722,-47.46305796089403,9.32665555261654
2024-01-23 06:00:00,669.6327784395681,11.815932169624755,156.85873684385595,238.36004036672526,101.82938432374002,13.851546918656307
2024-01-23 07:00:00,809.4797342632828,73.26370991716783,124.42553172988364,429.66402515475824,-33.848720969305866,5.967254220975617
2024-01-23 08:00:00,627.9173269432096,19.186745455438327,61.616274096849175,200.00349042660983,-34.53773963434833,21.409751689605496
2024-01-23 09:00:00,723.088891154035,152.9490333202059,156.38124043425333,324.96974854468766,162.22153199155554,21.526816219003734
2024-01-23 10:00:00,1001.2585618428881,269.84170595807996,278.60697668594906,356.75305432567654,-25.099314177930953,16.76000926859257
2024-01-23 11:00:00,684.6216260953703,14.102021366712638,378.40668645696894,216.39032600029168,-21.025796044596646,12.06205777876779
2024-01-23 12:00:00,967.1384224130284,293.1522552663952,354.92156879206823,491.9234488916999,-99.80398277161014,20.995667288915666
2024-01-23 13:00:00,574.0586290684764,119.02057851143965,318.1226717873559,267.8375993749016,161.2007102376553,16.093740495767342
2024-01-23 14:00:00,905.9608355830566,235.10343159105994,325.9565701386545,291.2596158908843,137.77844396274043,21.518646171000324
2024-01-23 15:00:00,1088.31372413158,181.90462504354858,282.74471621659836,291.1827536765082,88.1986805272034,17.629175851660413
2024-01-23 16:00:00,305.67109997454213,102.06292697760021,141.10040014810104,269.124998635205,125.07972918165268,20.688109464255945
2024-01-23 17:00:00,640.6209489059047,83.07553604077421,367.5182607470405,200.44214662589343,-54.38542977265246,16.9712598643552
2024-01-23 18:00:00,915.414425436108,26.355466839040435,284.75630916704193,418.8034382263989,37.49707837627263,13.282821364313325
2024-01-23 19:00:00,759.3909227914014,12.12420964953099,246.15422084315398,490.0536499397856,5.365816204634266,24.15891719852275
2024-01-23 20:00:00,874.2291746742618,9.810994846897161,88.84631422471837,267.2880449855135,-71.86704212289506,15.822276497576894
2024-01-23 21:00:00,679.2029626568359,20.02780156690754,206.4694403322489,398.9141575410267,45.83914556447722,17.101790370810768
2024-01-23 22:00:00,817.31795749458,24.23537825823776,211.1253949206742,422.5688980876145,176.22189510279063,9.409752788294984
2024-01-23 23:00:00,768.864552921584,22.868554043298474,352.5972633329345,454.5276137271574,-87.98226428479165,17.51301578854553
2024-01-24 00:00:00,1033.5564123319614,23.934409465759035,241.32687706572597,326.7887591040827,-12.561725951861835,16.432152989658878
2024-01-24 01:00:00,850.8841686602426,13.067499444387991,183.14019213964337,290.8792716921288,-37.73771913828896,8.696767958940498
2024-01-24 02:00:00,867.5205324150404,24.53502648525065,391.8801149787308,297.58854020690933,-28.556003900291106,6.191741947062875
2024-01-24 03:00:00,717.6246067755065,3.606271661118253,88.75220766421049,413.78639992955385,172.53036556381258,17.087186394295422
2024-01-24 04:00:00,702.4787551855013,16.334672938825488,197.89194990918062,445.0338399516908,40.42071627028704,20.27384538700641
2024-01-24 05:00:00,713.4883624360758,0.17275981494364712,64.70863630999185,254.4841903269808,39.88982388194564,15.468027418440165
2024-01-24 06:00:00,878.8904284756594,9.737574897008109,308.9664422684256,311.2823024473296,128.17269273658468,9.535452506392915
2024-01-24 07:00:00,715.8031038359475,41.22692267303225,371.3267932697027,470.58205902474504,-53.65233879852226,18.330439533860698
2024-01-24 08:00:00,857.9549713792826,71.31108448966597,148.0130653426713,442.0080559084218,46.17960623001524,6.602114532192045
2024-01-24 09:00:00,1215.0801597290877,161.69612555539297,350.4195868796923,495.45752082874276,28.995564236317918,13.836674096039092
2024-01-24 10:00:00,974.2249406863384,104.91068734299334,152.2763806616642,426.27447790462423,79.07320716399684,8.267335167968405
2024-01-24 11:00:00,734.7952935664317,131.24288461709023,368.7695565753703,317.95856030837666,199.86731097513157,8.689181021197667
2024-01-24 12:00:00,1040.242784432789,71.26323926229824,313.88666625887436,377.1913501983913,130.83466822461412,9.045878983164073
2024-01-24 13:00:00,718.3849253956897,109.17614905158196,331.7173718945035,398.30427627419607,19.359710905228155,12.734141140879558
2024-01-24 14:00:00,392.3750929644292,61.36279936105089,56.302294460159075,223.5367448951372,148.2659156822141,6.0230041124079525
2024-01-24 15:00:00,598.3827378165192,17.018052276163147,386.9836249759091,363.3490877311595,-48.78749100625595,12.955868818581964
2024-01-24 16:00:00,425.84161579482884,108.62074680864802,304.33484722461316,412.79624854178286,-90.86089410731196,15.234148942294016
2024-01-24 17:00:00,729.6973031917382,75.1739398374393,156.66288338514667,250.19639120031812,-38.665488260718085,14.665885699326504
2024-01-24 18:00:00,803.6836758379103,18.58471038028844,340.2881327005964,434.18951522766713,2.1234668342778984,12.655682008060811
2024-01-24 19:00:00,1135.2874624550566,13.90482131401717,148.53241944522549,375.1318341542335,53.17422723786797,21.78293216141505
2024-01-24 20:00:00,865.3854747528326,11.393573405376895,355.4638438481448,485.6665357092784,84.53874216235995,7.906533848410082
2024-01-24 21:00:00,756.1798942382271,25.900009487154758,89.40313664417795,212.7266894620675,173.18171516432653,15.113934875627479
2024-01-24 22:00:00,965.8811162366978,15.572453554086543,296.2900921112785,279.5978412666401,52.9562028651373,6.240828339131086
2024-01-24 23:00:00,357.772938198423,14.375456328891929,239.2444668257186,380.46616378994725,50.38269338771882,6.423113577558195
2024-01-25 00:00:00,847.1229116217132,0.7692619741930706,83.78706456840429,288.9679736617792,-84.92709705310536,16.477316993541926
2024-01-25 01:00:00,954.1730387773933,10.237434828784691,134.66283989059363,414.32724922137265,-89.52653420313285,16.32036849775642
2024-01-25 02:00:00,504.2827508440317,11.405868563575712,54.34141269706018,427.7015847565793,65.34798857491162,22.56067025688914
2024-01-25 03:00:00,1028.750808641386,11.964683426907015,214.06878791257705,230.75478921994232,31.453583974503353,16.157473513201463
2024-01-25 04:00:00,867.6992814988828,17.40517107681997,155.44284126600013,354.1563392620303,151.7541184940896,24.195820408097003
2024-01-25 05:00:00,716.9424172198397,16.008076401806356,259.42511950421556,352.66716667731674,-51.796124586446446,5.973896967998595
2024-01-25 06:00:00,926.556373221257,18.23715278380334,154.033232698016,310.7842310646623,-92.50850136488512,6.960153695614821
2024-01-25 07:00:00,1254.1385715608792,86.0493669234894,154.97168902744465,479.8774587709016,34.711630379037764,5.881317231407628
2024-01-25 08:00:00,836.373251011699,146.33743296889682,310.1176195560612,448.25189596196634,-28.756432974322756,8.7055370066708
2024-01-25 09:00:00,849.6441172600672,166.96361522265994,66.8499925924237,409.162814572891,-85.11568799834876,15.825402218833561
2024-01-25 10:00:00,708.1278200919512,257.9913979078324,366.0132483171955,414.2979907204993,117.37948605428869,17.91144362854856
2024-01-25 11:00:00,630.0311261070417,5.333030432835777,348.29235603691353,338.5148431439357,-66.52210001282576,5.911703158973376
2024-01-25 12:00:00,966.0671633088491,58.73339570506383,283.7316391292423,476.2983563289728,82.49585000233151,23.919417796911986
2024-01-25 13:00:00,628.7832348182266,2.2121409311065703,257.6275495375845,408.3786281759856,-15.685074949933252,21.84330753300762
2024-01-25 14:00:00,814.3132474438785,174.8181728217428,362.30587434887826,418.6943184967449,-47.95118489349339,10.932249643141862
2024-01-25 15:00:00,704.4685106469767,208.79210263087197,114.86556283505006,458.5072711362036,13.92545687579524,6.543750604529359
2024-01-25 16:00:00,895.7959651492783,43.82681338373387,77.63920676679001,282.2214768026573,140.4337328668861,8.397741464381145
2024-01-25 17:00:00,866.7324210573897,104.29138628958448,133.82855946833834,442.1212711600109,17.62807307137181,7.5388882750994535
2024-01-25 18:00:00,1007.5079888515799,1.8080217086868258,328.1023975450666,258.5721808869476,125.23089476331671,7.465675585978937
2024-01-25 19:00:00,697.9967202290505,28.03308080416543,62.134593354269164,303.60258567346636,-62.35411096025479,15.371233773314678
2024-01-25 20:00:00,746.0250129413257,10.548680617189033,253.98239227922136,300.6831362809528,131.83142589952374,9.916948849868007
2024-01-25 21:00:00,604.2472568435385,3.0426248534764957,398.4031306669585,493.5576405167422,-28.920002528005405,12.162794330582889
2024-01-25 22:00:00,711.1413479847777,14.57615277558977,349.4936328431388,456.96116712437805,103.21793896666183,24.790106667686448
2024-01-25 23:00:00,875.4600986089704,7.703297031615239,232.50599116525632,410.35095847707794,69.7344664522989,18.686284978506894
2024-01-26 00:00:00,951.3977233290703,8.546187058857685,72.27431825032482,418.11702848461704,178.7434151635062,23.979613340940027
2024-01-26 01:00:00,615.5669351644749,9.218698947788598,340.98073003499843,368.6218383207713,16.19675539259421,7.851131100662312
2024-01-26 02:00:00,973.921184021132,24.090776934979903,259.64247786202367,484.12720013255574,-80.15044334966787,12.642789496651385
2024-01-26 03:00:00,1071.1275717609901,16.174838300257633,90.2265489708484,348.8776258647085,-94.25335433462413,16.094636065647087
2024-01-26 04:00:00,882.6869806447402,9.33923097468011,82.85004968817466,314.15531296096833,148.05756829182593,6.53516123777476
2024-01-26 05:00:00,1175.3591625116132,18.31001349932755,368.36938680280736,248.9106010794773,57.42069129842965,5.083748872559157
2024-01-26 06:00:00,645.2421601792854,21.484520226695807,284.22009202832743,435.8616956783174,132.57321555048478,18.408686675938352
2024-01-26 07:00:00,551.0690593377166,30.670200082522538,340.25037976086446,420.33317962267745,-29.672319996545593,17.836390336028707
2024-01-26 08:00:00,444.25595021914427,74.43883827456327,357.64261509879356,315.30651155724047,3.525123653970119,13.215776199992234
2024-01-26 09:00:00,1099.2088622978367,28.338516700840305,250.12032321691277,207.5580241877688,-90.96883833660432,14.792881520640652
2024-01-26 10:00:00,930.8731312708115,48.91032437436368,231.10622311426445,451.69919831540324,188.44769737223365,13.308860011841793
2024-01-26 11:00:00,788.883065817909,199.22697228475747,200.64959361234656,203.42539503622208,100.36037201024402,5.480100896897778
2024-01-26 12:00:00,855.993725263964,54.43150430868808,160.93130572689174,411.10993388871526,179.96152632779186,11.707432124349248
2024-01-26 13:00:00,574.9021905403247,153.6102897226151,202.10858630054912,491.0771329178171,-20.3510777712783,8.541645107945797
2024-01-26 14:00:00,1289.1503959233653,191.4424906650568,320.8578795055547,331.29839844446104,83.43908336769826,6.968483782027375
2024-01-26 15:00:00,825.8442363950455,24.848884619527944,260.67320085529605,270.49202149878585,103.54999048779135,24.134408677786997
2024-01-26 16:00:00,821.8789589209786,102.11619953320263,362.3831514841961,411.4613030130145,-4.735089922723468,16.987194500843312
2024-01-26 17:00:00,945.1533247797385,28.863313166403415,205.1830050327157,445.13844260467556,154.43277050468902,19.573125684732055
2024-01-26 18:00:00,896.2018463473427,28.887806257127394,262.48135255156393,363.9290948233542,184.14843887007436,11.30727486532235
2024-01-26 19:00:00,844.7768048558263,14.506369401597741,270.95764358219606,490.11058257684385,165.4565353088013,12.862942589880305
2024-01-26 20:00:00,641.9051089109377,24.179776493254746,257.09400680721393,215.50061649738834,121.72009278181176,9.73847987793447
2024-01-26 21:00:00,894.2936714271991,16.506796264687853,295.92182057993074,351.4386794913584,-16.76059608251379,6.939313419308495
2024-01-26 22:00:00,1176.4048992950068,1.3023759856445751,133.1017139311822,415.536184196765,-15.515187368310478,8.580632748831675
2024-01-26 23:00:00,1069.0840092309954,18.994541267820672,229.32732214102674,458.7921413447537,189.00809613381136,20.950280905929716
2024-01-27 00:00:00,1118.6373253278794,28.54210026619971,86.47868098292169,253.77668357233702,-96.9146512192924,18.550916103675515
2024-01-27 01:00:00,697.756864713763,18.04835460438994,184.5789646756844,440.00104452910443,114.81499197264334,15.938577519709538
2024-01-27 02:00:00,602.0790359482838,24.575665782803707,220.68347401744253,365.8121227155636,111.87384876657866,14.50179745733536
2024-01-27 03:00:00,774.8426159800704,26.526193900452235,278.27849084091537,318.96610459698894,86.80686228493923,23.44868567312249
2024-01-27 04:00:00,811.1449824577389,6.842393158467974,382.6858684051712,239.51450857372808,197.03265382605974,6.4546989555733685
2024-01-27 05:00:00,1018.8383036941897,6.361345197246799,260.22787329192454,459.5887276726737,-6.436169270882431,10.612016264758319
2024-01-27 06:00:00,461.5070740570361,18.329429665529755,310.25787066179595,247.1819624539146,1.9915591379744524,11.998757071414282
2024-01-27 07:00:00,1105.9100638921227,46.24070285325427,227.19312082332095,292.93635776272976,-76.31817911603333,20.648516244255756
2024-01-27 08:00:00,768.3984202842021,151.17503451600965,271.93641098171594,287.01365958873106,32.839440963121234,24.850292403239425
2024-01-27 09:00:00,714.623786010516,209.2553761900376,74.8262756468207,461.4242102572563,-21.685442129545574,9.813410295143061
2024-01-27 10:00:00,597.5791249479664,95.42377241173389,139.03705329464646,401.8108982626694,3.0160106532932662,22.486146682741612
2024-01-27 11:00:00,469.028665626846,69.284638500036,176.64858262179854,439.0044191574117,150.3715370766883,21.612455208635826
2024-01-27 12:00:00,964.6341167923829,234.15765457315854,215.37267425227975,275.1403696377497,180.64535405824873,9.493147952835333
2024-01-27 13:00:00,814.6635934376808,80.3807653978298,65.97706092583431,387.4622298820997,-44.28007839844431,12.986651603984452
2024-01-27 14:00:00,542.0078200517892,222.10586599869316,99.00843414366119,371.5237949431246,11.752679466039762,13.193457385850383
2024-01-27 15:00:00,540.9842455872767,98.51914397333736,146.885007726957,449.84911303648136,178.58916863461823,24.564413370531167
2024-01-27 16:00:00,732.8430601419743,120.15898187246468,390.0364418153677,471.82611814437814,-81.45746179323321,8.617838027577967
2024-01-27 17:00:00,1133.8043050578785,10.747722806400166,165.97145248606776,203.64703144321604,-72.29184156658644,20.98315942209564
2024-01-27 18:00:00,748.081729727279,18.71577974029719,218.71437033922888,402.2059757176378,-51.16270323813119,11.683854283462198
2024-01-27 19:00:00,499.3714093763788,13.553030362116875,118.63419945843752,215.5507397359187,78.56385023806243,19.61740691552321
2024-01-27 20:00:00,750.8513871828112,17.598253895264225,263.7730248765189,364.6575995232068,-54.85831869820076,13.400220085913258
2024-01-27 21:00:00,745.4552860504659,5.040426232345903,148.239125430591,286.28981871310344,190.42291443522004,16.5671952623308
2024-01-27 22:00:00,260.6226714116857,22.106212348325464,122.44740245344937,292.0329798566424,34.014358177556105,21.652235466522622
2024-01-27 23:00:00,789.1410266964375,25.883912326296855,230.80041995609267,305.88755103570696,50.45538810504991,21.083311299677682
2024-01-28 00:00:00,753.8130939582644,6.502194002723269,51.92702970614729,386.38773471488304,-26.002415258378054,22.328463670794005
2024-01-28 01:00:00,939.2412729626836,2.8714366656048522,52.682411427228864,300.2149897006308,41.28807573042005,6.1923465068931804
2024-01-28 02:00:00,1169.791218989069,0.7091575813900919,126.67408318565022,419.8097151770841,98.57408979110346,18.841011060794898
2024-01-28 03:00:00,1025.3130059095515,19.25914501329798,62.8524768752874,321.3582156721609,125.35314108621283,7.799747534435257
2024-01-28 04:00:00,746.2222618890339,18.21282108266342,87.80901394574198,220.50596009298758,126.1604248129739,13.316371360368219
2024-01-28 05:00:00,578.694818251666,16.400922381422102,168.60122726856306,435.12795274523216,73.3673338082265,15.97176830109377
2024-01-28 06:00:00,1314.671960649972,6.958412883479262,330.9049878529345,285.7274973778118,171.30793249815716,13.054789694936614
2024-01-28 07:00:00,811.8436868028977,43.97692453937039,250.2170251792553,329.8300638797788,145.2223541918328,15.39223351606015
2024-01-28 08:00:00,802.7858583825893,107.00574033351114,229.43370408474576,405.63316496657046,127.11443440958763,24.930526175972382
2024-01-28 09:00:00,795.1749825779993,115.49829468475687,152.7210881228426,299.7368471446136,-83.31834349586181,7.7043462742570945
2024-01-28 10:00:00,839.6169521535711,266.70209045801954,376.11380180148575,216.9756968440147,-97.93661133410521,18.509120906728512
2024-01-28 11:00:00,771.1279176152115,39.90862762284444,188.95526443301708,312.17631410384405,-36.26581684135811,12.920019327712303
2024-01-28 12:00:00,685.2675986239527,208.54336621427814,80.48246837852002,483.33457480829105,99.05707817403568,7.660195978146575
2024-01-28 13:00:00,690.6282117519215,118.26323967050544,265.9732806412305,392.52031918956743,23.359246664763745,8.174735267486192
2024-01-28 14:00:00,793.4493459568004,115.61389602991598,89.8434377168105,401.44374460016206,20.72187778979352,23.98546212491234
2024-01-28 15:00:00,691.315045773247,166.84148051552597,170.82809998059224,389.68464609129194,165.37606646888412,22.592029934235242
2024-01-28 16:00:00,657.4308434645671,124.63850723838654,227.5941785512331,259.69764168783104,168.6688544395516,23.140839208300438
2024-01-28 17:00:00,821.2860455383793,111.51629929149614,355.9778836398115,325.50015923068406,172.75257921607573,24.83065551654773
2024-01-28 18:00:00,749.004556515829,3.8518286836237574,222.74130311904153,425.2819395089955,-5.836577045491809,9.166307800170358
2024-01-28 19:00:00,1100.7985977165376,3.1232894815249903,295.7905681110825,230.41186926594776,107.31674382177853,12.108786747281234
2024-01-28 20:00:00,269.80603832139764,21.730164513862235,397.4858936496746,283.3558328269137,-18.51004561768911,18.384380598497334
2024-01-28 21:00:00,1018.3013703844923,17.351607510192274,96.02119196429356,282.89573253975607,-42.817050077665066,14.676050797212945
2024-01-28 22:00:00,1049.2170384995259,8.224819996794176,146.15603393183184,329.6056782783518,-44.61026279578923,13.36779066756667
2024-01-28 23:00:00,385.3219535183701,2.382581069669598,188.10162645917623,494.1106222826555,2.6322862590782092,12.15622498671186
2024-01-29 00:00:00,731.4624811839302,2.5697474878929163,197.63986248859098,220.25076400514658,28.987285933946517,16.875612638869043
2024-01-29 01:00:00,725.7118268008417,26.825726239923547,193.85737634294102,355.6102983141785,149.28475131652053,16.51186857280164
2024-01-29 02:00:00,518.4976610564357,5.756019741562287,367.6638508947942,253.80940460366313,-64.03267195818637,8.229156681284802
2024-01-29 03:00:00,644.4366624818249,9.701146863465624,299.91142556339975,491.2029636229232,120.47775421846826,14.43479675036878
2024-01-29 04:00:00,577.8848309068343,6.799692066809641,262.7668249317463,233.99105141823927,59.436474256791605,16.069435524196997
2024-01-29 05:00:00,1150.4540886847244,10.649889174958119,158.28045125197374,321.08030070847735,-13.616397197202257,16.40573877462781
2024-01-29 06:00:00,987.1356786294922,2.082715282382801,338.3266344774531,421.36549545038184,47.845875359847376,9.202143858247036
2024-01-29 07:00:00,1054.3110189988317,58.3942264771804,384.2711790197461,411.3663284082336,-10.017379066893206,19.845427845045734
2024-01-29 08:00:00,944.334412808647,12.170261446598682,337.4193988925793,326.81859106817967,78.82458657149179,5.503981896421393
2024-01-29 09:00:00,574.1896457565542,186.08288806869908,50.54778681701551,303.9572503858155,30.15317685657326,12.096637110863252
2024-01-29 10:00:00,695.0959467440452,63.10226211581691,272.74047956419247,319.28371356586115,-50.67834127633638,20.604252970712672
2024-01-29 11:00:00,897.8749122455836,157.95348502181935,67.89738350473526,279.28287894759177,-65.02507763329099,16.277858421108046
2024-01-29 12:00:00,555.574438221611,264.0237262684375,140.16252711680264,261.59988161203995,64.00870462163904,10.223248650217204
2024-01-29 13:00:00,942.5996860344776,190.38163044630429,70.8336451217201,344.911909267667,170.72390998583103,18.899062386860955
2024-01-29 14:00:00,751.934920368373,143.8986023688605,261.3284085322857,280.5601268202822,3.1873059673056647,16.34781888312147
2024-01-29 15:00:00,725.0358384900806,75.40759759932483,290.3064697224124,286.23849946917505,119.90003216678696,20.924872189127743
2024-01-29 16:00:00,942.1919936406983,59.94034435047563,90.07067332306679,397.0268190423671,97.59840648193008,19.700503723796466
2024-01-29 17:00:00,888.852662297208,75.31728245979636,184.3436090657428,490.56119950996765,179.4664742928443,17.202158440724695
2024-01-29 18:00:00,727.806766836184,29.824180836635026,209.6827781344397,381.0911601678125,146.29430518974226,14.76355350621628
2024-01-29 19:00:00,1031.8659606728497,19.85517569548136,179.1685576163208,223.0938401194899,69.98157767163889,7.663642513350468
2024-01-29 20:00:00,583.7873344800205,16.733502521100746,92.35875016981757,222.6750841562201,97.1091494702322,10.226660357707676
2024-01-29 21:00:00,923.1871213888528,21.919515307177384,196.6317265656164,485.4269662536698,169.51593997521047,13.381989458341705
2024-01-29 22:00:00,918.6202515936768,13.956168368511545,312.91231673294635,289.18723709220006,19.85563537608044,16.985985740127774
2024-01-29 23:00:00,738.090712137202,1.8042702780235567,74.85268258663942,227.62009582474263,-1.9615882426667897,15.274157104306097
2024-01-30 00:00:00,865.2266044484236,16.868904476337296,78.0630049286662,379.71337614511447,-96.7566749094411,10.76369051919059
2024-01-30 01:00:00,549.7772847229394,28.728758535161404,174.16995214259447,387.0946334870798,147.96532225743928,5.129287155794211
2024-01-30 02:00:00,984.8054038413802,5.25908827072979,379.60399906662377,394.55144603560643,140.29421012100946,14.924784438016278
2024-01-30 03:00:00,763.0195727114021,20.700146724619973,284.0004263530199,280.2206083572624,-68.66364456995458,10.712519771244862
2024-01-30 04:00:00,695.4553958961922,6.028010659771695,287.5344848353977,204.5332052643425,73.05721433981007,19.692166014210702
2024-01-30 05:00:00,1009.8018451673779,16.07483053419244,176.67199679325273,489.50461083634156,39.19450945006622,5.478925305409669
2024-01-30 06:00:00,659.1312618914482,2.900293489401589,257.78127692298847,275.26791370733076,-64.38727134726656,16.696556226115817
2024-01-30 07:00:00,518.3077407272881,50.66673032904582,53.545914409710186,402.80788641576424,194.17046811821706,23.82948475012131
2024-01-30 08:00:00,488.67416529521927,136.10939920114427,272.63361624333976,411.9889609636129,-35.59123376099337,8.48818534222999
2024-01-30 09:00:00,921.2019902691279,80.81037938556334,369.6504316516829,383.00222512384573,-79.82974597283166,14.432989815011908
2024-01-30 10:00:00,543.9141295007435,179.52616561154886,264.4007139206867,293.87221826409444,78.45421385057287,6.828439836342763
2024-01-30 11:00:00,1150.9588363968728,232.6691135309958,355.79450771322075,281.32887612921974,121.6600031399098,17.513638245227053
2024-01-30 12:00:00,383.6141184232556,278.1533458438358,303.3905694131328,379.30048481081093,-90.26696618584391,16.01063361192451
2024-01-30 13:00:00,1139.2912736580076,68.63280894272016,92.19544574129159,459.82869008350747,97.61529161810665,13.147310484256646
2024-01-30 14:00:00,842.2034934405236,107.81529726851319,365.8586575500446,484.0201186770187,59.687562785436334,15.427540429474824
2024-01-30 15:00:00,780.6573776259215,35.43672309932205,73.2553455245212,231.77174132112728,-69.02049733748548,22.931493169380204
2024-01-30 16:00:00,691.0161826382101,178.64703038850755,236.8886153917173,246.44858377931595,-48.24283691609138,8.92588604622134
2024-01-30 17:00:00,879.8272228704142,104.2876088914832,99.74799332771018,483.4208776349239,70.39228919482416,5.451290234106945
2024-01-30 18:00:00,792.4730595150303,16.19871390841679,54.09731375581642,420.9605685004378,-11.092715946013488,22.23329769398202
2024-01-30 19:00:00,1020.6603764033043,25.26099883129264,197.71199104467365,464.8981474489319,181.49471859539483,16.54234164775813
2024-01-30 20:00:00,822.845529732408,15.628739318161266,153.2642476789547,260.78979024060294,145.62206884521524,22.81316910923685
2024-01-30 21:00:00,830.0603522923756,18.707570640082793,220.10017282916107,376.27576133282054,195.07016195409892,16.938904468263452
2024-01-30 22:00:00,727.2775575572289,2.6737329634804987,252.01996035709277,410.3418783252421,-22.098748314875806,21.20322179919405
2024-01-30 23:00:00,788.6108752557865,22.65811261490424,65.30867530813157,404.0335656340918,190.9170898393931,13.593467267102959
